--------------------------------------------------------
--  File created - duminică-septembrie-27-2015   
--------------------------------------------------------


drop table "REGIONS" cascade constraints;
drop table "COUNTRIES" cascade constraints;
drop table "CUSTOMERS" cascade constraints;
drop table "DEPARTMENTS" cascade constraints;
drop table "EMPLOYEES" cascade constraints;
drop table "JOB_HISTORY" cascade constraints;
drop table "JOBS" cascade constraints;
drop table "LOCATIONS" cascade constraints;
drop table "ORDER_ITEMS"cascade constraints;
drop table "ORDERS" cascade constraints;
drop table "PRODUCT_INFORMATION" cascade constraints;
DROP SEQUENCE   "DEPARTMENTS_SEQ";
DROP SEQUENCE   "EMPLOYEES_SEQ"; 
DROP SEQUENCE   "LOCATIONS_SEQ";



--------------------------------------------------------
--  DDL for Sequence DEPARTMENTS_SEQ
--------------------------------------------------------

   CREATE SEQUENCE   "DEPARTMENTS_SEQ"  MINVALUE 1 MAXVALUE 9990 INCREMENT BY 10 START WITH 280 NOCACHE  NOORDER  NOCYCLE ;
--------------------------------------------------------
--  DDL for Sequence EMPLOYEES_SEQ
--------------------------------------------------------

   CREATE SEQUENCE   "EMPLOYEES_SEQ"  MINVALUE 1 MAXVALUE 999999999999999999999999999 INCREMENT BY 1 START WITH 207 NOCACHE  NOORDER  NOCYCLE ;
--------------------------------------------------------
--  DDL for Sequence LOCATIONS_SEQ
--------------------------------------------------------

   CREATE SEQUENCE   "LOCATIONS_SEQ"  MINVALUE 1 MAXVALUE 9900 INCREMENT BY 100 START WITH 3300 NOCACHE  NOORDER  NOCYCLE ;
--------------------------------------------------------
--  DDL for Table COUNTRIES
--------------------------------------------------------

  CREATE TABLE  "COUNTRIES" 
   (	"COUNTRY_ID" CHAR(2), 
	"COUNTRY_NAME" VARCHAR2(40), 
	"REGION_ID" NUMBER, 
	 CONSTRAINT "COUNTRY_C_ID_PK" PRIMARY KEY ("COUNTRY_ID") ENABLE
   ) ORGANIZATION INDEX NOCOMPRESS ;
--------------------------------------------------------
--  DDL for Table CUSTOMERS
--------------------------------------------------------

  CREATE TABLE  "CUSTOMERS" 
   (	"CUSTOMER_ID" NUMBER(6,0), 
	"CUST_FIRST_NAME" VARCHAR2(20), 
	"CUST_LAST_NAME" VARCHAR2(20), 
	"ADDRESS" VARCHAR2(30), 
	"POSTAL_CODE" VARCHAR2(30), 
	"CITY" VARCHAR2(30), 
	"STATE" VARCHAR2(30), 
	"COUNTRY" VARCHAR2(30), 
	"PHONE_NUMBER" VARCHAR2(30), 
	"NLS_LANGUAGE" VARCHAR2(3), 
	"NLS_TERRITORY" VARCHAR2(30), 
	"CREDIT_LIMIT" NUMBER(9,2), 
	"CUST_EMAIL" VARCHAR2(30), 
	"ACCOUNT_MGR_ID" NUMBER(6,0), 
	"STATUS" VARCHAR2(30)
   ) ;
--------------------------------------------------------
--  DDL for Table DEPARTMENTS
--------------------------------------------------------

  CREATE TABLE  "DEPARTMENTS" 
   (	"DEPARTMENT_ID" NUMBER(4,0), 
	"DEPARTMENT_NAME" VARCHAR2(30), 
	"MANAGER_ID" NUMBER(6,0), 
	"LOCATION_ID" NUMBER(4,0)
   ) ;
--------------------------------------------------------
--  DDL for Table EMPLOYEES
--------------------------------------------------------

  CREATE TABLE  "EMPLOYEES" 
   (	"EMPLOYEE_ID" NUMBER(6,0), 
	"FIRST_NAME" VARCHAR2(20), 
	"LAST_NAME" VARCHAR2(25), 
	"EMAIL" VARCHAR2(25), 
	"PHONE_NUMBER" VARCHAR2(20), 
	"HIRE_DATE" DATE, 
	"JOB_ID" VARCHAR2(10), 
	"SALARY" NUMBER(8,2), 
	"COMMISSION_PCT" NUMBER(2,2), 
	"MANAGER_ID" NUMBER(6,0), 
	"DEPARTMENT_ID" NUMBER(4,0)
   ) ;
--------------------------------------------------------
--  DDL for Table JOB_HISTORY
--------------------------------------------------------

  CREATE TABLE  "JOB_HISTORY" 
   (	"EMPLOYEE_ID" NUMBER(6,0), 
	"START_DATE" DATE, 
	"END_DATE" DATE, 
	"JOB_ID" VARCHAR2(10), 
	"DEPARTMENT_ID" NUMBER(4,0)
   ) ;
--------------------------------------------------------
--  DDL for Table JOBS
--------------------------------------------------------

  CREATE TABLE  "JOBS" 
   (	"JOB_ID" VARCHAR2(10), 
	"JOB_TITLE" VARCHAR2(35), 
	"MIN_SALARY" NUMBER(6,0), 
	"MAX_SALARY" NUMBER(6,0)
   ) ;
--------------------------------------------------------
--  DDL for Table LOCATIONS
--------------------------------------------------------

  CREATE TABLE  "LOCATIONS" 
   (	"LOCATION_ID" NUMBER(4,0), 
	"STREET_ADDRESS" VARCHAR2(40), 
	"POSTAL_CODE" VARCHAR2(12), 
	"CITY" VARCHAR2(30), 
	"STATE_PROVINCE" VARCHAR2(25), 
	"COUNTRY_ID" CHAR(2)
   ) ;
--------------------------------------------------------
--  DDL for Table ORDER_ITEMS
--------------------------------------------------------

  CREATE TABLE  "ORDER_ITEMS" 
   (	"ORDER_ID" NUMBER(12,0), 
	"LINE_ITEM_ID" NUMBER(3,0), 
	"PRODUCT_ID" NUMBER(6,0), 
	"UNIT_PRICE" NUMBER(8,2), 
	"DISCOUNT_PRICE" NUMBER(8,2), 
	"QUANTITY" NUMBER(8,0)
   ) ;
--------------------------------------------------------
--  DDL for Table ORDERS
--------------------------------------------------------

  CREATE TABLE  "ORDERS" 
   (	"ORDER_ID" NUMBER(12,0), 
	"ORDER_DATE" DATE, 
	"ORDER_MODE" VARCHAR2(8), 
	"CUSTOMER_ID" NUMBER(6,0), 
	"ORDER_STATUS" NUMBER(2,0), 
	"ORDER_TOTAL" NUMBER(8,2), 
	"SALES_REP_ID" NUMBER(6,0), 
	"PROMOTION_ID" NUMBER(6,0)
   ) ;
--------------------------------------------------------
--  DDL for Table PRODUCT_INFORMATION
--------------------------------------------------------

  CREATE TABLE  "PRODUCT_INFORMATION" 
   (	"PRODUCT_ID" NUMBER(6,0), 
	"PRODUCT_NAME" VARCHAR2(50), 
	"PRODUCT_DESCRIPTION" VARCHAR2(2000), 
	"CATEGORY_ID" NUMBER(2,0), 
	"WEIGHT_CLASS" NUMBER(1,0), 
	"SUPPLIER_ID" NUMBER(6,0), 
	"PRODUCT_STATUS" VARCHAR2(20), 
	"LIST_PRICE" NUMBER(8,2), 
	"MIN_PRICE" NUMBER(8,2), 
	"CATALOG_URL" VARCHAR2(50)
   ) ;
--------------------------------------------------------
--  DDL for Table REGIONS
--------------------------------------------------------

  CREATE TABLE  "REGIONS" 
   (	"REGION_ID" NUMBER, 
	"REGION_NAME" VARCHAR2(25)
   ) ;
--------------------------------------------------------
--  DDL for View EMP_DETAILS_VIEW
--------------------------------------------------------

  CREATE OR REPLACE FORCE VIEW  "EMP_DETAILS_VIEW" ("EMPLOYEE_ID", "JOB_ID", "MANAGER_ID", "DEPARTMENT_ID", "LOCATION_ID", "COUNTRY_ID", "FIRST_NAME", "LAST_NAME", "SALARY", "COMMISSION_PCT", "DEPARTMENT_NAME", "JOB_TITLE", "CITY", "STATE_PROVINCE", "COUNTRY_NAME", "REGION_NAME") AS 
  SELECT
  e.employee_id, 
  e.job_id, 
  e.manager_id, 
  e.department_id,
  d.location_id,
  l.country_id,
  e.first_name,
  e.last_name,
  e.salary,
  e.commission_pct,
  d.department_name,
  j.job_title,
  l.city,
  l.state_province,
  c.country_name,
  r.region_name
FROM
  employees e,
  departments d,
  jobs j,
  locations l,
  countries c,
  regions r
WHERE e.department_id = d.department_id
  AND d.location_id = l.location_id
  AND l.country_id = c.country_id
  AND c.region_id = r.region_id
  AND j.job_id = e.job_id 
WITH READ ONLY;
REM INSERTING into  COUNTRIES
SET DEFINE OFF;
Insert into  COUNTRIES (COUNTRY_ID,COUNTRY_NAME,REGION_ID) values ('AR','Argentina',2);
Insert into  COUNTRIES (COUNTRY_ID,COUNTRY_NAME,REGION_ID) values ('AU','Australia',3);
Insert into  COUNTRIES (COUNTRY_ID,COUNTRY_NAME,REGION_ID) values ('BE','Belgium',1);
Insert into  COUNTRIES (COUNTRY_ID,COUNTRY_NAME,REGION_ID) values ('BR','Brazil',2);
Insert into  COUNTRIES (COUNTRY_ID,COUNTRY_NAME,REGION_ID) values ('CA','Canada',2);
Insert into  COUNTRIES (COUNTRY_ID,COUNTRY_NAME,REGION_ID) values ('CH','Switzerland',1);
Insert into  COUNTRIES (COUNTRY_ID,COUNTRY_NAME,REGION_ID) values ('CN','China',3);
Insert into  COUNTRIES (COUNTRY_ID,COUNTRY_NAME,REGION_ID) values ('DE','Germany',1);
Insert into  COUNTRIES (COUNTRY_ID,COUNTRY_NAME,REGION_ID) values ('DK','Denmark',1);
Insert into  COUNTRIES (COUNTRY_ID,COUNTRY_NAME,REGION_ID) values ('EG','Egypt',4);
Insert into  COUNTRIES (COUNTRY_ID,COUNTRY_NAME,REGION_ID) values ('FR','France',1);
Insert into  COUNTRIES (COUNTRY_ID,COUNTRY_NAME,REGION_ID) values ('HK','HongKong',3);
Insert into  COUNTRIES (COUNTRY_ID,COUNTRY_NAME,REGION_ID) values ('IL','Israel',4);
Insert into  COUNTRIES (COUNTRY_ID,COUNTRY_NAME,REGION_ID) values ('IN','India',3);
Insert into  COUNTRIES (COUNTRY_ID,COUNTRY_NAME,REGION_ID) values ('IT','Italy',1);
Insert into  COUNTRIES (COUNTRY_ID,COUNTRY_NAME,REGION_ID) values ('JP','Japan',3);
Insert into  COUNTRIES (COUNTRY_ID,COUNTRY_NAME,REGION_ID) values ('KW','Kuwait',4);
Insert into  COUNTRIES (COUNTRY_ID,COUNTRY_NAME,REGION_ID) values ('MX','Mexico',2);
Insert into  COUNTRIES (COUNTRY_ID,COUNTRY_NAME,REGION_ID) values ('NG','Nigeria',4);
Insert into  COUNTRIES (COUNTRY_ID,COUNTRY_NAME,REGION_ID) values ('NL','Netherlands',1);
Insert into  COUNTRIES (COUNTRY_ID,COUNTRY_NAME,REGION_ID) values ('SG','Singapore',3);
Insert into  COUNTRIES (COUNTRY_ID,COUNTRY_NAME,REGION_ID) values ('UK','United Kingdom',1);
Insert into  COUNTRIES (COUNTRY_ID,COUNTRY_NAME,REGION_ID) values ('US','United States of America',2);
Insert into  COUNTRIES (COUNTRY_ID,COUNTRY_NAME,REGION_ID) values ('ZM','Zambia',4);
Insert into  COUNTRIES (COUNTRY_ID,COUNTRY_NAME,REGION_ID) values ('ZW','Zimbabwe',4);
commit;
REM INSERTING into  CUSTOMERS
SET DEFINE OFF;
Insert into  CUSTOMERS (CUSTOMER_ID,CUST_FIRST_NAME,CUST_LAST_NAME,ADDRESS,POSTAL_CODE,CITY,STATE,COUNTRY,PHONE_NUMBER,NLS_LANGUAGE,NLS_TERRITORY,CREDIT_LIMIT,CUST_EMAIL,ACCOUNT_MGR_ID,STATUS) values (155,'Frederico','Romero','600 N Broadway Fl 1','53202','Milwaukee','WI','US','+1 414 123 4347','us','AMERICA',70000,'Frederico.Romero@CURLEW.COM',145,'Platinum');
Insert into  CUSTOMERS (CUSTOMER_ID,CUST_FIRST_NAME,CUST_LAST_NAME,ADDRESS,POSTAL_CODE,CITY,STATE,COUNTRY,PHONE_NUMBER,NLS_LANGUAGE,NLS_TERRITORY,CREDIT_LIMIT,CUST_EMAIL,ACCOUNT_MGR_ID,STATUS) values (156,'Goldie','Montand','5235 N Ironwood Ln','53217','Milwaukee','WI','US','+1 414 123 4348','us','AMERICA',70000,'Goldie.Montand@DIPPER.COM',149,'gold');
Insert into  CUSTOMERS (CUSTOMER_ID,CUST_FIRST_NAME,CUST_LAST_NAME,ADDRESS,POSTAL_CODE,CITY,STATE,COUNTRY,PHONE_NUMBER,NLS_LANGUAGE,NLS_TERRITORY,CREDIT_LIMIT,CUST_EMAIL,ACCOUNT_MGR_ID,STATUS) values (157,'Sidney','Capshaw','322 E Michigan St','53202','Milwaukee','WI','US','+1 414 123 4350','us','AMERICA',70000,'Sidney.Capshaw@DUNLIN.COM',149,'Silver');
Insert into  CUSTOMERS (CUSTOMER_ID,CUST_FIRST_NAME,CUST_LAST_NAME,ADDRESS,POSTAL_CODE,CITY,STATE,COUNTRY,PHONE_NUMBER,NLS_LANGUAGE,NLS_TERRITORY,CREDIT_LIMIT,CUST_EMAIL,ACCOUNT_MGR_ID,STATUS) values (158,'Frederico','Lyon','1400 Bellinger St Fl 4','54703','Eau Claire','WI','US','+1 745 123 4367','us','AMERICA',70000,'Frederico.Lyon@FLICKER.COM',149,'Silver');
Insert into  CUSTOMERS (CUSTOMER_ID,CUST_FIRST_NAME,CUST_LAST_NAME,ADDRESS,POSTAL_CODE,CITY,STATE,COUNTRY,PHONE_NUMBER,NLS_LANGUAGE,NLS_TERRITORY,CREDIT_LIMIT,CUST_EMAIL,ACCOUNT_MGR_ID,STATUS) values (159,'Eddie','Boyer','411 E Wisconsin Ave # 2550','53202','Milwaukee','WI','US','+1 414 123 4369','us','AMERICA',70000,'Eddie.Boyer@GALLINULE.COM',null,'Silver');
Insert into  CUSTOMERS (CUSTOMER_ID,CUST_FIRST_NAME,CUST_LAST_NAME,ADDRESS,POSTAL_CODE,CITY,STATE,COUNTRY,PHONE_NUMBER,NLS_LANGUAGE,NLS_TERRITORY,CREDIT_LIMIT,CUST_EMAIL,ACCOUNT_MGR_ID,STATUS) values (160,'Eddie','Stern','808 3Rd St # 100','54403','Wausau','WI','US','+1 715 123 4372','us','AMERICA',70000,'Eddie.Stern@GODWIT.COM',149,'Platinum');
Insert into  CUSTOMERS (CUSTOMER_ID,CUST_FIRST_NAME,CUST_LAST_NAME,ADDRESS,POSTAL_CODE,CITY,STATE,COUNTRY,PHONE_NUMBER,NLS_LANGUAGE,NLS_TERRITORY,CREDIT_LIMIT,CUST_EMAIL,ACCOUNT_MGR_ID,STATUS) values (161,'Ernest','Weaver','300 Crooks St','54301','Green Bay','WI','US','+1 414 123 4373','us','AMERICA',90000,'Ernest.Weaver@GROSBEAK.COM',149,'Silver');
Insert into  CUSTOMERS (CUSTOMER_ID,CUST_FIRST_NAME,CUST_LAST_NAME,ADDRESS,POSTAL_CODE,CITY,STATE,COUNTRY,PHONE_NUMBER,NLS_LANGUAGE,NLS_TERRITORY,CREDIT_LIMIT,CUST_EMAIL,ACCOUNT_MGR_ID,STATUS) values (162,'Ernest','George','122 E Dayton St','53703','Madison','WI','US','+1 608 123 4374','us','AMERICA',90000,'Ernest.George@LAPWING.COM',149,'Silver');
Insert into  CUSTOMERS (CUSTOMER_ID,CUST_FIRST_NAME,CUST_LAST_NAME,ADDRESS,POSTAL_CODE,CITY,STATE,COUNTRY,PHONE_NUMBER,NLS_LANGUAGE,NLS_TERRITORY,CREDIT_LIMIT,CUST_EMAIL,ACCOUNT_MGR_ID,STATUS) values (163,'Ernest','Chandar','633 S Hawley Rd','53214','Milwaukee','WI','US','+1 414 123 4376','us','AMERICA',90000,'Ernest.Chandar@LIMPKIN.COM',149,'Silver');
Insert into  CUSTOMERS (CUSTOMER_ID,CUST_FIRST_NAME,CUST_LAST_NAME,ADDRESS,POSTAL_CODE,CITY,STATE,COUNTRY,PHONE_NUMBER,NLS_LANGUAGE,NLS_TERRITORY,CREDIT_LIMIT,CUST_EMAIL,ACCOUNT_MGR_ID,STATUS) values (164,'Charlotte','Kazan','2122 Campbell Rd','54601','La Crosse','WI','US','+1 608 123 4378','us','AMERICA',120000,'Charlotte.Kazan@MERGANSER.COM',149,'gold');
Insert into  CUSTOMERS (CUSTOMER_ID,CUST_FIRST_NAME,CUST_LAST_NAME,ADDRESS,POSTAL_CODE,CITY,STATE,COUNTRY,PHONE_NUMBER,NLS_LANGUAGE,NLS_TERRITORY,CREDIT_LIMIT,CUST_EMAIL,ACCOUNT_MGR_ID,STATUS) values (165,'Charlotte','Fonda','3324 N Oakland Ave','53211','Milwaukee','WI','US','+1 414 123 4381','us','AMERICA',120000,'Charlotte.Fonda@MOORHEN.COM',149,'Platinum');
Insert into  CUSTOMERS (CUSTOMER_ID,CUST_FIRST_NAME,CUST_LAST_NAME,ADDRESS,POSTAL_CODE,CITY,STATE,COUNTRY,PHONE_NUMBER,NLS_LANGUAGE,NLS_TERRITORY,CREDIT_LIMIT,CUST_EMAIL,ACCOUNT_MGR_ID,STATUS) values (166,'Dheeraj','Alexander','666 22Nd Ave Ne','55418','Minneapolis','MN','US','+1 612 123 4397','us','AMERICA',120000,'Dheeraj.Alexander@NUTHATCH.COM',149,'Silver');
Insert into  CUSTOMERS (CUSTOMER_ID,CUST_FIRST_NAME,CUST_LAST_NAME,ADDRESS,POSTAL_CODE,CITY,STATE,COUNTRY,PHONE_NUMBER,NLS_LANGUAGE,NLS_TERRITORY,CREDIT_LIMIT,CUST_EMAIL,ACCOUNT_MGR_ID,STATUS) values (167,'Gerard','Hershey','1501 Lowry Ave N','55411','Minneapolis','MN','US','+1 612 123 4399','us','AMERICA',120000,'Gerard.Hershey@PARULA.COM',null,'Silver');
Insert into  CUSTOMERS (CUSTOMER_ID,CUST_FIRST_NAME,CUST_LAST_NAME,ADDRESS,POSTAL_CODE,CITY,STATE,COUNTRY,PHONE_NUMBER,NLS_LANGUAGE,NLS_TERRITORY,CREDIT_LIMIT,CUST_EMAIL,ACCOUNT_MGR_ID,STATUS) values (168,'Hema','Voight','113 N 1St St','55401','Minneapolis','MN','US','+1 612 123 4408','us','AMERICA',120000,'Hema.Voight@PHALAROPE.COM',145,'gold');
Insert into  CUSTOMERS (CUSTOMER_ID,CUST_FIRST_NAME,CUST_LAST_NAME,ADDRESS,POSTAL_CODE,CITY,STATE,COUNTRY,PHONE_NUMBER,NLS_LANGUAGE,NLS_TERRITORY,CREDIT_LIMIT,CUST_EMAIL,ACCOUNT_MGR_ID,STATUS) values (169,'Dheeraj','Davis','4200 Yosemite Ave S','55416','Minneapolis','MN','US','+1 612 123 4417','us','AMERICA',120000,'Dheeraj.Davis@PIPIT.COM',null,'Silver');
Insert into  CUSTOMERS (CUSTOMER_ID,CUST_FIRST_NAME,CUST_LAST_NAME,ADDRESS,POSTAL_CODE,CITY,STATE,COUNTRY,PHONE_NUMBER,NLS_LANGUAGE,NLS_TERRITORY,CREDIT_LIMIT,CUST_EMAIL,ACCOUNT_MGR_ID,STATUS) values (170,'Harry Dean','Fonda','2800 Chicago Ave # 100','55407','Minneapolis','MN','US','+1 612 123 4419','us','AMERICA',120000,'HarryDean.Fonda@PLOVER.COM',149,'Platinum');
Insert into  CUSTOMERS (CUSTOMER_ID,CUST_FIRST_NAME,CUST_LAST_NAME,ADDRESS,POSTAL_CODE,CITY,STATE,COUNTRY,PHONE_NUMBER,NLS_LANGUAGE,NLS_TERRITORY,CREDIT_LIMIT,CUST_EMAIL,ACCOUNT_MGR_ID,STATUS) values (171,'Hema','Powell','200 1St St Sw','55905','Rochester','MN','US','+1 507 123 4421','us','AMERICA',120000,'Hema.Powell@SANDERLING.COM',145,'Silver');
Insert into  CUSTOMERS (CUSTOMER_ID,CUST_FIRST_NAME,CUST_LAST_NAME,ADDRESS,POSTAL_CODE,CITY,STATE,COUNTRY,PHONE_NUMBER,NLS_LANGUAGE,NLS_TERRITORY,CREDIT_LIMIT,CUST_EMAIL,ACCOUNT_MGR_ID,STATUS) values (172,'Harry Mean','Peckinpah','314 W Superior St # 1015','55802','Duluth','MN','US','+1 218 123 4429','us','AMERICA',120000,'HarryMean.Peckinpah@VERDIN.COM',149,'gold');
Insert into  CUSTOMERS (CUSTOMER_ID,CUST_FIRST_NAME,CUST_LAST_NAME,ADDRESS,POSTAL_CODE,CITY,STATE,COUNTRY,PHONE_NUMBER,NLS_LANGUAGE,NLS_TERRITORY,CREDIT_LIMIT,CUST_EMAIL,ACCOUNT_MGR_ID,STATUS) values (173,'Kathleen','Walken','1409 Willow St # 600','55403','Minneapolis','MN','US','+1 612 123 4434','us','AMERICA',120000,'Kathleen.Walken@VIREO.COM',149,'Silver');
Insert into  CUSTOMERS (CUSTOMER_ID,CUST_FIRST_NAME,CUST_LAST_NAME,ADDRESS,POSTAL_CODE,CITY,STATE,COUNTRY,PHONE_NUMBER,NLS_LANGUAGE,NLS_TERRITORY,CREDIT_LIMIT,CUST_EMAIL,ACCOUNT_MGR_ID,STATUS) values (174,'Blake','Seignier','2720 Brewerton Rd','13211','Syracuse','NY','US','+1 315 123 4442','us','AMERICA',120000,'Blake.Seignier@GALLINULE.COM',149,'Silver');
Insert into  CUSTOMERS (CUSTOMER_ID,CUST_FIRST_NAME,CUST_LAST_NAME,ADDRESS,POSTAL_CODE,CITY,STATE,COUNTRY,PHONE_NUMBER,NLS_LANGUAGE,NLS_TERRITORY,CREDIT_LIMIT,CUST_EMAIL,ACCOUNT_MGR_ID,STATUS) values (175,'Claude','Powell','2134 W Genesee St','13219','Syracuse','NY','US','+1 315 123 4447','us','AMERICA',120000,'Claude.Powell@GODWIT.COM',null,'Platinum');
Insert into  CUSTOMERS (CUSTOMER_ID,CUST_FIRST_NAME,CUST_LAST_NAME,ADDRESS,POSTAL_CODE,CITY,STATE,COUNTRY,PHONE_NUMBER,NLS_LANGUAGE,NLS_TERRITORY,CREDIT_LIMIT,CUST_EMAIL,ACCOUNT_MGR_ID,STATUS) values (176,'Faye','Glenn','1522 Main St','14305','Niagara Falls','NY','US','+1 716 123 4457','us','AMERICA',120000,'Faye.Glenn@GREBE.COM',149,'gold');
Insert into  CUSTOMERS (CUSTOMER_ID,CUST_FIRST_NAME,CUST_LAST_NAME,ADDRESS,POSTAL_CODE,CITY,STATE,COUNTRY,PHONE_NUMBER,NLS_LANGUAGE,NLS_TERRITORY,CREDIT_LIMIT,CUST_EMAIL,ACCOUNT_MGR_ID,STATUS) values (177,'Gerhard','Seignier','49 N Pine Ave','12203','Albany','NY','US','+1 518 123 4459','us','AMERICA',120000,'Gerhard.Seignier@JACANA.COM',149,'Silver');
Insert into  CUSTOMERS (CUSTOMER_ID,CUST_FIRST_NAME,CUST_LAST_NAME,ADDRESS,POSTAL_CODE,CITY,STATE,COUNTRY,PHONE_NUMBER,NLS_LANGUAGE,NLS_TERRITORY,CREDIT_LIMIT,CUST_EMAIL,ACCOUNT_MGR_ID,STATUS) values (178,'Grace','Belushi','726 Union St','12534','Hudson','NY','US','+1 518 123 4464','us','AMERICA',120000,'Grace.Belushi@KILLDEER.COM',null,'Silver');
Insert into  CUSTOMERS (CUSTOMER_ID,CUST_FIRST_NAME,CUST_LAST_NAME,ADDRESS,POSTAL_CODE,CITY,STATE,COUNTRY,PHONE_NUMBER,NLS_LANGUAGE,NLS_TERRITORY,CREDIT_LIMIT,CUST_EMAIL,ACCOUNT_MGR_ID,STATUS) values (179,'Harry dean','Forrest','137 Lark St','12210','Albany','NY','US','+1 518 123 4474','us','AMERICA',120000,'Harrydean.Forrest@KISKADEE.COM',149,'Silver');
Insert into  CUSTOMERS (CUSTOMER_ID,CUST_FIRST_NAME,CUST_LAST_NAME,ADDRESS,POSTAL_CODE,CITY,STATE,COUNTRY,PHONE_NUMBER,NLS_LANGUAGE,NLS_TERRITORY,CREDIT_LIMIT,CUST_EMAIL,ACCOUNT_MGR_ID,STATUS) values (180,'Harry dean','Cage','33 Fulton St','12601','Poughkeepsie','NY','US','+1 914 123 4494','us','AMERICA',120000,'Harrydean.Cage@LAPWING.COM',149,'Platinum');
Insert into  CUSTOMERS (CUSTOMER_ID,CUST_FIRST_NAME,CUST_LAST_NAME,ADDRESS,POSTAL_CODE,CITY,STATE,COUNTRY,PHONE_NUMBER,NLS_LANGUAGE,NLS_TERRITORY,CREDIT_LIMIT,CUST_EMAIL,ACCOUNT_MGR_ID,STATUS) values (181,'Lauren','Hershey','2360 Maxon Rd','12308','Schenectady','NY','US','+1 518 123 4496','us','AMERICA',120000,'Lauren.Hershey@LIMPKIN.COM',149,'Silver');
Insert into  CUSTOMERS (CUSTOMER_ID,CUST_FIRST_NAME,CUST_LAST_NAME,ADDRESS,POSTAL_CODE,CITY,STATE,COUNTRY,PHONE_NUMBER,NLS_LANGUAGE,NLS_TERRITORY,CREDIT_LIMIT,CUST_EMAIL,ACCOUNT_MGR_ID,STATUS) values (182,'Lauren','Dench','85 High St','14203','Buffalo','NY','US','+1 716 123 4575','us','AMERICA',120000,'Lauren.Dench@LONGSPUR.COM',149,'Silver');
Insert into  CUSTOMERS (CUSTOMER_ID,CUST_FIRST_NAME,CUST_LAST_NAME,ADDRESS,POSTAL_CODE,CITY,STATE,COUNTRY,PHONE_NUMBER,NLS_LANGUAGE,NLS_TERRITORY,CREDIT_LIMIT,CUST_EMAIL,ACCOUNT_MGR_ID,STATUS) values (183,'Lauren','Altman','1 Palisade Ave Fl 2','10701','Yonkers','NY','US','+1 914 123 4578','us','AMERICA',120000,'Lauren.Altman@MERGANSER.COM',145,'Silver');
Insert into  CUSTOMERS (CUSTOMER_ID,CUST_FIRST_NAME,CUST_LAST_NAME,ADDRESS,POSTAL_CODE,CITY,STATE,COUNTRY,PHONE_NUMBER,NLS_LANGUAGE,NLS_TERRITORY,CREDIT_LIMIT,CUST_EMAIL,ACCOUNT_MGR_ID,STATUS) values (184,'Mary Beth','Roberts','500 S Salina St # 500','13202','Syracuse','NY','US','+1 315 123 4597','us','AMERICA',120000,'MaryBeth.Roberts@NUTHATCH.COM',null,'gold');
Insert into  CUSTOMERS (CUSTOMER_ID,CUST_FIRST_NAME,CUST_LAST_NAME,ADDRESS,POSTAL_CODE,CITY,STATE,COUNTRY,PHONE_NUMBER,NLS_LANGUAGE,NLS_TERRITORY,CREDIT_LIMIT,CUST_EMAIL,ACCOUNT_MGR_ID,STATUS) values (185,'Matthew','Wright','33 Pine St','14094','Lockport','NY','US','+1 716 123 4599','us','AMERICA',120000,'Matthew.Wright@OVENBIRD.COM',null,'Platinum');
Insert into  CUSTOMERS (CUSTOMER_ID,CUST_FIRST_NAME,CUST_LAST_NAME,ADDRESS,POSTAL_CODE,CITY,STATE,COUNTRY,PHONE_NUMBER,NLS_LANGUAGE,NLS_TERRITORY,CREDIT_LIMIT,CUST_EMAIL,ACCOUNT_MGR_ID,STATUS) values (186,'Meena','Alexander','Po Box 2152','14240','Buffalo','NY','US','+1 716 123 4605','us','AMERICA',120000,'Meena.Alexander@PARULA.COM',149,'Silver');
Insert into  CUSTOMERS (CUSTOMER_ID,CUST_FIRST_NAME,CUST_LAST_NAME,ADDRESS,POSTAL_CODE,CITY,STATE,COUNTRY,PHONE_NUMBER,NLS_LANGUAGE,NLS_TERRITORY,CREDIT_LIMIT,CUST_EMAIL,ACCOUNT_MGR_ID,STATUS) values (187,'Grace','Dvrrie','2979 Hamburg St','12303','Schenectady','NY','US','+1 518 123 4617','us','AMERICA',120000,'Grace.Dvrrie@PHOEBE.COM',null,'Silver');
Insert into  CUSTOMERS (CUSTOMER_ID,CUST_FIRST_NAME,CUST_LAST_NAME,ADDRESS,POSTAL_CODE,CITY,STATE,COUNTRY,PHONE_NUMBER,NLS_LANGUAGE,NLS_TERRITORY,CREDIT_LIMIT,CUST_EMAIL,ACCOUNT_MGR_ID,STATUS) values (188,'Charlotte','Buckley','1790 Grand Blvd','12309','Schenectady','NY','US','+1 518 123 4618','us','AMERICA',120000,'Charlotte.Buckley@PINTAIL.COM',null,'gold');
Insert into  CUSTOMERS (CUSTOMER_ID,CUST_FIRST_NAME,CUST_LAST_NAME,ADDRESS,POSTAL_CODE,CITY,STATE,COUNTRY,PHONE_NUMBER,NLS_LANGUAGE,NLS_TERRITORY,CREDIT_LIMIT,CUST_EMAIL,ACCOUNT_MGR_ID,STATUS) values (189,'Gena','Harris','7 Ingelside Ln','10605','White Plains','NY','US','+1 914 123 4619','us','AMERICA',120000,'Gena.Harris@PIPIT.COM',149,'Silver');
Insert into  CUSTOMERS (CUSTOMER_ID,CUST_FIRST_NAME,CUST_LAST_NAME,ADDRESS,POSTAL_CODE,CITY,STATE,COUNTRY,PHONE_NUMBER,NLS_LANGUAGE,NLS_TERRITORY,CREDIT_LIMIT,CUST_EMAIL,ACCOUNT_MGR_ID,STATUS) values (190,'Gena','Curtis','18 Glenridge Rd','12302','Schenectady','NY','US','+1 518 123 4624','us','AMERICA',120000,'Gena.Curtis@PLOVER.COM',149,'Platinum');
Insert into  CUSTOMERS (CUSTOMER_ID,CUST_FIRST_NAME,CUST_LAST_NAME,ADDRESS,POSTAL_CODE,CITY,STATE,COUNTRY,PHONE_NUMBER,NLS_LANGUAGE,NLS_TERRITORY,CREDIT_LIMIT,CUST_EMAIL,ACCOUNT_MGR_ID,STATUS) values (191,'Maureen','Sanders','6432 Rising Sun Ave','19111','Philadelphia','PA','US','+1 215 123 4644','us','AMERICA',120000,'Maureen.Sanders@PUFFIN.COM',149,'Silver');
Insert into  CUSTOMERS (CUSTOMER_ID,CUST_FIRST_NAME,CUST_LAST_NAME,ADDRESS,POSTAL_CODE,CITY,STATE,COUNTRY,PHONE_NUMBER,NLS_LANGUAGE,NLS_TERRITORY,CREDIT_LIMIT,CUST_EMAIL,ACCOUNT_MGR_ID,STATUS) values (192,'Sean','Stockwell','Rr 10','19606','Reading','PA','US','+1 610 123 4657','us','AMERICA',120000,'Sean.Stockwell@PYRRHULOXIA.COM',149,'gold');
Insert into  CUSTOMERS (CUSTOMER_ID,CUST_FIRST_NAME,CUST_LAST_NAME,ADDRESS,POSTAL_CODE,CITY,STATE,COUNTRY,PHONE_NUMBER,NLS_LANGUAGE,NLS_TERRITORY,CREDIT_LIMIT,CUST_EMAIL,ACCOUNT_MGR_ID,STATUS) values (193,'Harry dean','Kinski','2455 Rose Garden Rd','15220','Pittsburgh','PA','US','+1 412 123 4662','us','AMERICA',120000,'Harrydean.Kinski@REDPOLL.COM',149,'Silver');
Insert into  CUSTOMERS (CUSTOMER_ID,CUST_FIRST_NAME,CUST_LAST_NAME,ADDRESS,POSTAL_CODE,CITY,STATE,COUNTRY,PHONE_NUMBER,NLS_LANGUAGE,NLS_TERRITORY,CREDIT_LIMIT,CUST_EMAIL,ACCOUNT_MGR_ID,STATUS) values (194,'Kathleen','Garcia','1812 Timberline Rd','16601','Altoona','PA','US','+1 814 123 4663','us','AMERICA',120000,'Kathleen.Garcia@REDSTART.COM',149,'Silver');
Insert into  CUSTOMERS (CUSTOMER_ID,CUST_FIRST_NAME,CUST_LAST_NAME,ADDRESS,POSTAL_CODE,CITY,STATE,COUNTRY,PHONE_NUMBER,NLS_LANGUAGE,NLS_TERRITORY,CREDIT_LIMIT,CUST_EMAIL,ACCOUNT_MGR_ID,STATUS) values (195,'Sean','Olin','141 Schiller St','19601','Reading','PA','US','+1 610 123 4664','us','AMERICA',120000,'Sean.Olin@SCAUP.COM',149,'Platinum');
Insert into  CUSTOMERS (CUSTOMER_ID,CUST_FIRST_NAME,CUST_LAST_NAME,ADDRESS,POSTAL_CODE,CITY,STATE,COUNTRY,PHONE_NUMBER,NLS_LANGUAGE,NLS_TERRITORY,CREDIT_LIMIT,CUST_EMAIL,ACCOUNT_MGR_ID,STATUS) values (196,'Gerard','Dench','1126 Pawlings Rd','19403','Norristown','PA','US','+1 610 123 4667','us','AMERICA',120000,'Gerard.Dench@SCOTER.COM',149,'gold');
Insert into  CUSTOMERS (CUSTOMER_ID,CUST_FIRST_NAME,CUST_LAST_NAME,ADDRESS,POSTAL_CODE,CITY,STATE,COUNTRY,PHONE_NUMBER,NLS_LANGUAGE,NLS_TERRITORY,CREDIT_LIMIT,CUST_EMAIL,ACCOUNT_MGR_ID,STATUS) values (197,'Gerard','Altman','55 Church Hill Rd','19606','Reading','PA','US','+1 610 123 4669','us','AMERICA',120000,'Gerard.Altman@SHRIKE.COM',145,'Silver');
Insert into  CUSTOMERS (CUSTOMER_ID,CUST_FIRST_NAME,CUST_LAST_NAME,ADDRESS,POSTAL_CODE,CITY,STATE,COUNTRY,PHONE_NUMBER,NLS_LANGUAGE,NLS_TERRITORY,CREDIT_LIMIT,CUST_EMAIL,ACCOUNT_MGR_ID,STATUS) values (198,'Maureen','de Funes','354 N Prince St','17603','Lancaster','PA','US','+1 717 123 4674','us','AMERICA',120000,'Maureen.deFunes@SISKIN.COM',149,'Silver');
Insert into  CUSTOMERS (CUSTOMER_ID,CUST_FIRST_NAME,CUST_LAST_NAME,ADDRESS,POSTAL_CODE,CITY,STATE,COUNTRY,PHONE_NUMBER,NLS_LANGUAGE,NLS_TERRITORY,CREDIT_LIMIT,CUST_EMAIL,ACCOUNT_MGR_ID,STATUS) values (199,'Clint','Chapman','115 Chestnut St','19106','Philadelphia','PA','US','+1 215 123 4676','us','AMERICA',140000,'Clint.Chapman@SNIPE.COM',145,'Silver');
Insert into  CUSTOMERS (CUSTOMER_ID,CUST_FIRST_NAME,CUST_LAST_NAME,ADDRESS,POSTAL_CODE,CITY,STATE,COUNTRY,PHONE_NUMBER,NLS_LANGUAGE,NLS_TERRITORY,CREDIT_LIMIT,CUST_EMAIL,ACCOUNT_MGR_ID,STATUS) values (200,'Clint','Gielgud','2899 Grand Ave','15225','Pittsburgh','PA','US','+1 412 123 4681','us','AMERICA',140000,'Clint.Gielgud@STILT.COM',149,'Platinum');
Insert into  CUSTOMERS (CUSTOMER_ID,CUST_FIRST_NAME,CUST_LAST_NAME,ADDRESS,POSTAL_CODE,CITY,STATE,COUNTRY,PHONE_NUMBER,NLS_LANGUAGE,NLS_TERRITORY,CREDIT_LIMIT,CUST_EMAIL,ACCOUNT_MGR_ID,STATUS) values (201,'Eric','Prashant','Po Box 39','15701','Indiana','PA','US','+1 412 123 4684','us','AMERICA',140000,'Eric.Prashant@TATTLER.COM',149,'Silver');
Insert into  CUSTOMERS (CUSTOMER_ID,CUST_FIRST_NAME,CUST_LAST_NAME,ADDRESS,POSTAL_CODE,CITY,STATE,COUNTRY,PHONE_NUMBER,NLS_LANGUAGE,NLS_TERRITORY,CREDIT_LIMIT,CUST_EMAIL,ACCOUNT_MGR_ID,STATUS) values (202,'Ingrid','Welles','1604 Broadway Ave','15216','Pittsburgh','PA','US','+1 412 123 4688','us','AMERICA',140000,'Ingrid.Welles@TEAL.COM',149,'Silver');
Insert into  CUSTOMERS (CUSTOMER_ID,CUST_FIRST_NAME,CUST_LAST_NAME,ADDRESS,POSTAL_CODE,CITY,STATE,COUNTRY,PHONE_NUMBER,NLS_LANGUAGE,NLS_TERRITORY,CREDIT_LIMIT,CUST_EMAIL,ACCOUNT_MGR_ID,STATUS) values (203,'Ingrid','Rampling','4734 Liberty Ave','15224','Pittsburgh','PA','US','+1 412 123 4691','us','AMERICA',140000,'Ingrid.Rampling@WIGEON.COM',145,'Silver');
Insert into  CUSTOMERS (CUSTOMER_ID,CUST_FIRST_NAME,CUST_LAST_NAME,ADDRESS,POSTAL_CODE,CITY,STATE,COUNTRY,PHONE_NUMBER,NLS_LANGUAGE,NLS_TERRITORY,CREDIT_LIMIT,CUST_EMAIL,ACCOUNT_MGR_ID,STATUS) values (204,'Cliff','Puri','21 Thornwood Rd','17112','Harrisburg','PA','US','+1 717 123 4692','us','AMERICA',140000,'Cliff.Puri@CORMORANT.COM',null,'gold');
Insert into  CUSTOMERS (CUSTOMER_ID,CUST_FIRST_NAME,CUST_LAST_NAME,ADDRESS,POSTAL_CODE,CITY,STATE,COUNTRY,PHONE_NUMBER,NLS_LANGUAGE,NLS_TERRITORY,CREDIT_LIMIT,CUST_EMAIL,ACCOUNT_MGR_ID,STATUS) values (205,'Emily','Pollack','3725 W Lake Rd','16505','Erie','PA','US','+1 814 123 4696','us','AMERICA',140000,'Emily.Pollack@DIPPER.COM',145,'Platinum');
Insert into  CUSTOMERS (CUSTOMER_ID,CUST_FIRST_NAME,CUST_LAST_NAME,ADDRESS,POSTAL_CODE,CITY,STATE,COUNTRY,PHONE_NUMBER,NLS_LANGUAGE,NLS_TERRITORY,CREDIT_LIMIT,CUST_EMAIL,ACCOUNT_MGR_ID,STATUS) values (206,'Fritz','Hackman','1808 4Th Ave','16602','Altoona','PA','US','+1 814 123 4697','us','AMERICA',140000,'Fritz.Hackman@DUNLIN.COM',145,'Silver');
Insert into  CUSTOMERS (CUSTOMER_ID,CUST_FIRST_NAME,CUST_LAST_NAME,ADDRESS,POSTAL_CODE,CITY,STATE,COUNTRY,PHONE_NUMBER,NLS_LANGUAGE,NLS_TERRITORY,CREDIT_LIMIT,CUST_EMAIL,ACCOUNT_MGR_ID,STATUS) values (207,'Cybill','Laughton','Station Sq','15219','Pittsburgh','PA','US','+1 412 123 4700','us','AMERICA',140000,'Cybill.Laughton@EIDER.COM',149,'Silver');
Insert into  CUSTOMERS (CUSTOMER_ID,CUST_FIRST_NAME,CUST_LAST_NAME,ADDRESS,POSTAL_CODE,CITY,STATE,COUNTRY,PHONE_NUMBER,NLS_LANGUAGE,NLS_TERRITORY,CREDIT_LIMIT,CUST_EMAIL,ACCOUNT_MGR_ID,STATUS) values (208,'Cyndi','Griem','4020 Garden Ave','16508','Erie','PA','US','+1 814 123 4706','us','AMERICA',140000,'Cyndi.Griem@GALLINULE.COM',145,'gold');
Insert into  CUSTOMERS (CUSTOMER_ID,CUST_FIRST_NAME,CUST_LAST_NAME,ADDRESS,POSTAL_CODE,CITY,STATE,COUNTRY,PHONE_NUMBER,NLS_LANGUAGE,NLS_TERRITORY,CREDIT_LIMIT,CUST_EMAIL,ACCOUNT_MGR_ID,STATUS) values (209,'Cyndi','Collins','100 N Peach St','19139','Philadelphia','PA','US','+1 215 123 4708','us','AMERICA',140000,'Cyndi.Collins@GODWIT.COM',149,'Silver');
Insert into  CUSTOMERS (CUSTOMER_ID,CUST_FIRST_NAME,CUST_LAST_NAME,ADDRESS,POSTAL_CODE,CITY,STATE,COUNTRY,PHONE_NUMBER,NLS_LANGUAGE,NLS_TERRITORY,CREDIT_LIMIT,CUST_EMAIL,ACCOUNT_MGR_ID,STATUS) values (210,'Cybill','Clapton','835 Heister Ln','19605','Reading','PA','US','+1 610 123 4714','us','AMERICA',140000,'Cybill.Clapton@GOLDENEYE.COM',149,'Platinum');
Insert into  CUSTOMERS (CUSTOMER_ID,CUST_FIRST_NAME,CUST_LAST_NAME,ADDRESS,POSTAL_CODE,CITY,STATE,COUNTRY,PHONE_NUMBER,NLS_LANGUAGE,NLS_TERRITORY,CREDIT_LIMIT,CUST_EMAIL,ACCOUNT_MGR_ID,STATUS) values (211,'Luchino','Jordan','378 S Negley Ave','15232','Pittsburgh','PA','US','+1 412 123 4718','us','AMERICA',150000,'Luchino.Jordan@GREBE.COM',149,'Silver');
Insert into  CUSTOMERS (CUSTOMER_ID,CUST_FIRST_NAME,CUST_LAST_NAME,ADDRESS,POSTAL_CODE,CITY,STATE,COUNTRY,PHONE_NUMBER,NLS_LANGUAGE,NLS_TERRITORY,CREDIT_LIMIT,CUST_EMAIL,ACCOUNT_MGR_ID,STATUS) values (212,'Luchino','Falk','5643 N 5Th St','19120','Philadelphia','PA','US','+1 215 123 4721','us','AMERICA',150000,'Luchino.Falk@OVENBIRD.COM',149,'gold');
Insert into  CUSTOMERS (CUSTOMER_ID,CUST_FIRST_NAME,CUST_LAST_NAME,ADDRESS,POSTAL_CODE,CITY,STATE,COUNTRY,PHONE_NUMBER,NLS_LANGUAGE,NLS_TERRITORY,CREDIT_LIMIT,CUST_EMAIL,ACCOUNT_MGR_ID,STATUS) values (213,'Luchino','Bradford','1401 W Warren Rd','16701','Bradford','PA','US','+1 814 123 4722','us','AMERICA',150000,'Luchino.Bradford@PARULA.COM',149,'Silver');
Insert into  CUSTOMERS (CUSTOMER_ID,CUST_FIRST_NAME,CUST_LAST_NAME,ADDRESS,POSTAL_CODE,CITY,STATE,COUNTRY,PHONE_NUMBER,NLS_LANGUAGE,NLS_TERRITORY,CREDIT_LIMIT,CUST_EMAIL,ACCOUNT_MGR_ID,STATUS) values (214,'Robin','Danson','815 Freeport Rd','15215','Pittsburgh','PA','US','+1 412 123 4724','us','AMERICA',150000,'Robin.Danson@PHAINOPEPLA.COM',149,'Silver');
Insert into  CUSTOMERS (CUSTOMER_ID,CUST_FIRST_NAME,CUST_LAST_NAME,ADDRESS,POSTAL_CODE,CITY,STATE,COUNTRY,PHONE_NUMBER,NLS_LANGUAGE,NLS_TERRITORY,CREDIT_LIMIT,CUST_EMAIL,ACCOUNT_MGR_ID,STATUS) values (215,'Orson','Perkins','327 N Washington Ave # 300','18503','Scranton','PA','US','+1 717 123 4730','us','AMERICA',190000,'Orson.Perkins@PINTAIL.COM',149,'Platinum');
Insert into  CUSTOMERS (CUSTOMER_ID,CUST_FIRST_NAME,CUST_LAST_NAME,ADDRESS,POSTAL_CODE,CITY,STATE,COUNTRY,PHONE_NUMBER,NLS_LANGUAGE,NLS_TERRITORY,CREDIT_LIMIT,CUST_EMAIL,ACCOUNT_MGR_ID,STATUS) values (216,'Orson','Koirala','810 Race St','19107','Philadelphia','PA','US','+1 215 123 4738','us','AMERICA',190000,'Orson.Koirala@PIPIT.COM',149,'gold');
Insert into  CUSTOMERS (CUSTOMER_ID,CUST_FIRST_NAME,CUST_LAST_NAME,ADDRESS,POSTAL_CODE,CITY,STATE,COUNTRY,PHONE_NUMBER,NLS_LANGUAGE,NLS_TERRITORY,CREDIT_LIMIT,CUST_EMAIL,ACCOUNT_MGR_ID,STATUS) values (217,'Bryan','Huston','4901 Locust Ln','17109','Harrisburg','PA','US','+1 717 123 4739','us','AMERICA',230000,'Bryan.Huston@PYRRHULOXIA.COM',149,'Silver');
Insert into  CUSTOMERS (CUSTOMER_ID,CUST_FIRST_NAME,CUST_LAST_NAME,ADDRESS,POSTAL_CODE,CITY,STATE,COUNTRY,PHONE_NUMBER,NLS_LANGUAGE,NLS_TERRITORY,CREDIT_LIMIT,CUST_EMAIL,ACCOUNT_MGR_ID,STATUS) values (218,'Bryan','Dvrrie','3376 Perrysville Ave','15214','Pittsburgh','PA','US','+1 412 123 4740','us','AMERICA',230000,'Bryan.Dvrrie@REDPOLL.COM',149,'Silver');
Insert into  CUSTOMERS (CUSTOMER_ID,CUST_FIRST_NAME,CUST_LAST_NAME,ADDRESS,POSTAL_CODE,CITY,STATE,COUNTRY,PHONE_NUMBER,NLS_LANGUAGE,NLS_TERRITORY,CREDIT_LIMIT,CUST_EMAIL,ACCOUNT_MGR_ID,STATUS) values (219,'Ajay','Sen','220 Penn Ave # 300','18503','Scranton','PA','US','+1 717 123 4741','us','AMERICA',230000,'Ajay.Sen@TROGON.COM',149,'Silver');
Insert into  CUSTOMERS (CUSTOMER_ID,CUST_FIRST_NAME,CUST_LAST_NAME,ADDRESS,POSTAL_CODE,CITY,STATE,COUNTRY,PHONE_NUMBER,NLS_LANGUAGE,NLS_TERRITORY,CREDIT_LIMIT,CUST_EMAIL,ACCOUNT_MGR_ID,STATUS) values (220,'Carol','Jordan','135 S 18Th St # 1','19103','Philadelphia','PA','US','+1 215 123 4743','us','AMERICA',230000,'Carol.Jordan@TURNSTONE.COM',149,'Platinum');
Insert into  CUSTOMERS (CUSTOMER_ID,CUST_FIRST_NAME,CUST_LAST_NAME,ADDRESS,POSTAL_CODE,CITY,STATE,COUNTRY,PHONE_NUMBER,NLS_LANGUAGE,NLS_TERRITORY,CREDIT_LIMIT,CUST_EMAIL,ACCOUNT_MGR_ID,STATUS) values (221,'Carol','Bradford','522 Swede St','19401','Norristown','PA','US','+1 610 123 4744','us','AMERICA',230000,'Carol.Bradford@VERDIN.COM',null,'Silver');
Insert into  CUSTOMERS (CUSTOMER_ID,CUST_FIRST_NAME,CUST_LAST_NAME,ADDRESS,POSTAL_CODE,CITY,STATE,COUNTRY,PHONE_NUMBER,NLS_LANGUAGE,NLS_TERRITORY,CREDIT_LIMIT,CUST_EMAIL,ACCOUNT_MGR_ID,STATUS) values (222,'Cary','Stockwell','7708 City Ave','19151','Philadelphia','PA','US','+1 215 123 4745','us','AMERICA',230000,'Cary.Stockwell@VIREO.COM',null,'Silver');
Insert into  CUSTOMERS (CUSTOMER_ID,CUST_FIRST_NAME,CUST_LAST_NAME,ADDRESS,POSTAL_CODE,CITY,STATE,COUNTRY,PHONE_NUMBER,NLS_LANGUAGE,NLS_TERRITORY,CREDIT_LIMIT,CUST_EMAIL,ACCOUNT_MGR_ID,STATUS) values (223,'Cary','Olin','1801 Lititz Pike','17601','Lancaster','PA','US','+1 717 123 4746','us','AMERICA',230000,'Cary.Olin@WATERTHRUSH.COM',149,'Silver');
Insert into  CUSTOMERS (CUSTOMER_ID,CUST_FIRST_NAME,CUST_LAST_NAME,ADDRESS,POSTAL_CODE,CITY,STATE,COUNTRY,PHONE_NUMBER,NLS_LANGUAGE,NLS_TERRITORY,CREDIT_LIMIT,CUST_EMAIL,ACCOUNT_MGR_ID,STATUS) values (224,'Clara','Krige','101 E Olney Ave','19120','Philadelphia','PA','US','+1 215 123 4748','us','AMERICA',230000,'Clara.Krige@WHIMBREL.COM',null,'gold');
Insert into  CUSTOMERS (CUSTOMER_ID,CUST_FIRST_NAME,CUST_LAST_NAME,ADDRESS,POSTAL_CODE,CITY,STATE,COUNTRY,PHONE_NUMBER,NLS_LANGUAGE,NLS_TERRITORY,CREDIT_LIMIT,CUST_EMAIL,ACCOUNT_MGR_ID,STATUS) values (225,'Clara','Ganesan','612 Jefferson Ave','18510','Scranton','PA','US','+1 717 123 4752','us','AMERICA',230000,'Clara.Ganesan@WIGEON.COM',149,'Platinum');
Insert into  CUSTOMERS (CUSTOMER_ID,CUST_FIRST_NAME,CUST_LAST_NAME,ADDRESS,POSTAL_CODE,CITY,STATE,COUNTRY,PHONE_NUMBER,NLS_LANGUAGE,NLS_TERRITORY,CREDIT_LIMIT,CUST_EMAIL,ACCOUNT_MGR_ID,STATUS) values (226,'Ajay','Andrews','223 4Th Ave # 1100','15222','Pittsburgh','PA','US','+1 412 123 4763','us','AMERICA',230000,'Ajay.Andrews@YELLOWTHROAT.COM',149,'Silver');
Insert into  CUSTOMERS (CUSTOMER_ID,CUST_FIRST_NAME,CUST_LAST_NAME,ADDRESS,POSTAL_CODE,CITY,STATE,COUNTRY,PHONE_NUMBER,NLS_LANGUAGE,NLS_TERRITORY,CREDIT_LIMIT,CUST_EMAIL,ACCOUNT_MGR_ID,STATUS) values (227,'Kathy','Prashant','36 W 34Th St','16508','Erie','PA','US','+1 814 123 4766','us','AMERICA',240000,'Kathy.Prashant@ANI.COM',149,'Silver');
Insert into  CUSTOMERS (CUSTOMER_ID,CUST_FIRST_NAME,CUST_LAST_NAME,ADDRESS,POSTAL_CODE,CITY,STATE,COUNTRY,PHONE_NUMBER,NLS_LANGUAGE,NLS_TERRITORY,CREDIT_LIMIT,CUST_EMAIL,ACCOUNT_MGR_ID,STATUS) values (228,'Graham','Neeson','1007 Mount Royal Blvd','15223','Pittsburgh','PA','US','+1 412 123 4767','us','AMERICA',240000,'Graham.Neeson@AUKLET.COM',145,'gold');
Insert into  CUSTOMERS (CUSTOMER_ID,CUST_FIRST_NAME,CUST_LAST_NAME,ADDRESS,POSTAL_CODE,CITY,STATE,COUNTRY,PHONE_NUMBER,NLS_LANGUAGE,NLS_TERRITORY,CREDIT_LIMIT,CUST_EMAIL,ACCOUNT_MGR_ID,STATUS) values (229,'Ian','Chapman','601 Market St','19106','Philadelphia','PA','US','+1 215 123 4768','us','AMERICA',240000,'Ian.Chapman@AVOCET.COM',145,'Silver');
Insert into  CUSTOMERS (CUSTOMER_ID,CUST_FIRST_NAME,CUST_LAST_NAME,ADDRESS,POSTAL_CODE,CITY,STATE,COUNTRY,PHONE_NUMBER,NLS_LANGUAGE,NLS_TERRITORY,CREDIT_LIMIT,CUST_EMAIL,ACCOUNT_MGR_ID,STATUS) values (230,'Danny','Wright','5565 Baynton St','19144','Philadelphia','PA','US','+1 215 123 4771','us','AMERICA',240000,'Danny.Wright@BITTERN.COM',149,'Platinum');
Insert into  CUSTOMERS (CUSTOMER_ID,CUST_FIRST_NAME,CUST_LAST_NAME,ADDRESS,POSTAL_CODE,CITY,STATE,COUNTRY,PHONE_NUMBER,NLS_LANGUAGE,NLS_TERRITORY,CREDIT_LIMIT,CUST_EMAIL,ACCOUNT_MGR_ID,STATUS) values (231,'Danny','Rourke','5640 Fishers Ln','20852','Rockville','MD','US','+1 301 123 4794','us','AMERICA',240000,'Danny.Rourke@BRANT.COM',149,'Silver');
Insert into  CUSTOMERS (CUSTOMER_ID,CUST_FIRST_NAME,CUST_LAST_NAME,ADDRESS,POSTAL_CODE,CITY,STATE,COUNTRY,PHONE_NUMBER,NLS_LANGUAGE,NLS_TERRITORY,CREDIT_LIMIT,CUST_EMAIL,ACCOUNT_MGR_ID,STATUS) values (232,'Donald','Hunter','5122 Sinclair Ln','21206','Baltimore','MD','US','+1 410 123 4795','us','AMERICA',240000,'Donald.Hunter@CHACHALACA.COM',149,'gold');
Insert into  CUSTOMERS (CUSTOMER_ID,CUST_FIRST_NAME,CUST_LAST_NAME,ADDRESS,POSTAL_CODE,CITY,STATE,COUNTRY,PHONE_NUMBER,NLS_LANGUAGE,NLS_TERRITORY,CREDIT_LIMIT,CUST_EMAIL,ACCOUNT_MGR_ID,STATUS) values (233,'Graham','Spielberg','680 Bel Air Rd','21014','Bel Air','MD','US','+1 410 123 4800','us','AMERICA',240000,'Graham.Spielberg@CHUKAR.COM',145,'Silver');
Insert into  CUSTOMERS (CUSTOMER_ID,CUST_FIRST_NAME,CUST_LAST_NAME,ADDRESS,POSTAL_CODE,CITY,STATE,COUNTRY,PHONE_NUMBER,NLS_LANGUAGE,NLS_TERRITORY,CREDIT_LIMIT,CUST_EMAIL,ACCOUNT_MGR_ID,STATUS) values (234,'Dan','Roberts','4301 Ashland Ave','21205','Baltimore','MD','US','+1 410 123 4805','us','AMERICA',240000,'Dan.Roberts@NUTHATCH.COM',149,'Silver');
Insert into  CUSTOMERS (CUSTOMER_ID,CUST_FIRST_NAME,CUST_LAST_NAME,ADDRESS,POSTAL_CODE,CITY,STATE,COUNTRY,PHONE_NUMBER,NLS_LANGUAGE,NLS_TERRITORY,CREDIT_LIMIT,CUST_EMAIL,ACCOUNT_MGR_ID,STATUS) values (235,'Edward','Oates','8004 Stansbury Rd','21222','Baltimore','MD','US','+1 410 012 4715','us','AMERICA',240000,'Edward.Oates@OVENBIRD.COM',null,'Platinum');
Insert into  CUSTOMERS (CUSTOMER_ID,CUST_FIRST_NAME,CUST_LAST_NAME,ADDRESS,POSTAL_CODE,CITY,STATE,COUNTRY,PHONE_NUMBER,NLS_LANGUAGE,NLS_TERRITORY,CREDIT_LIMIT,CUST_EMAIL,ACCOUNT_MGR_ID,STATUS) values (236,'Edward','Julius','10209 Yearling Dr','20850','Rockville','MD','US','+1 301 123 4809','us','AMERICA',240000,'Edward.Julius@PARULA.COM',null,'gold');
Insert into  CUSTOMERS (CUSTOMER_ID,CUST_FIRST_NAME,CUST_LAST_NAME,ADDRESS,POSTAL_CODE,CITY,STATE,COUNTRY,PHONE_NUMBER,NLS_LANGUAGE,NLS_TERRITORY,CREDIT_LIMIT,CUST_EMAIL,ACCOUNT_MGR_ID,STATUS) values (237,'Farrah','Quinlan','3000 Greenmount Ave','21218','Baltimore','MD','US','+1 410 123 4812','us','AMERICA',240000,'Farrah.Quinlan@PHAINOPEPLA.COM',149,'Silver');
Insert into  CUSTOMERS (CUSTOMER_ID,CUST_FIRST_NAME,CUST_LAST_NAME,ADDRESS,POSTAL_CODE,CITY,STATE,COUNTRY,PHONE_NUMBER,NLS_LANGUAGE,NLS_TERRITORY,CREDIT_LIMIT,CUST_EMAIL,ACCOUNT_MGR_ID,STATUS) values (238,'Farrah','Lange','200 E Fort Ave','21230','Baltimore','MD','US','+1 410 123 4813','us','AMERICA',240000,'Farrah.Lange@PHALAROPE.COM',149,'Silver');
Insert into  CUSTOMERS (CUSTOMER_ID,CUST_FIRST_NAME,CUST_LAST_NAME,ADDRESS,POSTAL_CODE,CITY,STATE,COUNTRY,PHONE_NUMBER,NLS_LANGUAGE,NLS_TERRITORY,CREDIT_LIMIT,CUST_EMAIL,ACCOUNT_MGR_ID,STATUS) values (239,'Hal','Stockwell','1262 Vocke Rd','21502','Cumberland','MD','US','+1 301 123 4814','us','AMERICA',240000,'Hal.Stockwell@PHOEBE.COM',null,'Silver');
Insert into  CUSTOMERS (CUSTOMER_ID,CUST_FIRST_NAME,CUST_LAST_NAME,ADDRESS,POSTAL_CODE,CITY,STATE,COUNTRY,PHONE_NUMBER,NLS_LANGUAGE,NLS_TERRITORY,CREDIT_LIMIT,CUST_EMAIL,ACCOUNT_MGR_ID,STATUS) values (240,'Malcolm','Kanth','3314 Eastern Ave','21224','Baltimore','MD','US','+1 410 123 4816','us','AMERICA',240000,'Malcolm.Kanth@PIPIT.COM',145,'Platinum');
Insert into  CUSTOMERS (CUSTOMER_ID,CUST_FIRST_NAME,CUST_LAST_NAME,ADDRESS,POSTAL_CODE,CITY,STATE,COUNTRY,PHONE_NUMBER,NLS_LANGUAGE,NLS_TERRITORY,CREDIT_LIMIT,CUST_EMAIL,ACCOUNT_MGR_ID,STATUS) values (241,'Malcolm','Broderick','12817 Coastal Hwy','21842','Ocean City','MD','US','+1 410 123 4817','us','AMERICA',240000,'Malcolm.Broderick@PLOVER.COM',145,'Silver');
Insert into  CUSTOMERS (CUSTOMER_ID,CUST_FIRST_NAME,CUST_LAST_NAME,ADDRESS,POSTAL_CODE,CITY,STATE,COUNTRY,PHONE_NUMBER,NLS_LANGUAGE,NLS_TERRITORY,CREDIT_LIMIT,CUST_EMAIL,ACCOUNT_MGR_ID,STATUS) values (242,'Mary','Lemmon','11200 Scaggsville Rd','20723','Laurel','MD','US','+1 301 123 4818','us','AMERICA',240000,'Mary.Lemmon@PUFFIN.COM',145,'Silver');
Insert into  CUSTOMERS (CUSTOMER_ID,CUST_FIRST_NAME,CUST_LAST_NAME,ADDRESS,POSTAL_CODE,CITY,STATE,COUNTRY,PHONE_NUMBER,NLS_LANGUAGE,NLS_TERRITORY,CREDIT_LIMIT,CUST_EMAIL,ACCOUNT_MGR_ID,STATUS) values (243,'Mary','Collins','9435 Washington Blvd N # M','20723','Laurel','MD','US','+1 301 123 4819','us','AMERICA',240000,'Mary.Collins@PYRRHULOXIA.COM',149,'Silver');
Insert into  CUSTOMERS (CUSTOMER_ID,CUST_FIRST_NAME,CUST_LAST_NAME,ADDRESS,POSTAL_CODE,CITY,STATE,COUNTRY,PHONE_NUMBER,NLS_LANGUAGE,NLS_TERRITORY,CREDIT_LIMIT,CUST_EMAIL,ACCOUNT_MGR_ID,STATUS) values (244,'Matt','Gueney','2300 Harford Rd','21218','Baltimore','MD','US','+1 410 123 4822','us','AMERICA',240000,'Matt.Gueney@REDPOLL.COM',149,'gold');
Insert into  CUSTOMERS (CUSTOMER_ID,CUST_FIRST_NAME,CUST_LAST_NAME,ADDRESS,POSTAL_CODE,CITY,STATE,COUNTRY,PHONE_NUMBER,NLS_LANGUAGE,NLS_TERRITORY,CREDIT_LIMIT,CUST_EMAIL,ACCOUNT_MGR_ID,STATUS) values (245,'Max','von Sydow','2 2Nd St # A','21842','Ocean City','MD','US','+1 410 123 4840','us','AMERICA',240000,'Max.vonSydow@REDSTART.COM',149,'Platinum');
Insert into  CUSTOMERS (CUSTOMER_ID,CUST_FIRST_NAME,CUST_LAST_NAME,ADDRESS,POSTAL_CODE,CITY,STATE,COUNTRY,PHONE_NUMBER,NLS_LANGUAGE,NLS_TERRITORY,CREDIT_LIMIT,CUST_EMAIL,ACCOUNT_MGR_ID,STATUS) values (246,'Max','Schell','6917 W Oklahoma Ave','53219','Milwaukee','WI','US','+1 414 123 4363','us','AMERICA',240000,'Max.Schell@SANDERLING.COM',null,'Silver');
Insert into  CUSTOMERS (CUSTOMER_ID,CUST_FIRST_NAME,CUST_LAST_NAME,ADDRESS,POSTAL_CODE,CITY,STATE,COUNTRY,PHONE_NUMBER,NLS_LANGUAGE,NLS_TERRITORY,CREDIT_LIMIT,CUST_EMAIL,ACCOUNT_MGR_ID,STATUS) values (247,'Cynda','Whitcraft','206 S Broadway # 707','55904','Rochester','MN','US','+1 507 123 4387','us','AMERICA',240000,'Cynda.Whitcraft@SANDPIPER.COM',149,'Silver');
Insert into  CUSTOMERS (CUSTOMER_ID,CUST_FIRST_NAME,CUST_LAST_NAME,ADDRESS,POSTAL_CODE,CITY,STATE,COUNTRY,PHONE_NUMBER,NLS_LANGUAGE,NLS_TERRITORY,CREDIT_LIMIT,CUST_EMAIL,ACCOUNT_MGR_ID,STATUS) values (248,'Donald','Minnelli','160 Glenwood Ave','55405','Minneapolis','MN','US','+1 612 123 4436','us','AMERICA',240000,'Donald.Minnelli@SCAUP.COM',149,'gold');
Insert into  CUSTOMERS (CUSTOMER_ID,CUST_FIRST_NAME,CUST_LAST_NAME,ADDRESS,POSTAL_CODE,CITY,STATE,COUNTRY,PHONE_NUMBER,NLS_LANGUAGE,NLS_TERRITORY,CREDIT_LIMIT,CUST_EMAIL,ACCOUNT_MGR_ID,STATUS) values (249,'Hannah','Broderick','6915 Grand Ave','46323','Hammond','IN','US','+1 219 123 4145','us','AMERICA',240000,'Hannah.Broderick@SHRIKE.COM',149,'Silver');
Insert into  CUSTOMERS (CUSTOMER_ID,CUST_FIRST_NAME,CUST_LAST_NAME,ADDRESS,POSTAL_CODE,CITY,STATE,COUNTRY,PHONE_NUMBER,NLS_LANGUAGE,NLS_TERRITORY,CREDIT_LIMIT,CUST_EMAIL,ACCOUNT_MGR_ID,STATUS) values (250,'Dan','Williams','2215 Oak Industrial Dr Ne','49505','Grand Rapids','MI','US','+1 616 123 4190','us','AMERICA',240000,'Dan.Williams@SISKIN.COM',145,'Platinum');
Insert into  CUSTOMERS (CUSTOMER_ID,CUST_FIRST_NAME,CUST_LAST_NAME,ADDRESS,POSTAL_CODE,CITY,STATE,COUNTRY,PHONE_NUMBER,NLS_LANGUAGE,NLS_TERRITORY,CREDIT_LIMIT,CUST_EMAIL,ACCOUNT_MGR_ID,STATUS) values (251,'Raul','Wilder','65 Cadillac Sq # 2701','48226','Detroit','MI','US','+1 313 123 4241','us','AMERICA',250000,'Raul.Wilder@STILT.COM',null,'Silver');
Insert into  CUSTOMERS (CUSTOMER_ID,CUST_FIRST_NAME,CUST_LAST_NAME,ADDRESS,POSTAL_CODE,CITY,STATE,COUNTRY,PHONE_NUMBER,NLS_LANGUAGE,NLS_TERRITORY,CREDIT_LIMIT,CUST_EMAIL,ACCOUNT_MGR_ID,STATUS) values (252,'Shah Rukh','Field','3435 Tuscany Dr Se','49546','Grand Rapids','MI','US','+1 616 123 4259','us','AMERICA',250000,'ShahRukh.Field@WHIMBREL.COM',null,'gold');
Insert into  CUSTOMERS (CUSTOMER_ID,CUST_FIRST_NAME,CUST_LAST_NAME,ADDRESS,POSTAL_CODE,CITY,STATE,COUNTRY,PHONE_NUMBER,NLS_LANGUAGE,NLS_TERRITORY,CREDIT_LIMIT,CUST_EMAIL,ACCOUNT_MGR_ID,STATUS) values (253,'Sally','Bogart','215 4Th Ave Se','52401','Cedar Rapids','IA','US','+1 319 123 4269','us','AMERICA',250000,'Sally.Bogart@WILLET.COM',null,'Silver');
Insert into  CUSTOMERS (CUSTOMER_ID,CUST_FIRST_NAME,CUST_LAST_NAME,ADDRESS,POSTAL_CODE,CITY,STATE,COUNTRY,PHONE_NUMBER,NLS_LANGUAGE,NLS_TERRITORY,CREDIT_LIMIT,CUST_EMAIL,ACCOUNT_MGR_ID,STATUS) values (254,'Bruce','Bates','1751 Madison Ave','51503','Council Bluffs','IA','US','+1 712 123 4284','us','AMERICA',350000,'Bruce.Bates@COWBIRD.COM',null,'Silver');
commit;
Insert into  CUSTOMERS (CUSTOMER_ID,CUST_FIRST_NAME,CUST_LAST_NAME,ADDRESS,POSTAL_CODE,CITY,STATE,COUNTRY,PHONE_NUMBER,NLS_LANGUAGE,NLS_TERRITORY,CREDIT_LIMIT,CUST_EMAIL,ACCOUNT_MGR_ID,STATUS) values (255,'Brooke','Shepherd','810 1St Ave','51501','Council Bluffs','IA','US','+1 712 123 4289','us','AMERICA',350000,'Brooke.Shepherd@KILLDEER.COM',null,'Platinum');
Insert into  CUSTOMERS (CUSTOMER_ID,CUST_FIRST_NAME,CUST_LAST_NAME,ADDRESS,POSTAL_CODE,CITY,STATE,COUNTRY,PHONE_NUMBER,NLS_LANGUAGE,NLS_TERRITORY,CREDIT_LIMIT,CUST_EMAIL,ACCOUNT_MGR_ID,STATUS) values (256,'Ben','de Niro','500 W Oklahoma Ave','53207','Milwaukee','WI','US','+1 414 123 4312','us','AMERICA',350000,'Ben.deNiro@KINGLET.COM',149,'gold');
Insert into  CUSTOMERS (CUSTOMER_ID,CUST_FIRST_NAME,CUST_LAST_NAME,ADDRESS,POSTAL_CODE,CITY,STATE,COUNTRY,PHONE_NUMBER,NLS_LANGUAGE,NLS_TERRITORY,CREDIT_LIMIT,CUST_EMAIL,ACCOUNT_MGR_ID,STATUS) values (257,'Emmet','Walken','4811 S 76Th St # 205','53220','Milwaukee','WI','US','+1 414 123 4364','us','AMERICA',360000,'Emmet.Walken@LIMPKIN.COM',145,'Silver');
Insert into  CUSTOMERS (CUSTOMER_ID,CUST_FIRST_NAME,CUST_LAST_NAME,ADDRESS,POSTAL_CODE,CITY,STATE,COUNTRY,PHONE_NUMBER,NLS_LANGUAGE,NLS_TERRITORY,CREDIT_LIMIT,CUST_EMAIL,ACCOUNT_MGR_ID,STATUS) values (258,'Ellen','Palin','310 Broadway St','56308','Alexandria','MN','US','+1 320 123 4385','us','AMERICA',360000,'Ellen.Palin@LONGSPUR.COM',149,'Silver');
Insert into  CUSTOMERS (CUSTOMER_ID,CUST_FIRST_NAME,CUST_LAST_NAME,ADDRESS,POSTAL_CODE,CITY,STATE,COUNTRY,PHONE_NUMBER,NLS_LANGUAGE,NLS_TERRITORY,CREDIT_LIMIT,CUST_EMAIL,ACCOUNT_MGR_ID,STATUS) values (259,'Denholm','von Sydow','1721 E Lake St','55407','Minneapolis','MN','US','+1 612 123 4407','us','AMERICA',360000,'Denholm.vonSydow@MERGANSER.COM',145,'Silver');
Insert into  CUSTOMERS (CUSTOMER_ID,CUST_FIRST_NAME,CUST_LAST_NAME,ADDRESS,POSTAL_CODE,CITY,STATE,COUNTRY,PHONE_NUMBER,NLS_LANGUAGE,NLS_TERRITORY,CREDIT_LIMIT,CUST_EMAIL,ACCOUNT_MGR_ID,STATUS) values (260,'Ellen','Khan','255 Great Arrow Ave','14207','Buffalo','NY','US','+1 716 123 4456','us','AMERICA',360000,'Ellen.Khan@VERDIN.COM',149,'Platinum');
Insert into  CUSTOMERS (CUSTOMER_ID,CUST_FIRST_NAME,CUST_LAST_NAME,ADDRESS,POSTAL_CODE,CITY,STATE,COUNTRY,PHONE_NUMBER,NLS_LANGUAGE,NLS_TERRITORY,CREDIT_LIMIT,CUST_EMAIL,ACCOUNT_MGR_ID,STATUS) values (261,'Emmet','Garcia','800 Carter St','14621','Rochester','NY','US','+1 716 123 4582','us','AMERICA',360000,'Emmet.Garcia@VIREO.COM',145,'Silver');
Insert into  CUSTOMERS (CUSTOMER_ID,CUST_FIRST_NAME,CUST_LAST_NAME,ADDRESS,POSTAL_CODE,CITY,STATE,COUNTRY,PHONE_NUMBER,NLS_LANGUAGE,NLS_TERRITORY,CREDIT_LIMIT,CUST_EMAIL,ACCOUNT_MGR_ID,STATUS) values (262,'Fred','Reynolds','6640 Campbell Blvd','14094','Lockport','NY','US','+1 716 123 4627','us','AMERICA',360000,'Fred.Reynolds@WATERTHRUSH.COM',149,'Silver');
Insert into  CUSTOMERS (CUSTOMER_ID,CUST_FIRST_NAME,CUST_LAST_NAME,ADDRESS,POSTAL_CODE,CITY,STATE,COUNTRY,PHONE_NUMBER,NLS_LANGUAGE,NLS_TERRITORY,CREDIT_LIMIT,CUST_EMAIL,ACCOUNT_MGR_ID,STATUS) values (263,'Fred','Lithgow','802 North Ave','15209','Pittsburgh','PA','US','+1 412 123 4677','us','AMERICA',360000,'Fred.Lithgow@WHIMBREL.COM',null,'Silver');
Insert into  CUSTOMERS (CUSTOMER_ID,CUST_FIRST_NAME,CUST_LAST_NAME,ADDRESS,POSTAL_CODE,CITY,STATE,COUNTRY,PHONE_NUMBER,NLS_LANGUAGE,NLS_TERRITORY,CREDIT_LIMIT,CUST_EMAIL,ACCOUNT_MGR_ID,STATUS) values (264,'George','Adjani','1136 Arch St','19107','Philadelphia','PA','US','+1 215 123 4702','us','AMERICA',360000,'George.Adjani@WILLET.COM',149,'gold');
Insert into  CUSTOMERS (CUSTOMER_ID,CUST_FIRST_NAME,CUST_LAST_NAME,ADDRESS,POSTAL_CODE,CITY,STATE,COUNTRY,PHONE_NUMBER,NLS_LANGUAGE,NLS_TERRITORY,CREDIT_LIMIT,CUST_EMAIL,ACCOUNT_MGR_ID,STATUS) values (265,'Irene','Laughton','6Th And Master St','19122','Philadelphia','PA','US','+1 215 123 4749','us','AMERICA',360000,'Irene.Laughton@ANHINGA.COM',149,'Platinum');
Insert into  CUSTOMERS (CUSTOMER_ID,CUST_FIRST_NAME,CUST_LAST_NAME,ADDRESS,POSTAL_CODE,CITY,STATE,COUNTRY,PHONE_NUMBER,NLS_LANGUAGE,NLS_TERRITORY,CREDIT_LIMIT,CUST_EMAIL,ACCOUNT_MGR_ID,STATUS) values (266,'Prem','Cardinale','Rt 6 E','16365','Warren','PA','US','+1 814 123 4755','us','AMERICA',370000,'Prem.Cardinale@BITTERN.COM',145,'Silver');
Insert into  CUSTOMERS (CUSTOMER_ID,CUST_FIRST_NAME,CUST_LAST_NAME,ADDRESS,POSTAL_CODE,CITY,STATE,COUNTRY,PHONE_NUMBER,NLS_LANGUAGE,NLS_TERRITORY,CREDIT_LIMIT,CUST_EMAIL,ACCOUNT_MGR_ID,STATUS) values (267,'Prem','Walken','1924 Bedford St','21502','Cumberland','MD','US','+1 301 123 4831','us','AMERICA',370000,'Prem.Walken@BRANT.COM',145,'Silver');
Insert into  CUSTOMERS (CUSTOMER_ID,CUST_FIRST_NAME,CUST_LAST_NAME,ADDRESS,POSTAL_CODE,CITY,STATE,COUNTRY,PHONE_NUMBER,NLS_LANGUAGE,NLS_TERRITORY,CREDIT_LIMIT,CUST_EMAIL,ACCOUNT_MGR_ID,STATUS) values (268,'Kyle','Schneider','2674 Collingwood St','48206','Detroit','MI','US','+1 313 123 4167','us','AMERICA',370000,'Kyle.Schneider@DUNLIN.COM',149,'gold');
Insert into  CUSTOMERS (CUSTOMER_ID,CUST_FIRST_NAME,CUST_LAST_NAME,ADDRESS,POSTAL_CODE,CITY,STATE,COUNTRY,PHONE_NUMBER,NLS_LANGUAGE,NLS_TERRITORY,CREDIT_LIMIT,CUST_EMAIL,ACCOUNT_MGR_ID,STATUS) values (269,'Kyle','Martin','2713 N Bendix Dr','46628','South Bend','IN','US','+1 219 123 4116','us','AMERICA',370000,'Kyle.Martin@EIDER.COM',149,'Silver');
Insert into  CUSTOMERS (CUSTOMER_ID,CUST_FIRST_NAME,CUST_LAST_NAME,ADDRESS,POSTAL_CODE,CITY,STATE,COUNTRY,PHONE_NUMBER,NLS_LANGUAGE,NLS_TERRITORY,CREDIT_LIMIT,CUST_EMAIL,ACCOUNT_MGR_ID,STATUS) values (270,'Meg','Derek','23985 Bedford Rd N','49017','Battle Creek','MI','US','+1 616 123 4166','us','AMERICA',370000,'Meg.Derek@FLICKER.COM',null,'Platinum');
Insert into  CUSTOMERS (CUSTOMER_ID,CUST_FIRST_NAME,CUST_LAST_NAME,ADDRESS,POSTAL_CODE,CITY,STATE,COUNTRY,PHONE_NUMBER,NLS_LANGUAGE,NLS_TERRITORY,CREDIT_LIMIT,CUST_EMAIL,ACCOUNT_MGR_ID,STATUS) values (271,'Shelley','Peckinpah','752 W Huron St','48341','Pontiac','MI','US','+1 810 123 4212','us','AMERICA',370000,'Shelley.Peckinpah@GODWIT.COM',149,'Silver');
Insert into  CUSTOMERS (CUSTOMER_ID,CUST_FIRST_NAME,CUST_LAST_NAME,ADDRESS,POSTAL_CODE,CITY,STATE,COUNTRY,PHONE_NUMBER,NLS_LANGUAGE,NLS_TERRITORY,CREDIT_LIMIT,CUST_EMAIL,ACCOUNT_MGR_ID,STATUS) values (272,'Prem','Garcia','660 Woodward Ave # 2290','48226','Detroit','MI','US','+1 313 123 4240','us','AMERICA',370000,'Prem.Garcia@JACANA.COM',145,'gold');
Insert into  CUSTOMERS (CUSTOMER_ID,CUST_FIRST_NAME,CUST_LAST_NAME,ADDRESS,POSTAL_CODE,CITY,STATE,COUNTRY,PHONE_NUMBER,NLS_LANGUAGE,NLS_TERRITORY,CREDIT_LIMIT,CUST_EMAIL,ACCOUNT_MGR_ID,STATUS) values (273,'Bo','Hitchcock','1330 N Memorial Dr','53404','Racine','WI','US','+1 414 123 4340','us','AMERICA',500000,'Bo.Hitchcock@ANHINGA.COM',null,'Silver');
Insert into  CUSTOMERS (CUSTOMER_ID,CUST_FIRST_NAME,CUST_LAST_NAME,ADDRESS,POSTAL_CODE,CITY,STATE,COUNTRY,PHONE_NUMBER,NLS_LANGUAGE,NLS_TERRITORY,CREDIT_LIMIT,CUST_EMAIL,ACCOUNT_MGR_ID,STATUS) values (274,'Bob','McCarthy','701 Seneca St','14210','Buffalo','NY','US','+1 716 123 4485','us','AMERICA',500000,'Bob.McCarthy@ANI.COM',null,'Silver');
Insert into  CUSTOMERS (CUSTOMER_ID,CUST_FIRST_NAME,CUST_LAST_NAME,ADDRESS,POSTAL_CODE,CITY,STATE,COUNTRY,PHONE_NUMBER,NLS_LANGUAGE,NLS_TERRITORY,CREDIT_LIMIT,CUST_EMAIL,ACCOUNT_MGR_ID,STATUS) values (275,'Dom','McQueen','8 Automation Ln','12205','Albany','NY','US','+1 518 123 4532','us','AMERICA',500000,'Dom.McQueen@AUKLET.COM',145,'Platinum');
Insert into  CUSTOMERS (CUSTOMER_ID,CUST_FIRST_NAME,CUST_LAST_NAME,ADDRESS,POSTAL_CODE,CITY,STATE,COUNTRY,PHONE_NUMBER,NLS_LANGUAGE,NLS_TERRITORY,CREDIT_LIMIT,CUST_EMAIL,ACCOUNT_MGR_ID,STATUS) values (276,'Dom','Hoskins','811 N Brandywine Ave','12308','Schenectady','NY','US','+1 518 123 4562','us','AMERICA',500000,'Dom.Hoskins@AVOCET.COM',145,'gold');
Insert into  CUSTOMERS (CUSTOMER_ID,CUST_FIRST_NAME,CUST_LAST_NAME,ADDRESS,POSTAL_CODE,CITY,STATE,COUNTRY,PHONE_NUMBER,NLS_LANGUAGE,NLS_TERRITORY,CREDIT_LIMIT,CUST_EMAIL,ACCOUNT_MGR_ID,STATUS) values (277,'Don','Siegel','2904 S Salina St','13205','Syracuse','NY','US','+1 315 123 4585','us','AMERICA',500000,'Don.Siegel@BITTERN.COM',149,'Silver');
Insert into  CUSTOMERS (CUSTOMER_ID,CUST_FIRST_NAME,CUST_LAST_NAME,ADDRESS,POSTAL_CODE,CITY,STATE,COUNTRY,PHONE_NUMBER,NLS_LANGUAGE,NLS_TERRITORY,CREDIT_LIMIT,CUST_EMAIL,ACCOUNT_MGR_ID,STATUS) values (278,'Gvtz','Bradford','3025 Sussex Ave','15226','Pittsburgh','PA','US','+1 412 123 4659','us','AMERICA',500000,'Gvtz.Bradford@BULBUL.COM',null,'Silver');
Insert into  CUSTOMERS (CUSTOMER_ID,CUST_FIRST_NAME,CUST_LAST_NAME,ADDRESS,POSTAL_CODE,CITY,STATE,COUNTRY,PHONE_NUMBER,NLS_LANGUAGE,NLS_TERRITORY,CREDIT_LIMIT,CUST_EMAIL,ACCOUNT_MGR_ID,STATUS) values (279,'Holly','Kurosawa','932 High St','17603','Lancaster','PA','US','+1 717 123 4679','us','AMERICA',500000,'Holly.Kurosawa@CARACARA.COM',null,'Silver');
Insert into  CUSTOMERS (CUSTOMER_ID,CUST_FIRST_NAME,CUST_LAST_NAME,ADDRESS,POSTAL_CODE,CITY,STATE,COUNTRY,PHONE_NUMBER,NLS_LANGUAGE,NLS_TERRITORY,CREDIT_LIMIT,CUST_EMAIL,ACCOUNT_MGR_ID,STATUS) values (280,'Rob','MacLaine','5344 Haverford Ave','19139','Philadelphia','PA','US','+1 215 123 4709','us','AMERICA',500000,'Rob.MacLaine@COOT.COM',149,'Platinum');
Insert into  CUSTOMERS (CUSTOMER_ID,CUST_FIRST_NAME,CUST_LAST_NAME,ADDRESS,POSTAL_CODE,CITY,STATE,COUNTRY,PHONE_NUMBER,NLS_LANGUAGE,NLS_TERRITORY,CREDIT_LIMIT,CUST_EMAIL,ACCOUNT_MGR_ID,STATUS) values (281,'Don','Barkin','6959 Tulip St','19135','Philadelphia','PA','US','+1 215 123 4751','us','AMERICA',500000,'Don.Barkin@CORMORANT.COM',149,'Silver');
Insert into  CUSTOMERS (CUSTOMER_ID,CUST_FIRST_NAME,CUST_LAST_NAME,ADDRESS,POSTAL_CODE,CITY,STATE,COUNTRY,PHONE_NUMBER,NLS_LANGUAGE,NLS_TERRITORY,CREDIT_LIMIT,CUST_EMAIL,ACCOUNT_MGR_ID,STATUS) values (282,'Kurt','Danson','511 S Central Ave # A','21202','Baltimore','MD','US','+1 410 123 4807','us','AMERICA',500000,'Kurt.Danson@COWBIRD.COM',149,'Silver');
Insert into  CUSTOMERS (CUSTOMER_ID,CUST_FIRST_NAME,CUST_LAST_NAME,ADDRESS,POSTAL_CODE,CITY,STATE,COUNTRY,PHONE_NUMBER,NLS_LANGUAGE,NLS_TERRITORY,CREDIT_LIMIT,CUST_EMAIL,ACCOUNT_MGR_ID,STATUS) values (283,'Kurt','Heard','400 E Joppa Rd','21286','Baltimore','MD','US','+1 410 123 4829','us','AMERICA',500000,'Kurt.Heard@CURLEW.COM',null,'Silver');
Insert into  CUSTOMERS (CUSTOMER_ID,CUST_FIRST_NAME,CUST_LAST_NAME,ADDRESS,POSTAL_CODE,CITY,STATE,COUNTRY,PHONE_NUMBER,NLS_LANGUAGE,NLS_TERRITORY,CREDIT_LIMIT,CUST_EMAIL,ACCOUNT_MGR_ID,STATUS) values (308,'Glenda','Dunaway','1795 Wu Meng','21191','Muang Chonburi',null,'CN','+86 811 012 4093','zhs','CHINA',120000,'Glenda.Dunaway@DOWITCHER.COM',149,'gold');
Insert into  CUSTOMERS (CUSTOMER_ID,CUST_FIRST_NAME,CUST_LAST_NAME,ADDRESS,POSTAL_CODE,CITY,STATE,COUNTRY,PHONE_NUMBER,NLS_LANGUAGE,NLS_TERRITORY,CREDIT_LIMIT,CUST_EMAIL,ACCOUNT_MGR_ID,STATUS) values (309,'Glenda','Bates','1796 Tsing Tao','11111','Muang Nonthaburi',null,'CN','+86 123 012 4095','zhs','CHINA',120000,'Glenda.Bates@DIPPER.COM',149,'Silver');
Insert into  CUSTOMERS (CUSTOMER_ID,CUST_FIRST_NAME,CUST_LAST_NAME,ADDRESS,POSTAL_CODE,CITY,STATE,COUNTRY,PHONE_NUMBER,NLS_LANGUAGE,NLS_TERRITORY,CREDIT_LIMIT,CUST_EMAIL,ACCOUNT_MGR_ID,STATUS) values (323,'Götz','Falk','1810 Tucker Crt','361181','Mumbai',null,'IN','+91 80 012 4123','hi','INDIA',500000,'Götz.Falk@VEERY.COM',null,'Silver');
Insert into  CUSTOMERS (CUSTOMER_ID,CUST_FIRST_NAME,CUST_LAST_NAME,ADDRESS,POSTAL_CODE,CITY,STATE,COUNTRY,PHONE_NUMBER,NLS_LANGUAGE,NLS_TERRITORY,CREDIT_LIMIT,CUST_EMAIL,ACCOUNT_MGR_ID,STATUS) values (326,'Hal','Olin','Walpurgisstr 69','81243','Munich',null,'DE','+49 89 012 4129','d','GERMANY',240000,'Hal.Olin@FLICKER.COM',149,'Silver');
Insert into  CUSTOMERS (CUSTOMER_ID,CUST_FIRST_NAME,CUST_LAST_NAME,ADDRESS,POSTAL_CODE,CITY,STATE,COUNTRY,PHONE_NUMBER,NLS_LANGUAGE,NLS_TERRITORY,CREDIT_LIMIT,CUST_EMAIL,ACCOUNT_MGR_ID,STATUS) values (327,'Hannah','Kanth','Sendlinger Tor 4','81696','Munich',null,'DE','+49 90 012 4131','d','GERMANY',240000,'Hannah.Kanth@GADWALL.COM',149,'Silver');
Insert into  CUSTOMERS (CUSTOMER_ID,CUST_FIRST_NAME,CUST_LAST_NAME,ADDRESS,POSTAL_CODE,CITY,STATE,COUNTRY,PHONE_NUMBER,NLS_LANGUAGE,NLS_TERRITORY,CREDIT_LIMIT,CUST_EMAIL,ACCOUNT_MGR_ID,STATUS) values (328,'Hannah','Field','Theresienstr 15','81999','Munich',null,'DE','+49 91 012 4133','d','GERMANY',240000,'Hannah.Field@GALLINULE.COM',149,'gold');
Insert into  CUSTOMERS (CUSTOMER_ID,CUST_FIRST_NAME,CUST_LAST_NAME,ADDRESS,POSTAL_CODE,CITY,STATE,COUNTRY,PHONE_NUMBER,NLS_LANGUAGE,NLS_TERRITORY,CREDIT_LIMIT,CUST_EMAIL,ACCOUNT_MGR_ID,STATUS) values (333,'Margret','Powell','Via Frenzy 6903','361196','Roma',null,'IT','+39 6 012 4543','i','ITALY',120000,'Margret.Powell@ANI.COM',null,'Silver');
Insert into  CUSTOMERS (CUSTOMER_ID,CUST_FIRST_NAME,CUST_LAST_NAME,ADDRESS,POSTAL_CODE,CITY,STATE,COUNTRY,PHONE_NUMBER,NLS_LANGUAGE,NLS_TERRITORY,CREDIT_LIMIT,CUST_EMAIL,ACCOUNT_MGR_ID,STATUS) values (334,'Harry Mean','Taylor','1822 Ironweed St','91261','Toronto','ONT','CA','+1 416 012 4147','us','AMERICA',120000,'HarryMean.Taylor@REDPOLL.COM',149,'Silver');
Insert into  CUSTOMERS (CUSTOMER_ID,CUST_FIRST_NAME,CUST_LAST_NAME,ADDRESS,POSTAL_CODE,CITY,STATE,COUNTRY,PHONE_NUMBER,NLS_LANGUAGE,NLS_TERRITORY,CREDIT_LIMIT,CUST_EMAIL,ACCOUNT_MGR_ID,STATUS) values (335,'Margrit','Garner','Via Luminosa 162','361197','Firenze',null,'IT','+39 55 012 4547','i','ITALY',50000,'Margrit.Garner@STILT.COM',149,'Platinum');
Insert into  CUSTOMERS (CUSTOMER_ID,CUST_FIRST_NAME,CUST_LAST_NAME,ADDRESS,POSTAL_CODE,CITY,STATE,COUNTRY,PHONE_NUMBER,NLS_LANGUAGE,NLS_TERRITORY,CREDIT_LIMIT,CUST_EMAIL,ACCOUNT_MGR_ID,STATUS) values (337,'Maria','Warden','Via Notoriosa 1932 Rd','361198','Firenze',null,'IT','+39 55 012 4551','i','ITALY',50000,'Maria.Warden@TANAGER.COM',149,'Silver');
Insert into  CUSTOMERS (CUSTOMER_ID,CUST_FIRST_NAME,CUST_LAST_NAME,ADDRESS,POSTAL_CODE,CITY,STATE,COUNTRY,PHONE_NUMBER,NLS_LANGUAGE,NLS_TERRITORY,CREDIT_LIMIT,CUST_EMAIL,ACCOUNT_MGR_ID,STATUS) values (339,'Marilou','Landis','Via Notoriosa 1941','361199','Firenze',null,'IT','+39 55 012 4555','i','ITALY',50000,'Marilou.Landis@TATTLER.COM',149,'Silver');
Insert into  CUSTOMERS (CUSTOMER_ID,CUST_FIRST_NAME,CUST_LAST_NAME,ADDRESS,POSTAL_CODE,CITY,STATE,COUNTRY,PHONE_NUMBER,NLS_LANGUAGE,NLS_TERRITORY,CREDIT_LIMIT,CUST_EMAIL,ACCOUNT_MGR_ID,STATUS) values (361,'Marilou','Chapman','Via Notoriosa 1942','361200','Firenze',null,'IT','+39 55 012 4559','i','ITALY',50000,'Marilou.Chapman@TEAL.COM',145,'Silver');
Insert into  CUSTOMERS (CUSTOMER_ID,CUST_FIRST_NAME,CUST_LAST_NAME,ADDRESS,POSTAL_CODE,CITY,STATE,COUNTRY,PHONE_NUMBER,NLS_LANGUAGE,NLS_TERRITORY,CREDIT_LIMIT,CUST_EMAIL,ACCOUNT_MGR_ID,STATUS) values (363,'Kathy','Lambert','Via Delle Grazie 11','361225','Tellaro',null,'IT','+39 10 012 4363','i','ITALY',240000,'Kathy.Lambert@COOT.COM',145,'Silver');
Insert into  CUSTOMERS (CUSTOMER_ID,CUST_FIRST_NAME,CUST_LAST_NAME,ADDRESS,POSTAL_CODE,CITY,STATE,COUNTRY,PHONE_NUMBER,NLS_LANGUAGE,NLS_TERRITORY,CREDIT_LIMIT,CUST_EMAIL,ACCOUNT_MGR_ID,STATUS) values (360,'Helmut','Capshaw','1831 No Wong','111181','Peking',null,'CN','+86 10 012 4165','zhs','CHINA',360000,'Helmut.Capshaw@TROGON.COM',145,'Platinum');
Insert into  CUSTOMERS (CUSTOMER_ID,CUST_FIRST_NAME,CUST_LAST_NAME,ADDRESS,POSTAL_CODE,CITY,STATE,COUNTRY,PHONE_NUMBER,NLS_LANGUAGE,NLS_TERRITORY,CREDIT_LIMIT,CUST_EMAIL,ACCOUNT_MGR_ID,STATUS) values (341,'Keir','George','Via Dolorosa 69','361229','Tellaro',null,'IT','+39 10 012 4365','i','ITALY',70000,'Keir.George@VIREO.COM',null,'Silver');
Insert into  CUSTOMERS (CUSTOMER_ID,CUST_FIRST_NAME,CUST_LAST_NAME,ADDRESS,POSTAL_CODE,CITY,STATE,COUNTRY,PHONE_NUMBER,NLS_LANGUAGE,NLS_TERRITORY,CREDIT_LIMIT,CUST_EMAIL,ACCOUNT_MGR_ID,STATUS) values (342,'Marlon','Laughton','Via Notoriosa 1943','361201','Firenze',null,'IT','+39 55 012 4565','i','ITALY',240000,'Marlon.Laughton@CORMORANT.COM',149,'Silver');
Insert into  CUSTOMERS (CUSTOMER_ID,CUST_FIRST_NAME,CUST_LAST_NAME,ADDRESS,POSTAL_CODE,CITY,STATE,COUNTRY,PHONE_NUMBER,NLS_LANGUAGE,NLS_TERRITORY,CREDIT_LIMIT,CUST_EMAIL,ACCOUNT_MGR_ID,STATUS) values (343,'Keir','Chandar','Via Luminosa 162','361231','Tellaro',null,'IT','+39 10 012 4367','i','ITALY',70000,'Keir.Chandar@WATERTHRUSH.COM',149,'Silver');
Insert into  CUSTOMERS (CUSTOMER_ID,CUST_FIRST_NAME,CUST_LAST_NAME,ADDRESS,POSTAL_CODE,CITY,STATE,COUNTRY,PHONE_NUMBER,NLS_LANGUAGE,NLS_TERRITORY,CREDIT_LIMIT,CUST_EMAIL,ACCOUNT_MGR_ID,STATUS) values (344,'Marlon','Godard','2017 Convoy St','876508','Tokyo',null,'JP','+81 565 012 4567','ja','JAPAN',240000,'Marlon.Godard@MOORHEN.COM',149,'gold');
Insert into  CUSTOMERS (CUSTOMER_ID,CUST_FIRST_NAME,CUST_LAST_NAME,ADDRESS,POSTAL_CODE,CITY,STATE,COUNTRY,PHONE_NUMBER,NLS_LANGUAGE,NLS_TERRITORY,CREDIT_LIMIT,CUST_EMAIL,ACCOUNT_MGR_ID,STATUS) values (345,'Keir','Weaver','Via Di Firenze 231','361228','Tellaro',null,'IT','+39 10 012 4369','i','ITALY',70000,'Keir.Weaver@WHIMBREL.COM',null,'Platinum');
Insert into  CUSTOMERS (CUSTOMER_ID,CUST_FIRST_NAME,CUST_LAST_NAME,ADDRESS,POSTAL_CODE,CITY,STATE,COUNTRY,PHONE_NUMBER,NLS_LANGUAGE,NLS_TERRITORY,CREDIT_LIMIT,CUST_EMAIL,ACCOUNT_MGR_ID,STATUS) values (346,'Marlon','Clapton','Via Notoriosa 1949','361202','Firenze',null,'IT','+39 55 012 4569','i','ITALY',240000,'Marlon.Clapton@COWBIRD.COM',149,'Silver');
Insert into  CUSTOMERS (CUSTOMER_ID,CUST_FIRST_NAME,CUST_LAST_NAME,ADDRESS,POSTAL_CODE,CITY,STATE,COUNTRY,PHONE_NUMBER,NLS_LANGUAGE,NLS_TERRITORY,CREDIT_LIMIT,CUST_EMAIL,ACCOUNT_MGR_ID,STATUS) values (347,'Kelly','Quinlan','Via Frenzy 6903','361230','Tellaro',null,'IT','+39 10 012 4371','i','ITALY',360000,'Kelly.Quinlan@PYRRHULOXIA.COM',149,'Silver');
Insert into  CUSTOMERS (CUSTOMER_ID,CUST_FIRST_NAME,CUST_LAST_NAME,ADDRESS,POSTAL_CODE,CITY,STATE,COUNTRY,PHONE_NUMBER,NLS_LANGUAGE,NLS_TERRITORY,CREDIT_LIMIT,CUST_EMAIL,ACCOUNT_MGR_ID,STATUS) values (348,'Kelly','Lange','Piazza Del Congresso 22','361219','San Giminiano',null,'IT','+39 49 012 4373','i','ITALY',360000,'Kelly.Lange@SANDPIPER.COM',149,'gold');
Insert into  CUSTOMERS (CUSTOMER_ID,CUST_FIRST_NAME,CUST_LAST_NAME,ADDRESS,POSTAL_CODE,CITY,STATE,COUNTRY,PHONE_NUMBER,NLS_LANGUAGE,NLS_TERRITORY,CREDIT_LIMIT,CUST_EMAIL,ACCOUNT_MGR_ID,STATUS) values (349,'Ken','Glenn','Piazza Quattre Stagioni 4','361220','San Giminiano',null,'IT','+39 49 012 4375','i','ITALY',360000,'Ken.Glenn@SAW-WHET.COM',149,'Silver');
Insert into  CUSTOMERS (CUSTOMER_ID,CUST_FIRST_NAME,CUST_LAST_NAME,ADDRESS,POSTAL_CODE,CITY,STATE,COUNTRY,PHONE_NUMBER,NLS_LANGUAGE,NLS_TERRITORY,CREDIT_LIMIT,CUST_EMAIL,ACCOUNT_MGR_ID,STATUS) values (350,'Ken','Chopra','Piazza Cacchiatore 23','361218','San Giminiano',null,'IT','+39 49 012 4377','i','ITALY',360000,'Ken.Chopra@SCAUP.COM',149,'Platinum');
Insert into  CUSTOMERS (CUSTOMER_ID,CUST_FIRST_NAME,CUST_LAST_NAME,ADDRESS,POSTAL_CODE,CITY,STATE,COUNTRY,PHONE_NUMBER,NLS_LANGUAGE,NLS_TERRITORY,CREDIT_LIMIT,CUST_EMAIL,ACCOUNT_MGR_ID,STATUS) values (351,'Ken','Wenders','Via Notoriosa 1932','361232','Tellaro',null,'IT','+39 10 012 4379','i','ITALY',360000,'Ken.Wenders@REDPOLL.COM',149,'Silver');
Insert into  CUSTOMERS (CUSTOMER_ID,CUST_FIRST_NAME,CUST_LAST_NAME,ADDRESS,POSTAL_CODE,CITY,STATE,COUNTRY,PHONE_NUMBER,NLS_LANGUAGE,NLS_TERRITORY,CREDIT_LIMIT,CUST_EMAIL,ACCOUNT_MGR_ID,STATUS) values (352,'Kenneth','Redford','Via Notoriosa 1949','361236','Ventimiglia',null,'IT','+39 10 012 4381','i','ITALY',360000,'Kenneth.Redford@REDSTART.COM',149,'gold');
Insert into  CUSTOMERS (CUSTOMER_ID,CUST_FIRST_NAME,CUST_LAST_NAME,ADDRESS,POSTAL_CODE,CITY,STATE,COUNTRY,PHONE_NUMBER,NLS_LANGUAGE,NLS_TERRITORY,CREDIT_LIMIT,CUST_EMAIL,ACCOUNT_MGR_ID,STATUS) values (378,'Meg','Sen','2033 Spartacus St',null,'Samutprakarn',null,'TH','+66 76 012 4633','th','THAILAND',370000,'Meg.Sen@COWBIRD.COM',149,'Silver');
Insert into  CUSTOMERS (CUSTOMER_ID,CUST_FIRST_NAME,CUST_LAST_NAME,ADDRESS,POSTAL_CODE,CITY,STATE,COUNTRY,PHONE_NUMBER,NLS_LANGUAGE,NLS_TERRITORY,CREDIT_LIMIT,CUST_EMAIL,ACCOUNT_MGR_ID,STATUS) values (380,'Meryl','Holden','2034 Sabrina Rd','361182','Samutprakarn',null,'IN','+91 80 012 4637','hi','INDIA',370000,'Meryl.Holden@DIPPER.COM',149,'Platinum');
Insert into  CUSTOMERS (CUSTOMER_ID,CUST_FIRST_NAME,CUST_LAST_NAME,ADDRESS,POSTAL_CODE,CITY,STATE,COUNTRY,PHONE_NUMBER,NLS_LANGUAGE,NLS_TERRITORY,CREDIT_LIMIT,CUST_EMAIL,ACCOUNT_MGR_ID,STATUS) values (447,'Richard','Coppola','Piazza Svizzera','361211','Milano',null,'IT','+39 2 012 4771','i','ITALY',50000,'Richard.Coppola@SISKIN.COM',null,'Silver');
Insert into  CUSTOMERS (CUSTOMER_ID,CUST_FIRST_NAME,CUST_LAST_NAME,ADDRESS,POSTAL_CODE,CITY,STATE,COUNTRY,PHONE_NUMBER,NLS_LANGUAGE,NLS_TERRITORY,CREDIT_LIMIT,CUST_EMAIL,ACCOUNT_MGR_ID,STATUS) values (448,'Richard','Winters','Ruella Delle Spiriti','361212','Milano',null,'IT','+39 2 012 4773','i','ITALY',50000,'Richard.Winters@SNIPE.COM',149,'gold');
Insert into  CUSTOMERS (CUSTOMER_ID,CUST_FIRST_NAME,CUST_LAST_NAME,ADDRESS,POSTAL_CODE,CITY,STATE,COUNTRY,PHONE_NUMBER,NLS_LANGUAGE,NLS_TERRITORY,CREDIT_LIMIT,CUST_EMAIL,ACCOUNT_MGR_ID,STATUS) values (449,'Rick','Romero','Via Del Disegno 194','361213','Milano',null,'IT','+39 2 012 4775','i','ITALY',150000,'Rick.Romero@LONGSPUR.COM',145,'Silver');
Insert into  CUSTOMERS (CUSTOMER_ID,CUST_FIRST_NAME,CUST_LAST_NAME,ADDRESS,POSTAL_CODE,CITY,STATE,COUNTRY,PHONE_NUMBER,NLS_LANGUAGE,NLS_TERRITORY,CREDIT_LIMIT,CUST_EMAIL,ACCOUNT_MGR_ID,STATUS) values (450,'Rick','Lyon','Via Delle Capeletti 52','361214','San Giminiano',null,'IT','+39 49 012 4777','i','ITALY',150000,'Rick.Lyon@MERGANSER.COM',149,'Platinum');
Insert into  CUSTOMERS (CUSTOMER_ID,CUST_FIRST_NAME,CUST_LAST_NAME,ADDRESS,POSTAL_CODE,CITY,STATE,COUNTRY,PHONE_NUMBER,NLS_LANGUAGE,NLS_TERRITORY,CREDIT_LIMIT,CUST_EMAIL,ACCOUNT_MGR_ID,STATUS) values (451,'Ridley','Hackman','Via Delle Grazie 11','361215','San Giminiano',null,'IT','+39 49 012 4779','i','ITALY',70000,'Ridley.Hackman@ANHINGA.COM',145,'Silver');
Insert into  CUSTOMERS (CUSTOMER_ID,CUST_FIRST_NAME,CUST_LAST_NAME,ADDRESS,POSTAL_CODE,CITY,STATE,COUNTRY,PHONE_NUMBER,NLS_LANGUAGE,NLS_TERRITORY,CREDIT_LIMIT,CUST_EMAIL,ACCOUNT_MGR_ID,STATUS) values (452,'Ridley','Coyote','Via Delli Capelli 2','361216','San Giminiano',null,'IT','+39 49 012 4781','i','ITALY',70000,'Ridley.Coyote@ANI.COM',null,'gold');
Insert into  CUSTOMERS (CUSTOMER_ID,CUST_FIRST_NAME,CUST_LAST_NAME,ADDRESS,POSTAL_CODE,CITY,STATE,COUNTRY,PHONE_NUMBER,NLS_LANGUAGE,NLS_TERRITORY,CREDIT_LIMIT,CUST_EMAIL,ACCOUNT_MGR_ID,STATUS) values (453,'Ridley','Young','1592 Silverado St','361123','Bangalore','Kar','IN','+91 80 012 4783','hi','INDIA',70000,'Ridley.Young@CHUKAR.COM',149,'Silver');
Insert into  CUSTOMERS (CUSTOMER_ID,CUST_FIRST_NAME,CUST_LAST_NAME,ADDRESS,POSTAL_CODE,CITY,STATE,COUNTRY,PHONE_NUMBER,NLS_LANGUAGE,NLS_TERRITORY,CREDIT_LIMIT,CUST_EMAIL,ACCOUNT_MGR_ID,STATUS) values (454,'Rob','Russell','1593 Silverado St','361112','Bangalore','Kar','IN','+91 80 012 4785','hi','INDIA',500000,'Rob.Russell@VERDIN.COM',null,'Silver');
Insert into  CUSTOMERS (CUSTOMER_ID,CUST_FIRST_NAME,CUST_LAST_NAME,ADDRESS,POSTAL_CODE,CITY,STATE,COUNTRY,PHONE_NUMBER,NLS_LANGUAGE,NLS_TERRITORY,CREDIT_LIMIT,CUST_EMAIL,ACCOUNT_MGR_ID,STATUS) values (458,'Robert','de Niro','1597 Legend St',null,'Mysore','Kar','IN','+91 80 012 4793','hi','INDIA',370000,'Robert.deNiro@DOWITCHER.COM',null,'Silver');
Insert into  CUSTOMERS (CUSTOMER_ID,CUST_FIRST_NAME,CUST_LAST_NAME,ADDRESS,POSTAL_CODE,CITY,STATE,COUNTRY,PHONE_NUMBER,NLS_LANGUAGE,NLS_TERRITORY,CREDIT_LIMIT,CUST_EMAIL,ACCOUNT_MGR_ID,STATUS) values (463,'Robin','Adjani','1602 Sholay St',null,'Chennai','Tam','IN','+91 80 012 4803','hi','INDIA',150000,'Robin.Adjani@MOORHEN.COM',149,'Silver');
Insert into  CUSTOMERS (CUSTOMER_ID,CUST_FIRST_NAME,CUST_LAST_NAME,ADDRESS,POSTAL_CODE,CITY,STATE,COUNTRY,PHONE_NUMBER,NLS_LANGUAGE,NLS_TERRITORY,CREDIT_LIMIT,CUST_EMAIL,ACCOUNT_MGR_ID,STATUS) values (466,'Rodolfo','Hershey','1605 Bazigar Crt',null,'Pune',null,'IN','+91 80 012 4809','hi','INDIA',500000,'Rodolfo.Hershey@VIREO.COM',null,'Silver');
Insert into  CUSTOMERS (CUSTOMER_ID,CUST_FIRST_NAME,CUST_LAST_NAME,ADDRESS,POSTAL_CODE,CITY,STATE,COUNTRY,PHONE_NUMBER,NLS_LANGUAGE,NLS_TERRITORY,CREDIT_LIMIT,CUST_EMAIL,ACCOUNT_MGR_ID,STATUS) values (467,'Rodolfo','Dench','1606 Sangam Blvd','361196','New Delhi',null,'IN','+91 11 012 4811','hi','INDIA',500000,'Rodolfo.Dench@SCOTER.COM',149,'Silver');
Insert into  CUSTOMERS (CUSTOMER_ID,CUST_FIRST_NAME,CUST_LAST_NAME,ADDRESS,POSTAL_CODE,CITY,STATE,COUNTRY,PHONE_NUMBER,NLS_LANGUAGE,NLS_TERRITORY,CREDIT_LIMIT,CUST_EMAIL,ACCOUNT_MGR_ID,STATUS) values (468,'Rodolfo','Altman','1607 Sangam Blvd','361114','New Delhi',null,'IN','+91 11 012 4813','hi','INDIA',500000,'Rodolfo.Altman@SHRIKE.COM',145,'gold');
Insert into  CUSTOMERS (CUSTOMER_ID,CUST_FIRST_NAME,CUST_LAST_NAME,ADDRESS,POSTAL_CODE,CITY,STATE,COUNTRY,PHONE_NUMBER,NLS_LANGUAGE,NLS_TERRITORY,CREDIT_LIMIT,CUST_EMAIL,ACCOUNT_MGR_ID,STATUS) values (476,'Rosanne','Hopkins','1615 Crackers Crt','361168','Chennai - India',null,'IN','+91 80 012 4829','hi','INDIA',30000,'Rosanne.Hopkins@ANI.COM',149,'gold');
Insert into  CUSTOMERS (CUSTOMER_ID,CUST_FIRST_NAME,CUST_LAST_NAME,ADDRESS,POSTAL_CODE,CITY,STATE,COUNTRY,PHONE_NUMBER,NLS_LANGUAGE,NLS_TERRITORY,CREDIT_LIMIT,CUST_EMAIL,ACCOUNT_MGR_ID,STATUS) values (477,'Rosanne','Douglas','1616 Mr. India Ln','361168','Bombay - India','Kar','IN','+91 22 012 4831','hi','INDIA',30000,'Rosanne.Douglas@ANHINGA.COM',149,'Silver');
Insert into  CUSTOMERS (CUSTOMER_ID,CUST_FIRST_NAME,CUST_LAST_NAME,ADDRESS,POSTAL_CODE,CITY,STATE,COUNTRY,PHONE_NUMBER,NLS_LANGUAGE,NLS_TERRITORY,CREDIT_LIMIT,CUST_EMAIL,ACCOUNT_MGR_ID,STATUS) values (478,'Rosanne','Baldwin','1617 Crackers St','361168','Bangalore - India','Kar','IN','+91 80 012 4833','hi','INDIA',30000,'Rosanne.Baldwin@AUKLET.COM',149,'Silver');
Insert into  CUSTOMERS (CUSTOMER_ID,CUST_FIRST_NAME,CUST_LAST_NAME,ADDRESS,POSTAL_CODE,CITY,STATE,COUNTRY,PHONE_NUMBER,NLS_LANGUAGE,NLS_TERRITORY,CREDIT_LIMIT,CUST_EMAIL,ACCOUNT_MGR_ID,STATUS) values (479,'Roxanne','Shepherd','1618 Villains St','361168','New Delhi - India',null,'IN','+91 11 012 4835','hi','INDIA',120000,'Roxanne.Shepherd@DUNLIN.COM',149,'Silver');
Insert into  CUSTOMERS (CUSTOMER_ID,CUST_FIRST_NAME,CUST_LAST_NAME,ADDRESS,POSTAL_CODE,CITY,STATE,COUNTRY,PHONE_NUMBER,NLS_LANGUAGE,NLS_TERRITORY,CREDIT_LIMIT,CUST_EMAIL,ACCOUNT_MGR_ID,STATUS) values (480,'Roxanne','Michalkow','1619 Bowlers Rd','361168','Chandigarh','Har','IN','+91 172 012 4837','hi','INDIA',120000,'Roxanne.Michalkow@EIDER.COM',149,'Platinum');
Insert into  CUSTOMERS (CUSTOMER_ID,CUST_FIRST_NAME,CUST_LAST_NAME,ADDRESS,POSTAL_CODE,CITY,STATE,COUNTRY,PHONE_NUMBER,NLS_LANGUAGE,NLS_TERRITORY,CREDIT_LIMIT,CUST_EMAIL,ACCOUNT_MGR_ID,STATUS) values (481,'Roy','Hulce','1620 Sixers Crt','361168','Bombay','Kar','IN','+91 22 012 4839','hi','INDIA',500000,'Roy.Hulce@SISKIN.COM',null,'Silver');
Insert into  CUSTOMERS (CUSTOMER_ID,CUST_FIRST_NAME,CUST_LAST_NAME,ADDRESS,POSTAL_CODE,CITY,STATE,COUNTRY,PHONE_NUMBER,NLS_LANGUAGE,NLS_TERRITORY,CREDIT_LIMIT,CUST_EMAIL,ACCOUNT_MGR_ID,STATUS) values (482,'Roy','Dunaway','1622 Roja St','361168','Chennai','Tam','IN','+91 80 012 4841','hi','INDIA',500000,'Roy.Dunaway@WHIMBREL.COM',149,'Silver');
Insert into  CUSTOMERS (CUSTOMER_ID,CUST_FIRST_NAME,CUST_LAST_NAME,ADDRESS,POSTAL_CODE,CITY,STATE,COUNTRY,PHONE_NUMBER,NLS_LANGUAGE,NLS_TERRITORY,CREDIT_LIMIT,CUST_EMAIL,ACCOUNT_MGR_ID,STATUS) values (483,'Roy','Bates','1623 Hey Ram St','361168','Chennai - India',null,'IN','+91 80 012 4843','hi','INDIA',500000,'Roy.Bates@WIGEON.COM',null,'Silver');
Insert into  CUSTOMERS (CUSTOMER_ID,CUST_FIRST_NAME,CUST_LAST_NAME,ADDRESS,POSTAL_CODE,CITY,STATE,COUNTRY,PHONE_NUMBER,NLS_LANGUAGE,NLS_TERRITORY,CREDIT_LIMIT,CUST_EMAIL,ACCOUNT_MGR_ID,STATUS) values (487,'Rufus','Dvrrie','1627 Sowdagar St','361168','New Delhi',null,'IN','+91 11 012 4851','hi','INDIA',190000,'Rufus.Dvrrie@PLOVER.COM',null,'Silver');
Insert into  CUSTOMERS (CUSTOMER_ID,CUST_FIRST_NAME,CUST_LAST_NAME,ADDRESS,POSTAL_CODE,CITY,STATE,COUNTRY,PHONE_NUMBER,NLS_LANGUAGE,NLS_TERRITORY,CREDIT_LIMIT,CUST_EMAIL,ACCOUNT_MGR_ID,STATUS) values (488,'Rufus','Belushi','1628 Pataudi St','361168','New Delhi',null,'IN','+91 11 012 4853','hi','INDIA',190000,'Rufus.Belushi@PUFFIN.COM',null,'gold');
Insert into  CUSTOMERS (CUSTOMER_ID,CUST_FIRST_NAME,CUST_LAST_NAME,ADDRESS,POSTAL_CODE,CITY,STATE,COUNTRY,PHONE_NUMBER,NLS_LANGUAGE,NLS_TERRITORY,CREDIT_LIMIT,CUST_EMAIL,ACCOUNT_MGR_ID,STATUS) values (492,'Sally','Edwards','1632 Splash St','361168','Chandigarh','Har','IN','+91 172 012 4861','hi','INDIA',250000,'Sally.Edwards@TURNSTONE.COM',null,'gold');
Insert into  CUSTOMERS (CUSTOMER_ID,CUST_FIRST_NAME,CUST_LAST_NAME,ADDRESS,POSTAL_CODE,CITY,STATE,COUNTRY,PHONE_NUMBER,NLS_LANGUAGE,NLS_TERRITORY,CREDIT_LIMIT,CUST_EMAIL,ACCOUNT_MGR_ID,STATUS) values (496,'Scott','Jordan','1636 Pretty Blvd','361168','Bangalore','Kar','IN','+91 80 012 4869','hi','INDIA',500000,'Scott.Jordan@WILLET.COM',149,'gold');
Insert into  CUSTOMERS (CUSTOMER_ID,CUST_FIRST_NAME,CUST_LAST_NAME,ADDRESS,POSTAL_CODE,CITY,STATE,COUNTRY,PHONE_NUMBER,NLS_LANGUAGE,NLS_TERRITORY,CREDIT_LIMIT,CUST_EMAIL,ACCOUNT_MGR_ID,STATUS) values (605,'Shammi','Pacino','1646 Brazil Blvd','361168','Chennai','Tam','IN','+91 80 012 4887','hi','INDIA',50000,'Shammi.Pacino@BITTERN.COM',145,'Platinum');
Insert into  CUSTOMERS (CUSTOMER_ID,CUST_FIRST_NAME,CUST_LAST_NAME,ADDRESS,POSTAL_CODE,CITY,STATE,COUNTRY,PHONE_NUMBER,NLS_LANGUAGE,NLS_TERRITORY,CREDIT_LIMIT,CUST_EMAIL,ACCOUNT_MGR_ID,STATUS) values (606,'Sharmila','Kazan','1647 Suspense St','361168','Cochin','Ker','IN','+91 80 012 4889','hi','INDIA',50000,'Sharmila.Kazan@BRANT.COM',145,'Silver');
Insert into  CUSTOMERS (CUSTOMER_ID,CUST_FIRST_NAME,CUST_LAST_NAME,ADDRESS,POSTAL_CODE,CITY,STATE,COUNTRY,PHONE_NUMBER,NLS_LANGUAGE,NLS_TERRITORY,CREDIT_LIMIT,CUST_EMAIL,ACCOUNT_MGR_ID,STATUS) values (607,'Sharmila','Fonda','1648 Anamika St','361168','Cochin','Ker','IN','+91 80 012 4891','hi','INDIA',50000,'Sharmila.Fonda@BUFFLEHEAD.COM',145,'Silver');
Insert into  CUSTOMERS (CUSTOMER_ID,CUST_FIRST_NAME,CUST_LAST_NAME,ADDRESS,POSTAL_CODE,CITY,STATE,COUNTRY,PHONE_NUMBER,NLS_LANGUAGE,NLS_TERRITORY,CREDIT_LIMIT,CUST_EMAIL,ACCOUNT_MGR_ID,STATUS) values (609,'Shelley','Taylor','1650 Teesri Manjil Crt','361168','Kashmir',null,'IN','+91 141 012 4895','hi','INDIA',370000,'Shelley.Taylor@CURLEW.COM',null,'Silver');
Insert into  CUSTOMERS (CUSTOMER_ID,CUST_FIRST_NAME,CUST_LAST_NAME,ADDRESS,POSTAL_CODE,CITY,STATE,COUNTRY,PHONE_NUMBER,NLS_LANGUAGE,NLS_TERRITORY,CREDIT_LIMIT,CUST_EMAIL,ACCOUNT_MGR_ID,STATUS) values (615,'Shyam','Plummer','1656 Veterans Rd','361168','Chennai','Tam','IN','+91 80 012 4907','hi','INDIA',250000,'Shyam.Plummer@VEERY.COM',145,'Platinum');
Insert into  CUSTOMERS (CUSTOMER_ID,CUST_FIRST_NAME,CUST_LAST_NAME,ADDRESS,POSTAL_CODE,CITY,STATE,COUNTRY,PHONE_NUMBER,NLS_LANGUAGE,NLS_TERRITORY,CREDIT_LIMIT,CUST_EMAIL,ACCOUNT_MGR_ID,STATUS) values (621,'Silk','Kurosawa','1662 Talaivar St','361168','Chennai','Tam','IN','+91 80 012 4919','hi','INDIA',150000,'Silk.Kurosawa@NUTHATCH.COM',null,'Silver');
Insert into  CUSTOMERS (CUSTOMER_ID,CUST_FIRST_NAME,CUST_LAST_NAME,ADDRESS,POSTAL_CODE,CITY,STATE,COUNTRY,PHONE_NUMBER,NLS_LANGUAGE,NLS_TERRITORY,CREDIT_LIMIT,CUST_EMAIL,ACCOUNT_MGR_ID,STATUS) values (627,'Sivaji','Gielgud','1667 2010 St','61311','Batavia','Ker','IN','+91 80 012 4931','hi','INDIA',50000,'Sivaji.Gielgud@BULBUL.COM',null,'Silver');
Insert into  CUSTOMERS (CUSTOMER_ID,CUST_FIRST_NAME,CUST_LAST_NAME,ADDRESS,POSTAL_CODE,CITY,STATE,COUNTRY,PHONE_NUMBER,NLS_LANGUAGE,NLS_TERRITORY,CREDIT_LIMIT,CUST_EMAIL,ACCOUNT_MGR_ID,STATUS) values (712,'M. Emmet','Stockwell','Piazza Del Congresso 22','361185','Roma',null,'IT','+39 6 012 4501','i','ITALY',370000,'M.Emmet.Stockwell@COOT.COM',145,'gold');
Insert into  CUSTOMERS (CUSTOMER_ID,CUST_FIRST_NAME,CUST_LAST_NAME,ADDRESS,POSTAL_CODE,CITY,STATE,COUNTRY,PHONE_NUMBER,NLS_LANGUAGE,NLS_TERRITORY,CREDIT_LIMIT,CUST_EMAIL,ACCOUNT_MGR_ID,STATUS) values (713,'M. Emmet','Olin','Piazza Quattre Stagioni 4','361186','Roma',null,'IT','+39 6 012 4503','i','ITALY',370000,'M.Emmet.Olin@CORMORANT.COM',145,'Silver');
Insert into  CUSTOMERS (CUSTOMER_ID,CUST_FIRST_NAME,CUST_LAST_NAME,ADDRESS,POSTAL_CODE,CITY,STATE,COUNTRY,PHONE_NUMBER,NLS_LANGUAGE,NLS_TERRITORY,CREDIT_LIMIT,CUST_EMAIL,ACCOUNT_MGR_ID,STATUS) values (715,'Malcolm','Field','Piazza Svizzera','361187','Roma',null,'IT','+39 6 012 4507','i','ITALY',240000,'Malcolm.Field@DOWITCHER.COM',145,'Platinum');
Insert into  CUSTOMERS (CUSTOMER_ID,CUST_FIRST_NAME,CUST_LAST_NAME,ADDRESS,POSTAL_CODE,CITY,STATE,COUNTRY,PHONE_NUMBER,NLS_LANGUAGE,NLS_TERRITORY,CREDIT_LIMIT,CUST_EMAIL,ACCOUNT_MGR_ID,STATUS) values (717,'Mammutti','Sutherland','Ruella Delle Spiriti','361188','Roma',null,'IT','+39 6 012 4511','i','ITALY',50000,'Mammutti.Sutherland@TOWHEE.COM',145,'Silver');
Insert into  CUSTOMERS (CUSTOMER_ID,CUST_FIRST_NAME,CUST_LAST_NAME,ADDRESS,POSTAL_CODE,CITY,STATE,COUNTRY,PHONE_NUMBER,NLS_LANGUAGE,NLS_TERRITORY,CREDIT_LIMIT,CUST_EMAIL,ACCOUNT_MGR_ID,STATUS) values (719,'Mani','Kazan','Via Del Disegno 194','361189','Roma',null,'IT','+39 6 012 4515','i','ITALY',50000,'Mani.Kazan@TROGON.COM',149,'Silver');
Insert into  CUSTOMERS (CUSTOMER_ID,CUST_FIRST_NAME,CUST_LAST_NAME,ADDRESS,POSTAL_CODE,CITY,STATE,COUNTRY,PHONE_NUMBER,NLS_LANGUAGE,NLS_TERRITORY,CREDIT_LIMIT,CUST_EMAIL,ACCOUNT_MGR_ID,STATUS) values (721,'Mani','Buckley','Via Delle Capeletti 52','361190','Roma',null,'IT','+39 6 012 4519','i','ITALY',50000,'Mani.Buckley@TURNSTONE.COM',149,'Silver');
Insert into  CUSTOMERS (CUSTOMER_ID,CUST_FIRST_NAME,CUST_LAST_NAME,ADDRESS,POSTAL_CODE,CITY,STATE,COUNTRY,PHONE_NUMBER,NLS_LANGUAGE,NLS_TERRITORY,CREDIT_LIMIT,CUST_EMAIL,ACCOUNT_MGR_ID,STATUS) values (727,'Margaret','Ustinov','Via Dello Croce 93','361193','Roma',null,'IT','+39 6 012 4531','i','ITALY',120000,'Margaret.Ustinov@ANHINGA.COM',149,'Silver');
Insert into  CUSTOMERS (CUSTOMER_ID,CUST_FIRST_NAME,CUST_LAST_NAME,ADDRESS,POSTAL_CODE,CITY,STATE,COUNTRY,PHONE_NUMBER,NLS_LANGUAGE,NLS_TERRITORY,CREDIT_LIMIT,CUST_EMAIL,ACCOUNT_MGR_ID,STATUS) values (729,'Margaux','Krige','Via Di Firenze 231','361194','Roma',null,'IT','+39 6 012 4535','i','ITALY',240000,'Margaux.Krige@DUNLIN.COM',null,'Silver');
Insert into  CUSTOMERS (CUSTOMER_ID,CUST_FIRST_NAME,CUST_LAST_NAME,ADDRESS,POSTAL_CODE,CITY,STATE,COUNTRY,PHONE_NUMBER,NLS_LANGUAGE,NLS_TERRITORY,CREDIT_LIMIT,CUST_EMAIL,ACCOUNT_MGR_ID,STATUS) values (731,'Margaux','Capshaw','Via Dolorosa 69','361195','Roma',null,'IT','+39 6 012 4539','i','ITALY',240000,'Margaux.Capshaw@EIDER.COM',null,'Silver');
Insert into  CUSTOMERS (CUSTOMER_ID,CUST_FIRST_NAME,CUST_LAST_NAME,ADDRESS,POSTAL_CODE,CITY,STATE,COUNTRY,PHONE_NUMBER,NLS_LANGUAGE,NLS_TERRITORY,CREDIT_LIMIT,CUST_EMAIL,ACCOUNT_MGR_ID,STATUS) values (754,'Kevin','Goodman','Via Notoriosa 1942','361234','Ventimiglia',null,'IT','+39 10 012 4385','i','ITALY',70000,'Kevin.Goodman@WIGEON.COM',145,'Silver');
Insert into  CUSTOMERS (CUSTOMER_ID,CUST_FIRST_NAME,CUST_LAST_NAME,ADDRESS,POSTAL_CODE,CITY,STATE,COUNTRY,PHONE_NUMBER,NLS_LANGUAGE,NLS_TERRITORY,CREDIT_LIMIT,CUST_EMAIL,ACCOUNT_MGR_ID,STATUS) values (755,'Kevin','Cleveland','Via Notoriosa 1943','361235','Ventimiglia',null,'IT','+39 10 012 4387','i','ITALY',70000,'Kevin.Cleveland@WILLET.COM',149,'Platinum');
commit;
Insert into  CUSTOMERS (CUSTOMER_ID,CUST_FIRST_NAME,CUST_LAST_NAME,ADDRESS,POSTAL_CODE,CITY,STATE,COUNTRY,PHONE_NUMBER,NLS_LANGUAGE,NLS_TERRITORY,CREDIT_LIMIT,CUST_EMAIL,ACCOUNT_MGR_ID,STATUS) values (756,'Kevin','Wilder','Canale Grande 2','361183','Roma',null,'IT','+39 6 012 4389','i','ITALY',70000,'Kevin.Wilder@AUKLET.COM',149,'gold');
Insert into  CUSTOMERS (CUSTOMER_ID,CUST_FIRST_NAME,CUST_LAST_NAME,ADDRESS,POSTAL_CODE,CITY,STATE,COUNTRY,PHONE_NUMBER,NLS_LANGUAGE,NLS_TERRITORY,CREDIT_LIMIT,CUST_EMAIL,ACCOUNT_MGR_ID,STATUS) values (757,'Kiefer','Reynolds','Piazza Cacchiatore 23','361184','Roma',null,'IT','+39 6 012 4391','i','ITALY',70000,'Kiefer.Reynolds@AVOCET.COM',149,'Silver');
Insert into  CUSTOMERS (CUSTOMER_ID,CUST_FIRST_NAME,CUST_LAST_NAME,ADDRESS,POSTAL_CODE,CITY,STATE,COUNTRY,PHONE_NUMBER,NLS_LANGUAGE,NLS_TERRITORY,CREDIT_LIMIT,CUST_EMAIL,ACCOUNT_MGR_ID,STATUS) values (766,'Klaus','Young','Via Del Disegno 194','361223','San Giminiano',null,'IT','+39 49 012 4409','i','ITALY',60000,'Klaus.Young@OVENBIRD.COM',149,'Silver');
Insert into  CUSTOMERS (CUSTOMER_ID,CUST_FIRST_NAME,CUST_LAST_NAME,ADDRESS,POSTAL_CODE,CITY,STATE,COUNTRY,PHONE_NUMBER,NLS_LANGUAGE,NLS_TERRITORY,CREDIT_LIMIT,CUST_EMAIL,ACCOUNT_MGR_ID,STATUS) values (767,'Klaus Maria','Russell','Piazza Svizzera','361221','San Giminiano',null,'IT','+39 49 012 4411','i','ITALY',100000,'KlausMaria.Russell@COOT.COM',null,'Silver');
Insert into  CUSTOMERS (CUSTOMER_ID,CUST_FIRST_NAME,CUST_LAST_NAME,ADDRESS,POSTAL_CODE,CITY,STATE,COUNTRY,PHONE_NUMBER,NLS_LANGUAGE,NLS_TERRITORY,CREDIT_LIMIT,CUST_EMAIL,ACCOUNT_MGR_ID,STATUS) values (768,'Klaus Maria','MacLaine','Via Dello Croce 93','361227','Tellaro',null,'IT','+39 10 012 4413','i','ITALY',100000,'KlausMaria.MacLaine@CHUKAR.COM',149,'gold');
Insert into  CUSTOMERS (CUSTOMER_ID,CUST_FIRST_NAME,CUST_LAST_NAME,ADDRESS,POSTAL_CODE,CITY,STATE,COUNTRY,PHONE_NUMBER,NLS_LANGUAGE,NLS_TERRITORY,CREDIT_LIMIT,CUST_EMAIL,ACCOUNT_MGR_ID,STATUS) values (769,'Kris','Harris','Via Dello Croce 93','361217','San Giminiano',null,'IT','+39 49 012 4415','i','ITALY',140000,'Kris.Harris@DIPPER.COM',null,'Silver');
Insert into  CUSTOMERS (CUSTOMER_ID,CUST_FIRST_NAME,CUST_LAST_NAME,ADDRESS,POSTAL_CODE,CITY,STATE,COUNTRY,PHONE_NUMBER,NLS_LANGUAGE,NLS_TERRITORY,CREDIT_LIMIT,CUST_EMAIL,ACCOUNT_MGR_ID,STATUS) values (770,'Kris','Curtis','Ruella Delle Spiriti','361222','San Giminiano',null,'IT','+39 49 012 4417','i','ITALY',140000,'Kris.Curtis@DOWITCHER.COM',null,'Platinum');
Insert into  CUSTOMERS (CUSTOMER_ID,CUST_FIRST_NAME,CUST_LAST_NAME,ADDRESS,POSTAL_CODE,CITY,STATE,COUNTRY,PHONE_NUMBER,NLS_LANGUAGE,NLS_TERRITORY,CREDIT_LIMIT,CUST_EMAIL,ACCOUNT_MGR_ID,STATUS) values (771,'Kris','de Niro','Via Delle Capeletti 52','361224','San Giminiano',null,'IT','+39 49 012 4419','i','ITALY',140000,'Kris.deNiro@DUNLIN.COM',null,'Silver');
Insert into  CUSTOMERS (CUSTOMER_ID,CUST_FIRST_NAME,CUST_LAST_NAME,ADDRESS,POSTAL_CODE,CITY,STATE,COUNTRY,PHONE_NUMBER,NLS_LANGUAGE,NLS_TERRITORY,CREDIT_LIMIT,CUST_EMAIL,ACCOUNT_MGR_ID,STATUS) values (772,'Kristin','Savage','Via Delli Capelli 2','361226','Tellaro',null,'IT','+39 10 012 4421','i','ITALY',140000,'Kristin.Savage@CURLEW.COM',149,'gold');
Insert into  CUSTOMERS (CUSTOMER_ID,CUST_FIRST_NAME,CUST_LAST_NAME,ADDRESS,POSTAL_CODE,CITY,STATE,COUNTRY,PHONE_NUMBER,NLS_LANGUAGE,NLS_TERRITORY,CREDIT_LIMIT,CUST_EMAIL,ACCOUNT_MGR_ID,STATUS) values (782,'Laurence','Seignier','1971 Limelight Blvd',null,'Samutprakarn',null,'TH','+66 76 012 4441','th','THAILAND',120000,'Laurence.Seignier@CREEPER.COM',149,'Silver');
Insert into  CUSTOMERS (CUSTOMER_ID,CUST_FIRST_NAME,CUST_LAST_NAME,ADDRESS,POSTAL_CODE,CITY,STATE,COUNTRY,PHONE_NUMBER,NLS_LANGUAGE,NLS_TERRITORY,CREDIT_LIMIT,CUST_EMAIL,ACCOUNT_MGR_ID,STATUS) values (825,'Alain','Dreyfuss','Harmoniegasse 3','3413','Baden-Daettwil','AG','CH','+41 56 012 3527','d','SWITZERLAND',150000,'Alain.Dreyfuss@VEERY.COM',149,'Platinum');
Insert into  CUSTOMERS (CUSTOMER_ID,CUST_FIRST_NAME,CUST_LAST_NAME,ADDRESS,POSTAL_CODE,CITY,STATE,COUNTRY,PHONE_NUMBER,NLS_LANGUAGE,NLS_TERRITORY,CREDIT_LIMIT,CUST_EMAIL,ACCOUNT_MGR_ID,STATUS) values (826,'Alain','Barkin','Sonnenberg 4','3413','Baden-Daettwil','AG','CH','+41 57 012 3529','d','SWITZERLAND',150000,'Alain.Barkin@VERDIN.COM',149,'Silver');
Insert into  CUSTOMERS (CUSTOMER_ID,CUST_FIRST_NAME,CUST_LAST_NAME,ADDRESS,POSTAL_CODE,CITY,STATE,COUNTRY,PHONE_NUMBER,NLS_LANGUAGE,NLS_TERRITORY,CREDIT_LIMIT,CUST_EMAIL,ACCOUNT_MGR_ID,STATUS) values (827,'Alain','Siegel','Alfred E. Neumann-Weg 3','3413','Baden-Daettwil','AG','CH','+41 58 012 3531','d','SWITZERLAND',150000,'Alain.Siegel@VIREO.COM',149,'Silver');
Insert into  CUSTOMERS (CUSTOMER_ID,CUST_FIRST_NAME,CUST_LAST_NAME,ADDRESS,POSTAL_CODE,CITY,STATE,COUNTRY,PHONE_NUMBER,NLS_LANGUAGE,NLS_TERRITORY,CREDIT_LIMIT,CUST_EMAIL,ACCOUNT_MGR_ID,STATUS) values (828,'Alan','Minnelli','Dr. Herbert Bitto Str 23','3413','Baden-Daettwil','AG','CH','+41 59 012 3533','d','SWITZERLAND',230000,'Alan.Minnelli@TANAGER.COM',149,'gold');
Insert into  CUSTOMERS (CUSTOMER_ID,CUST_FIRST_NAME,CUST_LAST_NAME,ADDRESS,POSTAL_CODE,CITY,STATE,COUNTRY,PHONE_NUMBER,NLS_LANGUAGE,NLS_TERRITORY,CREDIT_LIMIT,CUST_EMAIL,ACCOUNT_MGR_ID,STATUS) values (829,'Alan','Hunter','Taefernstr 4','3413','Baden-Daettwil','AG','CH','+41 60 012 3535','d','SWITZERLAND',230000,'Alan.Hunter@TATTLER.COM',149,'Silver');
Insert into  CUSTOMERS (CUSTOMER_ID,CUST_FIRST_NAME,CUST_LAST_NAME,ADDRESS,POSTAL_CODE,CITY,STATE,COUNTRY,PHONE_NUMBER,NLS_LANGUAGE,NLS_TERRITORY,CREDIT_LIMIT,CUST_EMAIL,ACCOUNT_MGR_ID,STATUS) values (830,'Albert','Dutt','Kreuzritterplatz 5','3413','Baden-Daettwil','AG','CH','+41 61 012 3537','d','SWITZERLAND',350000,'Albert.Dutt@CURLEW.COM',null,'Platinum');
Insert into  CUSTOMERS (CUSTOMER_ID,CUST_FIRST_NAME,CUST_LAST_NAME,ADDRESS,POSTAL_CODE,CITY,STATE,COUNTRY,PHONE_NUMBER,NLS_LANGUAGE,NLS_TERRITORY,CREDIT_LIMIT,CUST_EMAIL,ACCOUNT_MGR_ID,STATUS) values (831,'Albert','Bel Geddes','Helebardenweg 5','3413','Baden-Daettwil','AG','CH','+41 62 012 3539','d','SWITZERLAND',350000,'Albert.BelGeddes@DIPPER.COM',null,'Silver');
Insert into  CUSTOMERS (CUSTOMER_ID,CUST_FIRST_NAME,CUST_LAST_NAME,ADDRESS,POSTAL_CODE,CITY,STATE,COUNTRY,PHONE_NUMBER,NLS_LANGUAGE,NLS_TERRITORY,CREDIT_LIMIT,CUST_EMAIL,ACCOUNT_MGR_ID,STATUS) values (832,'Albert','Spacek','Zum Freundlichen Nachbarn 5','3413','Baden-Daettwil','AG','CH','+41 63 012 3541','d','SWITZERLAND',350000,'Albert.Spacek@DOWITCHER.COM',null,'gold');
Insert into  CUSTOMERS (CUSTOMER_ID,CUST_FIRST_NAME,CUST_LAST_NAME,ADDRESS,POSTAL_CODE,CITY,STATE,COUNTRY,PHONE_NUMBER,NLS_LANGUAGE,NLS_TERRITORY,CREDIT_LIMIT,CUST_EMAIL,ACCOUNT_MGR_ID,STATUS) values (833,'Alec','Moranis','Ziegenwiese 3','3413','Baden-Daettwil','AG','CH','+41 64 012 3543','d','SWITZERLAND',350000,'Alec.Moranis@DUNLIN.COM',149,'Silver');
Insert into  CUSTOMERS (CUSTOMER_ID,CUST_FIRST_NAME,CUST_LAST_NAME,ADDRESS,POSTAL_CODE,CITY,STATE,COUNTRY,PHONE_NUMBER,NLS_LANGUAGE,NLS_TERRITORY,CREDIT_LIMIT,CUST_EMAIL,ACCOUNT_MGR_ID,STATUS) values (834,'Alec','Idle','Am Waldrand 5','3413','Baden-Daettwil','AG','CH','+41 65 012 3545','d','SWITZERLAND',350000,'Alec.Idle@EIDER.COM',null,'Silver');
Insert into  CUSTOMERS (CUSTOMER_ID,CUST_FIRST_NAME,CUST_LAST_NAME,ADDRESS,POSTAL_CODE,CITY,STATE,COUNTRY,PHONE_NUMBER,NLS_LANGUAGE,NLS_TERRITORY,CREDIT_LIMIT,CUST_EMAIL,ACCOUNT_MGR_ID,STATUS) values (835,'Alexander','Eastwood','Zur Kantine 9','3413','Baden-Daettwil','AG','CH','+41 66 012 3547','d','SWITZERLAND',120000,'Alexander.Eastwood@AVOCET.COM',149,'Platinum');
Insert into  CUSTOMERS (CUSTOMER_ID,CUST_FIRST_NAME,CUST_LAST_NAME,ADDRESS,POSTAL_CODE,CITY,STATE,COUNTRY,PHONE_NUMBER,NLS_LANGUAGE,NLS_TERRITORY,CREDIT_LIMIT,CUST_EMAIL,ACCOUNT_MGR_ID,STATUS) values (836,'Alexander','Berenger','Grosse Bahnhostrasse 3','3413','Baden-Daettwil','AG','CH','+41 67 012 3549','d','SWITZERLAND',120000,'Alexander.Berenger@BECARD.COM',149,'gold');
Insert into  CUSTOMERS (CUSTOMER_ID,CUST_FIRST_NAME,CUST_LAST_NAME,ADDRESS,POSTAL_CODE,CITY,STATE,COUNTRY,PHONE_NUMBER,NLS_LANGUAGE,NLS_TERRITORY,CREDIT_LIMIT,CUST_EMAIL,ACCOUNT_MGR_ID,STATUS) values (837,'Alexander','Stanton','Paradeplatz 4','8001','Zuerich','ZH','CH','+41 2 012 3551','d','SWITZERLAND',120000,'Alexander.Stanton@AUKLET.COM',149,'Silver');
Insert into  CUSTOMERS (CUSTOMER_ID,CUST_FIRST_NAME,CUST_LAST_NAME,ADDRESS,POSTAL_CODE,CITY,STATE,COUNTRY,PHONE_NUMBER,NLS_LANGUAGE,NLS_TERRITORY,CREDIT_LIMIT,CUST_EMAIL,ACCOUNT_MGR_ID,STATUS) values (838,'Alfred','Nicholson','Badenerstr 1941','8004','Zuerich','ZH','CH','+41 3 012 3553','d','SWITZERLAND',350000,'Alfred.Nicholson@CREEPER.COM',149,'Silver');
Insert into  CUSTOMERS (CUSTOMER_ID,CUST_FIRST_NAME,CUST_LAST_NAME,ADDRESS,POSTAL_CODE,CITY,STATE,COUNTRY,PHONE_NUMBER,NLS_LANGUAGE,NLS_TERRITORY,CREDIT_LIMIT,CUST_EMAIL,ACCOUNT_MGR_ID,STATUS) values (839,'Alfred','Johnson','Welschdoerfchen 1941','7001','Chur','ZH','CH','+41 81 012 3555','d','SWITZERLAND',350000,'Alfred.Johnson@FLICKER.COM',149,'Silver');
Insert into  CUSTOMERS (CUSTOMER_ID,CUST_FIRST_NAME,CUST_LAST_NAME,ADDRESS,POSTAL_CODE,CITY,STATE,COUNTRY,PHONE_NUMBER,NLS_LANGUAGE,NLS_TERRITORY,CREDIT_LIMIT,CUST_EMAIL,ACCOUNT_MGR_ID,STATUS) values (840,'Ali','Elliott','Le Reduit','7064','Tschiertschen','GR','CH','+41 81 012 3557','d','SWITZERLAND',140000,'Ali.Elliott@ANHINGA.COM',null,'Platinum');
Insert into  CUSTOMERS (CUSTOMER_ID,CUST_FIRST_NAME,CUST_LAST_NAME,ADDRESS,POSTAL_CODE,CITY,STATE,COUNTRY,PHONE_NUMBER,NLS_LANGUAGE,NLS_TERRITORY,CREDIT_LIMIT,CUST_EMAIL,ACCOUNT_MGR_ID,STATUS) values (841,'Ali','Boyer','Bendlehn','9062','Trogen','SG','CH','+41 71 012 3559','d','SWITZERLAND',140000,'Ali.Boyer@WILLET.COM',null,'Silver');
Insert into  CUSTOMERS (CUSTOMER_ID,CUST_FIRST_NAME,CUST_LAST_NAME,ADDRESS,POSTAL_CODE,CITY,STATE,COUNTRY,PHONE_NUMBER,NLS_LANGUAGE,NLS_TERRITORY,CREDIT_LIMIT,CUST_EMAIL,ACCOUNT_MGR_ID,STATUS) values (101,'Constantin','Welles','514 W Superior St','46901','Kokomo','IN','US','+1 317 123 4104','us','AMERICA',100000,'Constantin.Welles@ANHINGA.COM',149,'Silver');
Insert into  CUSTOMERS (CUSTOMER_ID,CUST_FIRST_NAME,CUST_LAST_NAME,ADDRESS,POSTAL_CODE,CITY,STATE,COUNTRY,PHONE_NUMBER,NLS_LANGUAGE,NLS_TERRITORY,CREDIT_LIMIT,CUST_EMAIL,ACCOUNT_MGR_ID,STATUS) values (102,'Harrison','Pacino','2515 Bloyd Ave','46218','Indianapolis','IN','US','+1 317 123 4111','us','AMERICA',10000,'Harrison.Pacino@ANI.COM',149,'Silver');
Insert into  CUSTOMERS (CUSTOMER_ID,CUST_FIRST_NAME,CUST_LAST_NAME,ADDRESS,POSTAL_CODE,CITY,STATE,COUNTRY,PHONE_NUMBER,NLS_LANGUAGE,NLS_TERRITORY,CREDIT_LIMIT,CUST_EMAIL,ACCOUNT_MGR_ID,STATUS) values (103,'Manisha','Taylor','8768 N State Rd 37','47404','Bloomington','IN','US','+1 812 123 4115','us','AMERICA',10000,'Manisha.Taylor@AUKLET.COM',149,'Silver');
Insert into  CUSTOMERS (CUSTOMER_ID,CUST_FIRST_NAME,CUST_LAST_NAME,ADDRESS,POSTAL_CODE,CITY,STATE,COUNTRY,PHONE_NUMBER,NLS_LANGUAGE,NLS_TERRITORY,CREDIT_LIMIT,CUST_EMAIL,ACCOUNT_MGR_ID,STATUS) values (104,'Harrison','Sutherland','6445 Bay Harbor Ln','46254','Indianapolis','IN','US','+1 317 123 4126','us','AMERICA',10000,'Harrison.Sutherland@GODWIT.COM',149,'gold');
Insert into  CUSTOMERS (CUSTOMER_ID,CUST_FIRST_NAME,CUST_LAST_NAME,ADDRESS,POSTAL_CODE,CITY,STATE,COUNTRY,PHONE_NUMBER,NLS_LANGUAGE,NLS_TERRITORY,CREDIT_LIMIT,CUST_EMAIL,ACCOUNT_MGR_ID,STATUS) values (105,'Matthias','MacGraw','4019 W 3Rd St','47404','Bloomington','IN','US','+1 812 123 4129','us','AMERICA',10000,'Matthias.MacGraw@GOLDENEYE.COM',null,'Platinum');
Insert into  CUSTOMERS (CUSTOMER_ID,CUST_FIRST_NAME,CUST_LAST_NAME,ADDRESS,POSTAL_CODE,CITY,STATE,COUNTRY,PHONE_NUMBER,NLS_LANGUAGE,NLS_TERRITORY,CREDIT_LIMIT,CUST_EMAIL,ACCOUNT_MGR_ID,STATUS) values (106,'Matthias','Hannah','1608 Portage Ave','46616','South Bend','IN','US','+1 219 123 4136','us','AMERICA',10000,'Matthias.Hannah@GREBE.COM',149,'Silver');
Insert into  CUSTOMERS (CUSTOMER_ID,CUST_FIRST_NAME,CUST_LAST_NAME,ADDRESS,POSTAL_CODE,CITY,STATE,COUNTRY,PHONE_NUMBER,NLS_LANGUAGE,NLS_TERRITORY,CREDIT_LIMIT,CUST_EMAIL,ACCOUNT_MGR_ID,STATUS) values (107,'Matthias','Cruise','23943 Us Highway 33','46517','Elkhart','IN','US','+1 219 123 4138','us','AMERICA',10000,'Matthias.Cruise@GROSBEAK.COM',null,'Silver');
Insert into  CUSTOMERS (CUSTOMER_ID,CUST_FIRST_NAME,CUST_LAST_NAME,ADDRESS,POSTAL_CODE,CITY,STATE,COUNTRY,PHONE_NUMBER,NLS_LANGUAGE,NLS_TERRITORY,CREDIT_LIMIT,CUST_EMAIL,ACCOUNT_MGR_ID,STATUS) values (108,'Meenakshi','Mason','136 E Market St # 800','46204','Indianapolis','IN','US','+1 317 123 4141','us','AMERICA',10000,'Meenakshi.Mason@JACANA.COM',149,'gold');
Insert into  CUSTOMERS (CUSTOMER_ID,CUST_FIRST_NAME,CUST_LAST_NAME,ADDRESS,POSTAL_CODE,CITY,STATE,COUNTRY,PHONE_NUMBER,NLS_LANGUAGE,NLS_TERRITORY,CREDIT_LIMIT,CUST_EMAIL,ACCOUNT_MGR_ID,STATUS) values (109,'Christian','Cage','1905 College St','46628','South Bend','IN','US','+1 219 123 4142','us','AMERICA',10000,'Christian.Cage@KINGLET.COM',149,'Silver');
Insert into  CUSTOMERS (CUSTOMER_ID,CUST_FIRST_NAME,CUST_LAST_NAME,ADDRESS,POSTAL_CODE,CITY,STATE,COUNTRY,PHONE_NUMBER,NLS_LANGUAGE,NLS_TERRITORY,CREDIT_LIMIT,CUST_EMAIL,ACCOUNT_MGR_ID,STATUS) values (110,'Charlie','Sutherland','3512 Rockville Rd # 137C','46222','Indianapolis','IN','US','+1 317 123 4146','us','AMERICA',20000,'Charlie.Sutherland@LIMPKIN.COM',149,'Platinum');
Insert into  CUSTOMERS (CUSTOMER_ID,CUST_FIRST_NAME,CUST_LAST_NAME,ADDRESS,POSTAL_CODE,CITY,STATE,COUNTRY,PHONE_NUMBER,NLS_LANGUAGE,NLS_TERRITORY,CREDIT_LIMIT,CUST_EMAIL,ACCOUNT_MGR_ID,STATUS) values (111,'Charlie','Pacino','1303 E University St','47401','Bloomington','IN','US','+1 812 123 4150','us','AMERICA',20000,'Charlie.Pacino@LONGSPUR.COM',149,'Silver');
Insert into  CUSTOMERS (CUSTOMER_ID,CUST_FIRST_NAME,CUST_LAST_NAME,ADDRESS,POSTAL_CODE,CITY,STATE,COUNTRY,PHONE_NUMBER,NLS_LANGUAGE,NLS_TERRITORY,CREDIT_LIMIT,CUST_EMAIL,ACCOUNT_MGR_ID,STATUS) values (112,'Guillaume','Jackson','115 N Weinbach Ave','47711','Evansville','IN','US','+1 812 123 4151','us','AMERICA',20000,'Guillaume.Jackson@MOORHEN.COM',145,'gold');
Insert into  CUSTOMERS (CUSTOMER_ID,CUST_FIRST_NAME,CUST_LAST_NAME,ADDRESS,POSTAL_CODE,CITY,STATE,COUNTRY,PHONE_NUMBER,NLS_LANGUAGE,NLS_TERRITORY,CREDIT_LIMIT,CUST_EMAIL,ACCOUNT_MGR_ID,STATUS) values (113,'Daniel','Costner','2067 Rollett Ln','47712','Evansville','IN','US','+1 812 123 4153','us','AMERICA',20000,'Daniel.Costner@PARULA.COM',149,'Silver');
Insert into  CUSTOMERS (CUSTOMER_ID,CUST_FIRST_NAME,CUST_LAST_NAME,ADDRESS,POSTAL_CODE,CITY,STATE,COUNTRY,PHONE_NUMBER,NLS_LANGUAGE,NLS_TERRITORY,CREDIT_LIMIT,CUST_EMAIL,ACCOUNT_MGR_ID,STATUS) values (114,'Dianne','Derek','1105 E Allendale Dr','47401','Bloomington','IN','US','+1 812 123 4157','us','AMERICA',20000,'Dianne.Derek@SAW-WHET.COM',149,'Silver');
Insert into  CUSTOMERS (CUSTOMER_ID,CUST_FIRST_NAME,CUST_LAST_NAME,ADDRESS,POSTAL_CODE,CITY,STATE,COUNTRY,PHONE_NUMBER,NLS_LANGUAGE,NLS_TERRITORY,CREDIT_LIMIT,CUST_EMAIL,ACCOUNT_MGR_ID,STATUS) values (115,'Geraldine','Schneider','18305 Van Dyke St','48234','Detroit','MI','US','+1 313 123 4159','us','AMERICA',20000,'Geraldine.Schneider@SCAUP.COM',149,'Platinum');
Insert into  CUSTOMERS (CUSTOMER_ID,CUST_FIRST_NAME,CUST_LAST_NAME,ADDRESS,POSTAL_CODE,CITY,STATE,COUNTRY,PHONE_NUMBER,NLS_LANGUAGE,NLS_TERRITORY,CREDIT_LIMIT,CUST_EMAIL,ACCOUNT_MGR_ID,STATUS) values (116,'Geraldine','Martin','Lucas Dr Bldg 348','48242','Detroit','MI','US','+1 313 123 4160','us','AMERICA',20000,'Geraldine.Martin@SCOTER.COM',149,'gold');
Insert into  CUSTOMERS (CUSTOMER_ID,CUST_FIRST_NAME,CUST_LAST_NAME,ADDRESS,POSTAL_CODE,CITY,STATE,COUNTRY,PHONE_NUMBER,NLS_LANGUAGE,NLS_TERRITORY,CREDIT_LIMIT,CUST_EMAIL,ACCOUNT_MGR_ID,STATUS) values (117,'Guillaume','Edwards','1801 Monroe Ave Nw','49505','Grand Rapids','MI','US','+1 616 123 4162','us','AMERICA',20000,'Guillaume.Edwards@SHRIKE.COM',145,'Silver');
Insert into  CUSTOMERS (CUSTOMER_ID,CUST_FIRST_NAME,CUST_LAST_NAME,ADDRESS,POSTAL_CODE,CITY,STATE,COUNTRY,PHONE_NUMBER,NLS_LANGUAGE,NLS_TERRITORY,CREDIT_LIMIT,CUST_EMAIL,ACCOUNT_MGR_ID,STATUS) values (118,'Maurice','Mahoney','4925 Kendrick St Se','49512','Grand Rapids','MI','US','+1 616 123 4181','us','AMERICA',20000,'Maurice.Mahoney@SNIPE.COM',149,'Silver');
Insert into  CUSTOMERS (CUSTOMER_ID,CUST_FIRST_NAME,CUST_LAST_NAME,ADDRESS,POSTAL_CODE,CITY,STATE,COUNTRY,PHONE_NUMBER,NLS_LANGUAGE,NLS_TERRITORY,CREDIT_LIMIT,CUST_EMAIL,ACCOUNT_MGR_ID,STATUS) values (119,'Maurice','Hasan','3310 Dixie Ct','48601','Saginaw','MI','US','+1 517 123 4191','us','AMERICA',20000,'Maurice.Hasan@STILT.COM',149,'Silver');
Insert into  CUSTOMERS (CUSTOMER_ID,CUST_FIRST_NAME,CUST_LAST_NAME,ADDRESS,POSTAL_CODE,CITY,STATE,COUNTRY,PHONE_NUMBER,NLS_LANGUAGE,NLS_TERRITORY,CREDIT_LIMIT,CUST_EMAIL,ACCOUNT_MGR_ID,STATUS) values (120,'Diane','Higgins','113 Washington Sq N','48933','Lansing','MI','US','+1 517 123 4199','us','AMERICA',20000,'Diane.Higgins@TANAGER.COM',149,'Platinum');
Insert into  CUSTOMERS (CUSTOMER_ID,CUST_FIRST_NAME,CUST_LAST_NAME,ADDRESS,POSTAL_CODE,CITY,STATE,COUNTRY,PHONE_NUMBER,NLS_LANGUAGE,NLS_TERRITORY,CREDIT_LIMIT,CUST_EMAIL,ACCOUNT_MGR_ID,STATUS) values (121,'Dianne','Sen','2500 S Pennsylvania Ave','48910','Lansing','MI','US','+1 517 123 4201','us','AMERICA',20000,'Dianne.Sen@TATTLER.COM',149,'Silver');
Insert into  CUSTOMERS (CUSTOMER_ID,CUST_FIRST_NAME,CUST_LAST_NAME,ADDRESS,POSTAL_CODE,CITY,STATE,COUNTRY,PHONE_NUMBER,NLS_LANGUAGE,NLS_TERRITORY,CREDIT_LIMIT,CUST_EMAIL,ACCOUNT_MGR_ID,STATUS) values (122,'Maurice','Daltrey','3213 S Cedar St','48910','Lansing','MI','US','+1 517 123 4206','us','AMERICA',20000,'Maurice.Daltrey@TEAL.COM',null,'Silver');
Insert into  CUSTOMERS (CUSTOMER_ID,CUST_FIRST_NAME,CUST_LAST_NAME,ADDRESS,POSTAL_CODE,CITY,STATE,COUNTRY,PHONE_NUMBER,NLS_LANGUAGE,NLS_TERRITORY,CREDIT_LIMIT,CUST_EMAIL,ACCOUNT_MGR_ID,STATUS) values (123,'Elizabeth','Brown','8110 Jackson Rd','48103','Ann Arbor','MI','US','+1 313 123 4219','us','AMERICA',20000,'Elizabeth.Brown@THRASHER.COM',149,'Silver');
Insert into  CUSTOMERS (CUSTOMER_ID,CUST_FIRST_NAME,CUST_LAST_NAME,ADDRESS,POSTAL_CODE,CITY,STATE,COUNTRY,PHONE_NUMBER,NLS_LANGUAGE,NLS_TERRITORY,CREDIT_LIMIT,CUST_EMAIL,ACCOUNT_MGR_ID,STATUS) values (124,'Diane','Mason','6654 W Lafayette St','48226','Detroit','MI','US','+1 313 123 4222','us','AMERICA',20000,'Diane.Mason@TROGON.COM',149,'gold');
Insert into  CUSTOMERS (CUSTOMER_ID,CUST_FIRST_NAME,CUST_LAST_NAME,ADDRESS,POSTAL_CODE,CITY,STATE,COUNTRY,PHONE_NUMBER,NLS_LANGUAGE,NLS_TERRITORY,CREDIT_LIMIT,CUST_EMAIL,ACCOUNT_MGR_ID,STATUS) values (125,'Dianne','Andrews','27 Benton Rd','48602','Saginaw','MI','US','+1 517 123 4225','us','AMERICA',20000,'Dianne.Andrews@TURNSTONE.COM',149,'Platinum');
Insert into  CUSTOMERS (CUSTOMER_ID,CUST_FIRST_NAME,CUST_LAST_NAME,ADDRESS,POSTAL_CODE,CITY,STATE,COUNTRY,PHONE_NUMBER,NLS_LANGUAGE,NLS_TERRITORY,CREDIT_LIMIT,CUST_EMAIL,ACCOUNT_MGR_ID,STATUS) values (126,'Charles','Field','8201 Livernois Ave','48204','Detroit','MI','US','+1 313 123 4226','us','AMERICA',30000,'Charles.Field@BECARD.COM',null,'Silver');
Insert into  CUSTOMERS (CUSTOMER_ID,CUST_FIRST_NAME,CUST_LAST_NAME,ADDRESS,POSTAL_CODE,CITY,STATE,COUNTRY,PHONE_NUMBER,NLS_LANGUAGE,NLS_TERRITORY,CREDIT_LIMIT,CUST_EMAIL,ACCOUNT_MGR_ID,STATUS) values (127,'Charles','Broderick','101 N Falahee Rd','49203','Jackson','MI','US','+1 517 123 4228','us','AMERICA',30000,'Charles.Broderick@BITTERN.COM',null,'Silver');
Insert into  CUSTOMERS (CUSTOMER_ID,CUST_FIRST_NAME,CUST_LAST_NAME,ADDRESS,POSTAL_CODE,CITY,STATE,COUNTRY,PHONE_NUMBER,NLS_LANGUAGE,NLS_TERRITORY,CREDIT_LIMIT,CUST_EMAIL,ACCOUNT_MGR_ID,STATUS) values (128,'Isabella','Reed','3100 E Eisenhower Pky # 100','48108','Ann Arbor','MI','US','+1 313 123 4230','us','AMERICA',30000,'Isabella.Reed@BRANT.COM',null,'gold');
Insert into  CUSTOMERS (CUSTOMER_ID,CUST_FIRST_NAME,CUST_LAST_NAME,ADDRESS,POSTAL_CODE,CITY,STATE,COUNTRY,PHONE_NUMBER,NLS_LANGUAGE,NLS_TERRITORY,CREDIT_LIMIT,CUST_EMAIL,ACCOUNT_MGR_ID,STATUS) values (129,'Louis','Jackson','952 Vassar Dr','49001','Kalamazoo','MI','US','+1 616 123 4234','us','AMERICA',40000,'Louis.Jackson@CARACARA.COM',149,'Silver');
Insert into  CUSTOMERS (CUSTOMER_ID,CUST_FIRST_NAME,CUST_LAST_NAME,ADDRESS,POSTAL_CODE,CITY,STATE,COUNTRY,PHONE_NUMBER,NLS_LANGUAGE,NLS_TERRITORY,CREDIT_LIMIT,CUST_EMAIL,ACCOUNT_MGR_ID,STATUS) values (130,'Louis','Edwards','150 W Jefferson Ave # 2500','48226','Detroit','MI','US','+1 313 123 4242','us','AMERICA',40000,'Louis.Edwards@CHACHALACA.COM',null,'Platinum');
Insert into  CUSTOMERS (CUSTOMER_ID,CUST_FIRST_NAME,CUST_LAST_NAME,ADDRESS,POSTAL_CODE,CITY,STATE,COUNTRY,PHONE_NUMBER,NLS_LANGUAGE,NLS_TERRITORY,CREDIT_LIMIT,CUST_EMAIL,ACCOUNT_MGR_ID,STATUS) values (131,'Doris','Dutt','40 Pearl St Nw # 1020','49503','Grand Rapids','MI','US','+1 616 123 4245','us','AMERICA',40000,'Doris.Dutt@CHUKAR.COM',null,'Silver');
Insert into  CUSTOMERS (CUSTOMER_ID,CUST_FIRST_NAME,CUST_LAST_NAME,ADDRESS,POSTAL_CODE,CITY,STATE,COUNTRY,PHONE_NUMBER,NLS_LANGUAGE,NLS_TERRITORY,CREDIT_LIMIT,CUST_EMAIL,ACCOUNT_MGR_ID,STATUS) values (132,'Doris','Spacek','1135 Catherine St','48109','Ann Arbor','MI','US','+1 313 123 4248','us','AMERICA',40000,'Doris.Spacek@FLICKER.COM',null,'gold');
Insert into  CUSTOMERS (CUSTOMER_ID,CUST_FIRST_NAME,CUST_LAST_NAME,ADDRESS,POSTAL_CODE,CITY,STATE,COUNTRY,PHONE_NUMBER,NLS_LANGUAGE,NLS_TERRITORY,CREDIT_LIMIT,CUST_EMAIL,ACCOUNT_MGR_ID,STATUS) values (133,'Kristin','Malden','301 E Genesee Ave','48607','Saginaw','MI','US','+1 517 123 4253','us','AMERICA',40000,'Kristin.Malden@GODWIT.COM',149,'Silver');
Insert into  CUSTOMERS (CUSTOMER_ID,CUST_FIRST_NAME,CUST_LAST_NAME,ADDRESS,POSTAL_CODE,CITY,STATE,COUNTRY,PHONE_NUMBER,NLS_LANGUAGE,NLS_TERRITORY,CREDIT_LIMIT,CUST_EMAIL,ACCOUNT_MGR_ID,STATUS) values (134,'Sissy','Puri','9936 Dexter Ave','48206','Detroit','MI','US','+1 313 123 4255','us','AMERICA',40000,'Sissy.Puri@GREBE.COM',null,'Silver');
Insert into  CUSTOMERS (CUSTOMER_ID,CUST_FIRST_NAME,CUST_LAST_NAME,ADDRESS,POSTAL_CODE,CITY,STATE,COUNTRY,PHONE_NUMBER,NLS_LANGUAGE,NLS_TERRITORY,CREDIT_LIMIT,CUST_EMAIL,ACCOUNT_MGR_ID,STATUS) values (135,'Doris','Bel Geddes','1660 University Ter','48104','Ann Arbor','MI','US','+1 313 123 4263','us','AMERICA',40000,'Doris.BelGeddes@GROSBEAK.COM',null,'Platinum');
Insert into  CUSTOMERS (CUSTOMER_ID,CUST_FIRST_NAME,CUST_LAST_NAME,ADDRESS,POSTAL_CODE,CITY,STATE,COUNTRY,PHONE_NUMBER,NLS_LANGUAGE,NLS_TERRITORY,CREDIT_LIMIT,CUST_EMAIL,ACCOUNT_MGR_ID,STATUS) values (136,'Sissy','Warden','15713 N East St','48906','Lansing','MI','US','+1 517 123 4265','us','AMERICA',40000,'Sissy.Warden@JACANA.COM',149,'gold');
Insert into  CUSTOMERS (CUSTOMER_ID,CUST_FIRST_NAME,CUST_LAST_NAME,ADDRESS,POSTAL_CODE,CITY,STATE,COUNTRY,PHONE_NUMBER,NLS_LANGUAGE,NLS_TERRITORY,CREDIT_LIMIT,CUST_EMAIL,ACCOUNT_MGR_ID,STATUS) values (137,'Elia','Brando','555 John F Kennedy Rd','52002','Dubuque','IA','US','+1 319 123 4271','us','AMERICA',50000,'Elia.Brando@JUNCO.COM',149,'Silver');
Insert into  CUSTOMERS (CUSTOMER_ID,CUST_FIRST_NAME,CUST_LAST_NAME,ADDRESS,POSTAL_CODE,CITY,STATE,COUNTRY,PHONE_NUMBER,NLS_LANGUAGE,NLS_TERRITORY,CREDIT_LIMIT,CUST_EMAIL,ACCOUNT_MGR_ID,STATUS) values (138,'Mani','Fonda','10315 Hickman Rd','50322','Des Moines','IA','US','+1 515 123 4273','us','AMERICA',50000,'Mani.Fonda@KINGLET.COM',149,'Silver');
Insert into  CUSTOMERS (CUSTOMER_ID,CUST_FIRST_NAME,CUST_LAST_NAME,ADDRESS,POSTAL_CODE,CITY,STATE,COUNTRY,PHONE_NUMBER,NLS_LANGUAGE,NLS_TERRITORY,CREDIT_LIMIT,CUST_EMAIL,ACCOUNT_MGR_ID,STATUS) values (139,'Placido','Kubrick','2115 N Towne Ln Ne','52402','Cedar Rapids','IA','US','+1 319 123 4278','us','AMERICA',50000,'Placido.Kubrick@SCOTER.COM',null,'Silver');
Insert into  CUSTOMERS (CUSTOMER_ID,CUST_FIRST_NAME,CUST_LAST_NAME,ADDRESS,POSTAL_CODE,CITY,STATE,COUNTRY,PHONE_NUMBER,NLS_LANGUAGE,NLS_TERRITORY,CREDIT_LIMIT,CUST_EMAIL,ACCOUNT_MGR_ID,STATUS) values (140,'Claudia','Kurosawa','1928 Sherwood Dr','51503','Council Bluffs','IA','US','+1 712 123 4280','us','AMERICA',50000,'Claudia.Kurosawa@CHUKAR.COM',null,'Platinum');
Insert into  CUSTOMERS (CUSTOMER_ID,CUST_FIRST_NAME,CUST_LAST_NAME,ADDRESS,POSTAL_CODE,CITY,STATE,COUNTRY,PHONE_NUMBER,NLS_LANGUAGE,NLS_TERRITORY,CREDIT_LIMIT,CUST_EMAIL,ACCOUNT_MGR_ID,STATUS) values (141,'Maximilian','Henner','2102 E Kimberly Rd','52807','Davenport','IA','US','+1 319 123 4282','us','AMERICA',50000,'Maximilian.Henner@DUNLIN.COM',145,'Silver');
Insert into  CUSTOMERS (CUSTOMER_ID,CUST_FIRST_NAME,CUST_LAST_NAME,ADDRESS,POSTAL_CODE,CITY,STATE,COUNTRY,PHONE_NUMBER,NLS_LANGUAGE,NLS_TERRITORY,CREDIT_LIMIT,CUST_EMAIL,ACCOUNT_MGR_ID,STATUS) values (142,'Sachin','Spielberg','1691 Asbury Rd','52001','Dubuque','IA','US','+1 319 123 4288','us','AMERICA',50000,'Sachin.Spielberg@GADWALL.COM',149,'Silver');
Insert into  CUSTOMERS (CUSTOMER_ID,CUST_FIRST_NAME,CUST_LAST_NAME,ADDRESS,POSTAL_CODE,CITY,STATE,COUNTRY,PHONE_NUMBER,NLS_LANGUAGE,NLS_TERRITORY,CREDIT_LIMIT,CUST_EMAIL,ACCOUNT_MGR_ID,STATUS) values (143,'Sachin','Neeson','5112 Sw 9Th St','50315','Des Moines','IA','US','+1 515 123 4290','us','AMERICA',50000,'Sachin.Neeson@GALLINULE.COM',149,'Silver');
Insert into  CUSTOMERS (CUSTOMER_ID,CUST_FIRST_NAME,CUST_LAST_NAME,ADDRESS,POSTAL_CODE,CITY,STATE,COUNTRY,PHONE_NUMBER,NLS_LANGUAGE,NLS_TERRITORY,CREDIT_LIMIT,CUST_EMAIL,ACCOUNT_MGR_ID,STATUS) values (144,'Sivaji','Landis','221 3Rd Ave Se # 300','52401','Cedar Rapids','IA','US','+1 319 123 4301','us','AMERICA',50000,'Sivaji.Landis@GOLDENEYE.COM',149,'gold');
Insert into  CUSTOMERS (CUSTOMER_ID,CUST_FIRST_NAME,CUST_LAST_NAME,ADDRESS,POSTAL_CODE,CITY,STATE,COUNTRY,PHONE_NUMBER,NLS_LANGUAGE,NLS_TERRITORY,CREDIT_LIMIT,CUST_EMAIL,ACCOUNT_MGR_ID,STATUS) values (145,'Mammutti','Pacino','2120 Heights Dr','54701','Eau Claire','WI','US','+1 745 123 4306','us','AMERICA',50000,'Mammutti.Pacino@GREBE.COM',145,'Platinum');
Insert into  CUSTOMERS (CUSTOMER_ID,CUST_FIRST_NAME,CUST_LAST_NAME,ADDRESS,POSTAL_CODE,CITY,STATE,COUNTRY,PHONE_NUMBER,NLS_LANGUAGE,NLS_TERRITORY,CREDIT_LIMIT,CUST_EMAIL,ACCOUNT_MGR_ID,STATUS) values (146,'Elia','Fawcett','8989 N Port Washington Rd','53217','Milwaukee','WI','US','+1 414 123 4307','us','AMERICA',50000,'Elia.Fawcett@JACANA.COM',null,'Silver');
Insert into  CUSTOMERS (CUSTOMER_ID,CUST_FIRST_NAME,CUST_LAST_NAME,ADDRESS,POSTAL_CODE,CITY,STATE,COUNTRY,PHONE_NUMBER,NLS_LANGUAGE,NLS_TERRITORY,CREDIT_LIMIT,CUST_EMAIL,ACCOUNT_MGR_ID,STATUS) values (147,'Ishwarya','Roberts','6555 W Good Hope Rd','53223','Milwaukee','WI','US','+1 414 123 4308','us','AMERICA',60000,'Ishwarya.Roberts@LAPWING.COM',null,'Silver');
Insert into  CUSTOMERS (CUSTOMER_ID,CUST_FIRST_NAME,CUST_LAST_NAME,ADDRESS,POSTAL_CODE,CITY,STATE,COUNTRY,PHONE_NUMBER,NLS_LANGUAGE,NLS_TERRITORY,CREDIT_LIMIT,CUST_EMAIL,ACCOUNT_MGR_ID,STATUS) values (148,'Gustav','Steenburgen','1314 N Stoughton Rd','53714','Madison','WI','US','+1 608 123 4309','us','AMERICA',60000,'Gustav.Steenburgen@PINTAIL.COM',149,'gold');
Insert into  CUSTOMERS (CUSTOMER_ID,CUST_FIRST_NAME,CUST_LAST_NAME,ADDRESS,POSTAL_CODE,CITY,STATE,COUNTRY,PHONE_NUMBER,NLS_LANGUAGE,NLS_TERRITORY,CREDIT_LIMIT,CUST_EMAIL,ACCOUNT_MGR_ID,STATUS) values (149,'Markus','Rampling','4715 Sprecher Rd','53704','Madison','WI','US','+1 608 123 4318','us','AMERICA',60000,'Markus.Rampling@PUFFIN.COM',145,'Silver');
Insert into  CUSTOMERS (CUSTOMER_ID,CUST_FIRST_NAME,CUST_LAST_NAME,ADDRESS,POSTAL_CODE,CITY,STATE,COUNTRY,PHONE_NUMBER,NLS_LANGUAGE,NLS_TERRITORY,CREDIT_LIMIT,CUST_EMAIL,ACCOUNT_MGR_ID,STATUS) values (150,'Goldie','Slater','6161 N 64Th St','53218','Milwaukee','WI','US','+1 414 123 4323','us','AMERICA',70000,'Goldie.Slater@PYRRHULOXIA.COM',null,'Platinum');
Insert into  CUSTOMERS (CUSTOMER_ID,CUST_FIRST_NAME,CUST_LAST_NAME,ADDRESS,POSTAL_CODE,CITY,STATE,COUNTRY,PHONE_NUMBER,NLS_LANGUAGE,NLS_TERRITORY,CREDIT_LIMIT,CUST_EMAIL,ACCOUNT_MGR_ID,STATUS) values (151,'Divine','Aykroyd','11016 W Lincoln Ave','53227','Milwaukee','WI','US','+1 414 123 4324','us','AMERICA',70000,'Divine.Aykroyd@REDSTART.COM',149,'Silver');
Insert into  CUSTOMERS (CUSTOMER_ID,CUST_FIRST_NAME,CUST_LAST_NAME,ADDRESS,POSTAL_CODE,CITY,STATE,COUNTRY,PHONE_NUMBER,NLS_LANGUAGE,NLS_TERRITORY,CREDIT_LIMIT,CUST_EMAIL,ACCOUNT_MGR_ID,STATUS) values (152,'Dieter','Matthau','8600 W National Ave','53227','Milwaukee','WI','US','+1 414 123 4328','us','AMERICA',70000,'Dieter.Matthau@VERDIN.COM',null,'gold');
Insert into  CUSTOMERS (CUSTOMER_ID,CUST_FIRST_NAME,CUST_LAST_NAME,ADDRESS,POSTAL_CODE,CITY,STATE,COUNTRY,PHONE_NUMBER,NLS_LANGUAGE,NLS_TERRITORY,CREDIT_LIMIT,CUST_EMAIL,ACCOUNT_MGR_ID,STATUS) values (153,'Divine','Sheen','615 N Sherman Ave','53704','Madison','WI','US','+1 608 123 4332','us','AMERICA',70000,'Divine.Sheen@COWBIRD.COM',149,'Silver');
Insert into  CUSTOMERS (CUSTOMER_ID,CUST_FIRST_NAME,CUST_LAST_NAME,ADDRESS,POSTAL_CODE,CITY,STATE,COUNTRY,PHONE_NUMBER,NLS_LANGUAGE,NLS_TERRITORY,CREDIT_LIMIT,CUST_EMAIL,ACCOUNT_MGR_ID,STATUS) values (154,'Frederic','Grodin','512 E Grand Ave','53511','Beloit','WI','US','+1 608 123 4344','us','AMERICA',70000,'Frederic.Grodin@CREEPER.COM',149,'Silver');
Insert into  CUSTOMERS (CUSTOMER_ID,CUST_FIRST_NAME,CUST_LAST_NAME,ADDRESS,POSTAL_CODE,CITY,STATE,COUNTRY,PHONE_NUMBER,NLS_LANGUAGE,NLS_TERRITORY,CREDIT_LIMIT,CUST_EMAIL,ACCOUNT_MGR_ID,STATUS) values (470,'Roger','Mastroianni','1609 Pakija Rd',null,'New Delhi',null,'IN','+91 11 012 4817','hi','INDIA',370000,'Roger.Mastroianni@CREEPER.COM',149,'Platinum');
Insert into  CUSTOMERS (CUSTOMER_ID,CUST_FIRST_NAME,CUST_LAST_NAME,ADDRESS,POSTAL_CODE,CITY,STATE,COUNTRY,PHONE_NUMBER,NLS_LANGUAGE,NLS_TERRITORY,CREDIT_LIMIT,CUST_EMAIL,ACCOUNT_MGR_ID,STATUS) values (473,'Rolf','Ashby','1612 Talaivar St',null,'Chennai','Tam','IN','+91 80 012 4823','hi','INDIA',500000,'Rolf.Ashby@WATERTHRUSH.COM',null,'Silver');
Insert into  CUSTOMERS (CUSTOMER_ID,CUST_FIRST_NAME,CUST_LAST_NAME,ADDRESS,POSTAL_CODE,CITY,STATE,COUNTRY,PHONE_NUMBER,NLS_LANGUAGE,NLS_TERRITORY,CREDIT_LIMIT,CUST_EMAIL,ACCOUNT_MGR_ID,STATUS) values (474,'Romy','Sharif','1613 Victoria St',null,'Calcutta',null,'IN','+91 33 012 4825','hi','INDIA',500000,'Romy.Sharif@SNIPE.COM',145,'Silver');
Insert into  CUSTOMERS (CUSTOMER_ID,CUST_FIRST_NAME,CUST_LAST_NAME,ADDRESS,POSTAL_CODE,CITY,STATE,COUNTRY,PHONE_NUMBER,NLS_LANGUAGE,NLS_TERRITORY,CREDIT_LIMIT,CUST_EMAIL,ACCOUNT_MGR_ID,STATUS) values (475,'Romy','McCarthy','1614 Gitanjali Rd','361168','Calcutta',null,'IN','+91 33 012 4827','hi','INDIA',500000,'Romy.McCarthy@STILT.COM',145,'Platinum');
Insert into  CUSTOMERS (CUSTOMER_ID,CUST_FIRST_NAME,CUST_LAST_NAME,ADDRESS,POSTAL_CODE,CITY,STATE,COUNTRY,PHONE_NUMBER,NLS_LANGUAGE,NLS_TERRITORY,CREDIT_LIMIT,CUST_EMAIL,ACCOUNT_MGR_ID,STATUS) values (842,'Ali','Stern','Spisertor 3','7000','St. Gallen','SG','CH','+41 71 012 3561','d','SWITZERLAND',140000,'Ali.Stern@YELLOWTHROAT.COM',149,'Silver');
Insert into  CUSTOMERS (CUSTOMER_ID,CUST_FIRST_NAME,CUST_LAST_NAME,ADDRESS,POSTAL_CODE,CITY,STATE,COUNTRY,PHONE_NUMBER,NLS_LANGUAGE,NLS_TERRITORY,CREDIT_LIMIT,CUST_EMAIL,ACCOUNT_MGR_ID,STATUS) values (843,'Alice','Oates','Langstr 14','8004','Zuerich','ZH','CH','+41 4 012 3563','d','SWITZERLAND',70000,'Alice.Oates@BECARD.COM',null,'Silver');
Insert into  CUSTOMERS (CUSTOMER_ID,CUST_FIRST_NAME,CUST_LAST_NAME,ADDRESS,POSTAL_CODE,CITY,STATE,COUNTRY,PHONE_NUMBER,NLS_LANGUAGE,NLS_TERRITORY,CREDIT_LIMIT,CUST_EMAIL,ACCOUNT_MGR_ID,STATUS) values (844,'Alice','Julius','Roessligasse 4','8001','Zurich','ZH','CH','+41 6 012 3565','d','SWITZERLAND',70000,'Alice.Julius@BITTERN.COM',null,'gold');
Insert into  CUSTOMERS (CUSTOMER_ID,CUST_FIRST_NAME,CUST_LAST_NAME,ADDRESS,POSTAL_CODE,CITY,STATE,COUNTRY,PHONE_NUMBER,NLS_LANGUAGE,NLS_TERRITORY,CREDIT_LIMIT,CUST_EMAIL,ACCOUNT_MGR_ID,STATUS) values (845,'Ally','Fawcett','Zum Froehlichen Schweizer 3','8000','Zurich','ZH','CH','+41 7 012 3567','d','SWITZERLAND',500000,'Ally.Fawcett@PLOVER.COM',null,'Platinum');
Insert into  CUSTOMERS (CUSTOMER_ID,CUST_FIRST_NAME,CUST_LAST_NAME,ADDRESS,POSTAL_CODE,CITY,STATE,COUNTRY,PHONE_NUMBER,NLS_LANGUAGE,NLS_TERRITORY,CREDIT_LIMIT,CUST_EMAIL,ACCOUNT_MGR_ID,STATUS) values (846,'Ally','Brando','Chrottenweg','3000','Bern','BE','CH','+41 31 012 3569','d','SWITZERLAND',500000,'Ally.Brando@PINTAIL.COM',149,'Silver');
Insert into  CUSTOMERS (CUSTOMER_ID,CUST_FIRST_NAME,CUST_LAST_NAME,ADDRESS,POSTAL_CODE,CITY,STATE,COUNTRY,PHONE_NUMBER,NLS_LANGUAGE,NLS_TERRITORY,CREDIT_LIMIT,CUST_EMAIL,ACCOUNT_MGR_ID,STATUS) values (847,'Ally','Streep','Bruppacher Str 3','3413','Baden-Daettwil','AG','CH','+41 68 012 3571','d','SWITZERLAND',500000,'Ally.Streep@PIPIT.COM',null,'Silver');
Insert into  CUSTOMERS (CUSTOMER_ID,CUST_FIRST_NAME,CUST_LAST_NAME,ADDRESS,POSTAL_CODE,CITY,STATE,COUNTRY,PHONE_NUMBER,NLS_LANGUAGE,NLS_TERRITORY,CREDIT_LIMIT,CUST_EMAIL,ACCOUNT_MGR_ID,STATUS) values (848,'Alonso','Olmos','Limmatquai','8001','Zuerich','ZH','CH','+41 5 012 3573','d','SWITZERLAND',180000,'Alonso.Olmos@PHALAROPE.COM',145,'gold');
Insert into  CUSTOMERS (CUSTOMER_ID,CUST_FIRST_NAME,CUST_LAST_NAME,ADDRESS,POSTAL_CODE,CITY,STATE,COUNTRY,PHONE_NUMBER,NLS_LANGUAGE,NLS_TERRITORY,CREDIT_LIMIT,CUST_EMAIL,ACCOUNT_MGR_ID,STATUS) values (849,'Alonso','Kaurusmdki','Dreikoenigsstr 3','8001','Zurich','ZH','CH','+41 8 012 3575','d','SWITZERLAND',180000,'Alonso.Kaurusmdki@PHOEBE.COM',145,'Silver');
Insert into  CUSTOMERS (CUSTOMER_ID,CUST_FIRST_NAME,CUST_LAST_NAME,ADDRESS,POSTAL_CODE,CITY,STATE,COUNTRY,PHONE_NUMBER,NLS_LANGUAGE,NLS_TERRITORY,CREDIT_LIMIT,CUST_EMAIL,ACCOUNT_MGR_ID,STATUS) values (850,'Amanda','Finney','Pfannenstilstr 13','8132','Egg','ZH','CH','+41 1 012 3577','d','SWITZERLAND',230000,'Amanda.Finney@STILT.COM',145,'Platinum');
Insert into  CUSTOMERS (CUSTOMER_ID,CUST_FIRST_NAME,CUST_LAST_NAME,ADDRESS,POSTAL_CODE,CITY,STATE,COUNTRY,PHONE_NUMBER,NLS_LANGUAGE,NLS_TERRITORY,CREDIT_LIMIT,CUST_EMAIL,ACCOUNT_MGR_ID,STATUS) values (851,'Amanda','Brown','Kreuzstr 32','8032','Zurich','ZH','CH','+41 9 012 3579','d','SWITZERLAND',230000,'Amanda.Brown@THRASHER.COM',145,'Silver');
Insert into  CUSTOMERS (CUSTOMER_ID,CUST_FIRST_NAME,CUST_LAST_NAME,ADDRESS,POSTAL_CODE,CITY,STATE,COUNTRY,PHONE_NUMBER,NLS_LANGUAGE,NLS_TERRITORY,CREDIT_LIMIT,CUST_EMAIL,ACCOUNT_MGR_ID,STATUS) values (852,'Amanda','Tanner','1539 Stripes Rd','3413','Baden-Daettwil','AG','CH','+41 69 012 3581','d','SWITZERLAND',230000,'Amanda.Tanner@TEAL.COM',145,'gold');
Insert into  CUSTOMERS (CUSTOMER_ID,CUST_FIRST_NAME,CUST_LAST_NAME,ADDRESS,POSTAL_CODE,CITY,STATE,COUNTRY,PHONE_NUMBER,NLS_LANGUAGE,NLS_TERRITORY,CREDIT_LIMIT,CUST_EMAIL,ACCOUNT_MGR_ID,STATUS) values (853,'Amrish','Palin','1540 Stripes Crt','3413','Baden-Daettwil','AG','CH','+41 70 012 3583','d','SWITZERLAND',40000,'Amrish.Palin@EIDER.COM',145,'Silver');
Insert into  CUSTOMERS (CUSTOMER_ID,CUST_FIRST_NAME,CUST_LAST_NAME,ADDRESS,POSTAL_CODE,CITY,STATE,COUNTRY,PHONE_NUMBER,NLS_LANGUAGE,NLS_TERRITORY,CREDIT_LIMIT,CUST_EMAIL,ACCOUNT_MGR_ID,STATUS) values (905,'Billy','Hershey','1592 Silverado St','361123','Bangalore','Kar','IN','+91 80 012 3687','hi','INDIA',140000,'Billy.Hershey@BULBUL.COM',null,'Platinum');
Insert into  CUSTOMERS (CUSTOMER_ID,CUST_FIRST_NAME,CUST_LAST_NAME,ADDRESS,POSTAL_CODE,CITY,STATE,COUNTRY,PHONE_NUMBER,NLS_LANGUAGE,NLS_TERRITORY,CREDIT_LIMIT,CUST_EMAIL,ACCOUNT_MGR_ID,STATUS) values (906,'Billy','Dench','1593 Silverado St','361112','Bangalore','Kar','IN','+91 80 012 3689','hi','INDIA',140000,'Billy.Dench@CARACARA.COM',149,'Silver');
Insert into  CUSTOMERS (CUSTOMER_ID,CUST_FIRST_NAME,CUST_LAST_NAME,ADDRESS,POSTAL_CODE,CITY,STATE,COUNTRY,PHONE_NUMBER,NLS_LANGUAGE,NLS_TERRITORY,CREDIT_LIMIT,CUST_EMAIL,ACCOUNT_MGR_ID,STATUS) values (909,'Blake','Mastroianni','1596 Commando Blvd','361126','Bangalore','Kar','IN','+91 80 012 3695','hi','INDIA',120000,'Blake.Mastroianni@FLICKER.COM',149,'Silver');
commit;
Insert into  CUSTOMERS (CUSTOMER_ID,CUST_FIRST_NAME,CUST_LAST_NAME,ADDRESS,POSTAL_CODE,CITY,STATE,COUNTRY,PHONE_NUMBER,NLS_LANGUAGE,NLS_TERRITORY,CREDIT_LIMIT,CUST_EMAIL,ACCOUNT_MGR_ID,STATUS) values (911,'Bo','Dickinson','1598 Legend St','361149','Bangalore','Kar','IN','+91 80 012 3699','hi','INDIA',500000,'Bo.Dickinson@TANAGER.COM',149,'Silver');
Insert into  CUSTOMERS (CUSTOMER_ID,CUST_FIRST_NAME,CUST_LAST_NAME,ADDRESS,POSTAL_CODE,CITY,STATE,COUNTRY,PHONE_NUMBER,NLS_LANGUAGE,NLS_TERRITORY,CREDIT_LIMIT,CUST_EMAIL,ACCOUNT_MGR_ID,STATUS) values (912,'Bo','Ashby','1599 Legend Rd','361128','Bangalore','Kar','IN','+91 80 012 3701','hi','INDIA',500000,'Bo.Ashby@TATTLER.COM',null,'gold');
Insert into  CUSTOMERS (CUSTOMER_ID,CUST_FIRST_NAME,CUST_LAST_NAME,ADDRESS,POSTAL_CODE,CITY,STATE,COUNTRY,PHONE_NUMBER,NLS_LANGUAGE,NLS_TERRITORY,CREDIT_LIMIT,CUST_EMAIL,ACCOUNT_MGR_ID,STATUS) values (913,'Bob','Sharif','1600 Target Crt','361191','Bangalore','Kar','IN','+91 80 012 3703','hi','INDIA',500000,'Bob.Sharif@TEAL.COM',null,'Silver');
Insert into  CUSTOMERS (CUSTOMER_ID,CUST_FIRST_NAME,CUST_LAST_NAME,ADDRESS,POSTAL_CODE,CITY,STATE,COUNTRY,PHONE_NUMBER,NLS_LANGUAGE,NLS_TERRITORY,CREDIT_LIMIT,CUST_EMAIL,ACCOUNT_MGR_ID,STATUS) values (916,'Brian','Douglas','1603 Rebel St','361129','Bangalore','Kar','IN','+91 80 012 3709','hi','INDIA',50000,'Brian.Douglas@AVOCET.COM',149,'gold');
Insert into  CUSTOMERS (CUSTOMER_ID,CUST_FIRST_NAME,CUST_LAST_NAME,ADDRESS,POSTAL_CODE,CITY,STATE,COUNTRY,PHONE_NUMBER,NLS_LANGUAGE,NLS_TERRITORY,CREDIT_LIMIT,CUST_EMAIL,ACCOUNT_MGR_ID,STATUS) values (917,'Brian','Baldwin','1604 Volunteers Rd','361121','Bangalore','Kar','IN','+91 80 012 3711','hi','INDIA',50000,'Brian.Baldwin@BECARD.COM',149,'Silver');
Insert into  CUSTOMERS (CUSTOMER_ID,CUST_FIRST_NAME,CUST_LAST_NAME,ADDRESS,POSTAL_CODE,CITY,STATE,COUNTRY,PHONE_NUMBER,NLS_LANGUAGE,NLS_TERRITORY,CREDIT_LIMIT,CUST_EMAIL,ACCOUNT_MGR_ID,STATUS) values (919,'Brooke','Michalkow','1606 Volunteers Blvd','361196','Bangalore','Kar','IN','+91 80 012 3715','hi','INDIA',350000,'Brooke.Michalkow@GROSBEAK.COM',null,'Silver');
Insert into  CUSTOMERS (CUSTOMER_ID,CUST_FIRST_NAME,CUST_LAST_NAME,ADDRESS,POSTAL_CODE,CITY,STATE,COUNTRY,PHONE_NUMBER,NLS_LANGUAGE,NLS_TERRITORY,CREDIT_LIMIT,CUST_EMAIL,ACCOUNT_MGR_ID,STATUS) values (920,'Bruce','Hulce','1607 Abwdrts St','361114','Bangalore','Kar','IN','+91 80 012 3717','hi','INDIA',350000,'Bruce.Hulce@JACANA.COM',null,'Platinum');
Insert into  CUSTOMERS (CUSTOMER_ID,CUST_FIRST_NAME,CUST_LAST_NAME,ADDRESS,POSTAL_CODE,CITY,STATE,COUNTRY,PHONE_NUMBER,NLS_LANGUAGE,NLS_TERRITORY,CREDIT_LIMIT,CUST_EMAIL,ACCOUNT_MGR_ID,STATUS) values (921,'Bruce','Dunaway','1608 Amadeus St','361198','Bangalore','Kar','IN','+91 80 012 3719','hi','INDIA',350000,'Bruce.Dunaway@JUNCO.COM',149,'Silver');
Insert into  CUSTOMERS (CUSTOMER_ID,CUST_FIRST_NAME,CUST_LAST_NAME,ADDRESS,POSTAL_CODE,CITY,STATE,COUNTRY,PHONE_NUMBER,NLS_LANGUAGE,NLS_TERRITORY,CREDIT_LIMIT,CUST_EMAIL,ACCOUNT_MGR_ID,STATUS) values (923,'Bruno','Slater','1610 Betrayal Crt','361119','Bangalore','Kar','IN','+91 80 012 3723','hi','INDIA',500000,'Bruno.Slater@THRASHER.COM',149,'Silver');
Insert into  CUSTOMERS (CUSTOMER_ID,CUST_FIRST_NAME,CUST_LAST_NAME,ADDRESS,POSTAL_CODE,CITY,STATE,COUNTRY,PHONE_NUMBER,NLS_LANGUAGE,NLS_TERRITORY,CREDIT_LIMIT,CUST_EMAIL,ACCOUNT_MGR_ID,STATUS) values (924,'Bruno','Montand','1611 Carmen Blvd','361118','Bangalore','Kar','IN','+91 80 012 3725','hi','INDIA',500000,'Bruno.Montand@TOWHEE.COM',149,'gold');
Insert into  CUSTOMERS (CUSTOMER_ID,CUST_FIRST_NAME,CUST_LAST_NAME,ADDRESS,POSTAL_CODE,CITY,STATE,COUNTRY,PHONE_NUMBER,NLS_LANGUAGE,NLS_TERRITORY,CREDIT_LIMIT,CUST_EMAIL,ACCOUNT_MGR_ID,STATUS) values (927,'Bryan','Belushi','1614 Crackers Rd','361168','Bangalore - India','Kar','IN','+91 80 012 3731','hi','INDIA',230000,'Bryan.Belushi@TOWHEE.COM',149,'Silver');
Insert into  CUSTOMERS (CUSTOMER_ID,CUST_FIRST_NAME,CUST_LAST_NAME,ADDRESS,POSTAL_CODE,CITY,STATE,COUNTRY,PHONE_NUMBER,NLS_LANGUAGE,NLS_TERRITORY,CREDIT_LIMIT,CUST_EMAIL,ACCOUNT_MGR_ID,STATUS) values (928,'Burt','Spielberg','1615 Crackers Crt','361168','Bangalore - India','Kar','IN','+91 80 012 3733','hi','INDIA',500000,'Burt.Spielberg@TROGON.COM',null,'gold');
Insert into  CUSTOMERS (CUSTOMER_ID,CUST_FIRST_NAME,CUST_LAST_NAME,ADDRESS,POSTAL_CODE,CITY,STATE,COUNTRY,PHONE_NUMBER,NLS_LANGUAGE,NLS_TERRITORY,CREDIT_LIMIT,CUST_EMAIL,ACCOUNT_MGR_ID,STATUS) values (929,'Burt','Neeson','1616 Crackers Blvd','361168','Bangalore - India','Kar','IN','+91 80 012 3735','hi','INDIA',500000,'Burt.Neeson@TURNSTONE.COM',149,'Silver');
Insert into  CUSTOMERS (CUSTOMER_ID,CUST_FIRST_NAME,CUST_LAST_NAME,ADDRESS,POSTAL_CODE,CITY,STATE,COUNTRY,PHONE_NUMBER,NLS_LANGUAGE,NLS_TERRITORY,CREDIT_LIMIT,CUST_EMAIL,ACCOUNT_MGR_ID,STATUS) values (930,'Buster','Jackson','1617 Crackers St','361168','Bangalore - India','Kar','IN','+91 80 012 3737','hi','INDIA',90000,'Buster.Jackson@KILLDEER.COM',149,'Platinum');
Insert into  CUSTOMERS (CUSTOMER_ID,CUST_FIRST_NAME,CUST_LAST_NAME,ADDRESS,POSTAL_CODE,CITY,STATE,COUNTRY,PHONE_NUMBER,NLS_LANGUAGE,NLS_TERRITORY,CREDIT_LIMIT,CUST_EMAIL,ACCOUNT_MGR_ID,STATUS) values (931,'Buster','Edwards','1618 Footloose St','361168','Bangalore - India','Kar','IN','+91 80 012 3739','hi','INDIA',90000,'Buster.Edwards@KINGLET.COM',null,'Silver');
Insert into  CUSTOMERS (CUSTOMER_ID,CUST_FIRST_NAME,CUST_LAST_NAME,ADDRESS,POSTAL_CODE,CITY,STATE,COUNTRY,PHONE_NUMBER,NLS_LANGUAGE,NLS_TERRITORY,CREDIT_LIMIT,CUST_EMAIL,ACCOUNT_MGR_ID,STATUS) values (932,'Buster','Bogart','1619 Footloose Rd','361168','Bangalore - India','Kar','IN','+91 80 012 3741','hi','INDIA',90000,'Buster.Bogart@KISKADEE.COM',null,'gold');
Insert into  CUSTOMERS (CUSTOMER_ID,CUST_FIRST_NAME,CUST_LAST_NAME,ADDRESS,POSTAL_CODE,CITY,STATE,COUNTRY,PHONE_NUMBER,NLS_LANGUAGE,NLS_TERRITORY,CREDIT_LIMIT,CUST_EMAIL,ACCOUNT_MGR_ID,STATUS) values (934,'C. Thomas','Nolte','1621 Gargon! Blvd','361168','Bangalore - India','Kar','IN','+91 80 012 3745','hi','INDIA',60000,'C.Thomas.Nolte@PHOEBE.COM',145,'Silver');
Insert into  CUSTOMERS (CUSTOMER_ID,CUST_FIRST_NAME,CUST_LAST_NAME,ADDRESS,POSTAL_CODE,CITY,STATE,COUNTRY,PHONE_NUMBER,NLS_LANGUAGE,NLS_TERRITORY,CREDIT_LIMIT,CUST_EMAIL,ACCOUNT_MGR_ID,STATUS) values (980,'Daniel','Loren','1667 2010 St','61311','Batavia','IL','IN','+91 80 012 3837','hi','INDIA',20000,'Daniel.Loren@REDSTART.COM',149,'Platinum');
Insert into  CUSTOMERS (CUSTOMER_ID,CUST_FIRST_NAME,CUST_LAST_NAME,ADDRESS,POSTAL_CODE,CITY,STATE,COUNTRY,PHONE_NUMBER,NLS_LANGUAGE,NLS_TERRITORY,CREDIT_LIMIT,CUST_EMAIL,ACCOUNT_MGR_ID,STATUS) values (981,'Daniel','Gueney','1668 Chong Tao','111181','Beijing',null,'CN','+86 10 012 3839','zhs','CHINA',20000,'Daniel.Gueney@REDPOLL.COM',149,'Silver');
commit;
REM INSERTING into  DEPARTMENTS
SET DEFINE OFF;
Insert into  DEPARTMENTS (DEPARTMENT_ID,DEPARTMENT_NAME,MANAGER_ID,LOCATION_ID) values (10,'Administration',200,1700);
Insert into  DEPARTMENTS (DEPARTMENT_ID,DEPARTMENT_NAME,MANAGER_ID,LOCATION_ID) values (20,'Marketing',201,1800);
Insert into  DEPARTMENTS (DEPARTMENT_ID,DEPARTMENT_NAME,MANAGER_ID,LOCATION_ID) values (30,'Purchasing',114,1700);
Insert into  DEPARTMENTS (DEPARTMENT_ID,DEPARTMENT_NAME,MANAGER_ID,LOCATION_ID) values (40,'Human Resources',203,2400);
Insert into  DEPARTMENTS (DEPARTMENT_ID,DEPARTMENT_NAME,MANAGER_ID,LOCATION_ID) values (50,'Shipping',121,1500);
Insert into  DEPARTMENTS (DEPARTMENT_ID,DEPARTMENT_NAME,MANAGER_ID,LOCATION_ID) values (60,'IT',103,1400);
Insert into  DEPARTMENTS (DEPARTMENT_ID,DEPARTMENT_NAME,MANAGER_ID,LOCATION_ID) values (70,'Public Relations',204,2700);
Insert into  DEPARTMENTS (DEPARTMENT_ID,DEPARTMENT_NAME,MANAGER_ID,LOCATION_ID) values (80,'Sales',145,2500);
Insert into  DEPARTMENTS (DEPARTMENT_ID,DEPARTMENT_NAME,MANAGER_ID,LOCATION_ID) values (90,'Executive',100,1700);
Insert into  DEPARTMENTS (DEPARTMENT_ID,DEPARTMENT_NAME,MANAGER_ID,LOCATION_ID) values (100,'Finance',108,1700);
Insert into  DEPARTMENTS (DEPARTMENT_ID,DEPARTMENT_NAME,MANAGER_ID,LOCATION_ID) values (110,'Accounting',205,1700);
Insert into  DEPARTMENTS (DEPARTMENT_ID,DEPARTMENT_NAME,MANAGER_ID,LOCATION_ID) values (120,'Treasury',null,1700);
Insert into  DEPARTMENTS (DEPARTMENT_ID,DEPARTMENT_NAME,MANAGER_ID,LOCATION_ID) values (130,'Corporate Tax',null,1700);
Insert into  DEPARTMENTS (DEPARTMENT_ID,DEPARTMENT_NAME,MANAGER_ID,LOCATION_ID) values (140,'Control And Credit',null,1700);
Insert into  DEPARTMENTS (DEPARTMENT_ID,DEPARTMENT_NAME,MANAGER_ID,LOCATION_ID) values (150,'Shareholder Services',null,1700);
Insert into  DEPARTMENTS (DEPARTMENT_ID,DEPARTMENT_NAME,MANAGER_ID,LOCATION_ID) values (160,'Benefits',null,1700);
Insert into  DEPARTMENTS (DEPARTMENT_ID,DEPARTMENT_NAME,MANAGER_ID,LOCATION_ID) values (170,'Manufacturing',null,1700);
Insert into  DEPARTMENTS (DEPARTMENT_ID,DEPARTMENT_NAME,MANAGER_ID,LOCATION_ID) values (180,'Construction',null,1700);
Insert into  DEPARTMENTS (DEPARTMENT_ID,DEPARTMENT_NAME,MANAGER_ID,LOCATION_ID) values (190,'Contracting',null,1700);
Insert into  DEPARTMENTS (DEPARTMENT_ID,DEPARTMENT_NAME,MANAGER_ID,LOCATION_ID) values (200,'Operations',null,1700);
Insert into  DEPARTMENTS (DEPARTMENT_ID,DEPARTMENT_NAME,MANAGER_ID,LOCATION_ID) values (210,'IT Support',null,1700);
Insert into  DEPARTMENTS (DEPARTMENT_ID,DEPARTMENT_NAME,MANAGER_ID,LOCATION_ID) values (220,'NOC',null,1700);
Insert into  DEPARTMENTS (DEPARTMENT_ID,DEPARTMENT_NAME,MANAGER_ID,LOCATION_ID) values (230,'IT Helpdesk',null,1700);
Insert into  DEPARTMENTS (DEPARTMENT_ID,DEPARTMENT_NAME,MANAGER_ID,LOCATION_ID) values (240,'Government Sales',null,1700);
Insert into  DEPARTMENTS (DEPARTMENT_ID,DEPARTMENT_NAME,MANAGER_ID,LOCATION_ID) values (250,'Retail Sales',null,1700);
Insert into  DEPARTMENTS (DEPARTMENT_ID,DEPARTMENT_NAME,MANAGER_ID,LOCATION_ID) values (260,'Recruiting',null,1700);
Insert into  DEPARTMENTS (DEPARTMENT_ID,DEPARTMENT_NAME,MANAGER_ID,LOCATION_ID) values (270,'Payroll',null,1700);
commit;
REM INSERTING into  EMPLOYEES
SET DEFINE OFF;
Insert into  EMPLOYEES (EMPLOYEE_ID,FIRST_NAME,LAST_NAME,EMAIL,PHONE_NUMBER,HIRE_DATE,JOB_ID,SALARY,COMMISSION_PCT,MANAGER_ID,DEPARTMENT_ID) values (100,'Steven','King','SKING','515.123.4567',to_date('17-06-1987','DD-MM-RRRR'),'AD_PRES',24000,null,null,90);
Insert into  EMPLOYEES (EMPLOYEE_ID,FIRST_NAME,LAST_NAME,EMAIL,PHONE_NUMBER,HIRE_DATE,JOB_ID,SALARY,COMMISSION_PCT,MANAGER_ID,DEPARTMENT_ID) values (101,'Neena','Kochhar','NKOCHHAR','515.123.4568',to_date('21-09-1989','DD-MM-RRRR'),'AD_VP',17000,null,100,90);
Insert into  EMPLOYEES (EMPLOYEE_ID,FIRST_NAME,LAST_NAME,EMAIL,PHONE_NUMBER,HIRE_DATE,JOB_ID,SALARY,COMMISSION_PCT,MANAGER_ID,DEPARTMENT_ID) values (102,'Lex','De Haan','LDEHAAN','515.123.4569',to_date('13-01-1993','DD-MM-RRRR'),'AD_VP',17000,null,100,90);
Insert into  EMPLOYEES (EMPLOYEE_ID,FIRST_NAME,LAST_NAME,EMAIL,PHONE_NUMBER,HIRE_DATE,JOB_ID,SALARY,COMMISSION_PCT,MANAGER_ID,DEPARTMENT_ID) values (103,'Alexander','Hunold','AHUNOLD','590.423.4567',to_date('03-01-1990','DD-MM-RRRR'),'IT_PROG',9000,null,102,60);
Insert into  EMPLOYEES (EMPLOYEE_ID,FIRST_NAME,LAST_NAME,EMAIL,PHONE_NUMBER,HIRE_DATE,JOB_ID,SALARY,COMMISSION_PCT,MANAGER_ID,DEPARTMENT_ID) values (104,'Bruce','Ernst','BERNST','590.423.4568',to_date('21-05-1991','DD-MM-RRRR'),'IT_PROG',6000,null,103,60);
Insert into  EMPLOYEES (EMPLOYEE_ID,FIRST_NAME,LAST_NAME,EMAIL,PHONE_NUMBER,HIRE_DATE,JOB_ID,SALARY,COMMISSION_PCT,MANAGER_ID,DEPARTMENT_ID) values (105,'David','Austin','DAUSTIN','590.423.4569',to_date('25-06-1997','DD-MM-RRRR'),'IT_PROG',4800,null,103,60);
Insert into  EMPLOYEES (EMPLOYEE_ID,FIRST_NAME,LAST_NAME,EMAIL,PHONE_NUMBER,HIRE_DATE,JOB_ID,SALARY,COMMISSION_PCT,MANAGER_ID,DEPARTMENT_ID) values (106,'Valli','Pataballa','VPATABAL','590.423.4560',to_date('05-02-1998','DD-MM-RRRR'),'IT_PROG',4800,null,103,60);
Insert into  EMPLOYEES (EMPLOYEE_ID,FIRST_NAME,LAST_NAME,EMAIL,PHONE_NUMBER,HIRE_DATE,JOB_ID,SALARY,COMMISSION_PCT,MANAGER_ID,DEPARTMENT_ID) values (107,'Diana','Lorentz','DLORENTZ','590.423.5567',to_date('07-02-1999','DD-MM-RRRR'),'IT_PROG',4200,null,103,60);
Insert into  EMPLOYEES (EMPLOYEE_ID,FIRST_NAME,LAST_NAME,EMAIL,PHONE_NUMBER,HIRE_DATE,JOB_ID,SALARY,COMMISSION_PCT,MANAGER_ID,DEPARTMENT_ID) values (108,'Nancy','Greenberg','NGREENBE','515.124.4569',to_date('17-08-1994','DD-MM-RRRR'),'FI_MGR',12000,null,101,100);
Insert into  EMPLOYEES (EMPLOYEE_ID,FIRST_NAME,LAST_NAME,EMAIL,PHONE_NUMBER,HIRE_DATE,JOB_ID,SALARY,COMMISSION_PCT,MANAGER_ID,DEPARTMENT_ID) values (109,'Daniel','Faviet','DFAVIET','515.124.4169',to_date('16-08-1994','DD-MM-RRRR'),'FI_ACCOUNT',9000,null,108,100);
Insert into  EMPLOYEES (EMPLOYEE_ID,FIRST_NAME,LAST_NAME,EMAIL,PHONE_NUMBER,HIRE_DATE,JOB_ID,SALARY,COMMISSION_PCT,MANAGER_ID,DEPARTMENT_ID) values (110,'John','Chen','JCHEN','515.124.4269',to_date('28-09-1997','DD-MM-RRRR'),'FI_ACCOUNT',8200,null,108,100);
Insert into  EMPLOYEES (EMPLOYEE_ID,FIRST_NAME,LAST_NAME,EMAIL,PHONE_NUMBER,HIRE_DATE,JOB_ID,SALARY,COMMISSION_PCT,MANAGER_ID,DEPARTMENT_ID) values (111,'Ismael','Sciarra','ISCIARRA','515.124.4369',to_date('30-09-1997','DD-MM-RRRR'),'FI_ACCOUNT',7700,null,108,100);
Insert into  EMPLOYEES (EMPLOYEE_ID,FIRST_NAME,LAST_NAME,EMAIL,PHONE_NUMBER,HIRE_DATE,JOB_ID,SALARY,COMMISSION_PCT,MANAGER_ID,DEPARTMENT_ID) values (112,'Jose Manuel','Urman','JMURMAN','515.124.4469',to_date('07-03-1998','DD-MM-RRRR'),'FI_ACCOUNT',7800,null,108,100);
Insert into  EMPLOYEES (EMPLOYEE_ID,FIRST_NAME,LAST_NAME,EMAIL,PHONE_NUMBER,HIRE_DATE,JOB_ID,SALARY,COMMISSION_PCT,MANAGER_ID,DEPARTMENT_ID) values (113,'Luis','Popp','LPOPP','515.124.4567',to_date('07-12-1999','DD-MM-RRRR'),'FI_ACCOUNT',6900,null,108,100);
Insert into  EMPLOYEES (EMPLOYEE_ID,FIRST_NAME,LAST_NAME,EMAIL,PHONE_NUMBER,HIRE_DATE,JOB_ID,SALARY,COMMISSION_PCT,MANAGER_ID,DEPARTMENT_ID) values (114,'Den','Raphaely','DRAPHEAL','515.127.4561',to_date('07-12-1994','DD-MM-RRRR'),'PU_MAN',11000,null,100,30);
Insert into  EMPLOYEES (EMPLOYEE_ID,FIRST_NAME,LAST_NAME,EMAIL,PHONE_NUMBER,HIRE_DATE,JOB_ID,SALARY,COMMISSION_PCT,MANAGER_ID,DEPARTMENT_ID) values (115,'Alexander','Khoo','AKHOO','515.127.4562',to_date('18-05-1995','DD-MM-RRRR'),'PU_CLERK',3100,null,114,30);
Insert into  EMPLOYEES (EMPLOYEE_ID,FIRST_NAME,LAST_NAME,EMAIL,PHONE_NUMBER,HIRE_DATE,JOB_ID,SALARY,COMMISSION_PCT,MANAGER_ID,DEPARTMENT_ID) values (116,'Shelli','Baida','SBAIDA','515.127.4563',to_date('24-12-1997','DD-MM-RRRR'),'PU_CLERK',2900,null,114,30);
Insert into  EMPLOYEES (EMPLOYEE_ID,FIRST_NAME,LAST_NAME,EMAIL,PHONE_NUMBER,HIRE_DATE,JOB_ID,SALARY,COMMISSION_PCT,MANAGER_ID,DEPARTMENT_ID) values (117,'Sigal','Tobias','STOBIAS','515.127.4564',to_date('24-07-1997','DD-MM-RRRR'),'PU_CLERK',2800,null,114,30);
Insert into  EMPLOYEES (EMPLOYEE_ID,FIRST_NAME,LAST_NAME,EMAIL,PHONE_NUMBER,HIRE_DATE,JOB_ID,SALARY,COMMISSION_PCT,MANAGER_ID,DEPARTMENT_ID) values (118,'Guy','Himuro','GHIMURO','515.127.4565',to_date('15-11-1998','DD-MM-RRRR'),'PU_CLERK',2600,null,114,30);
Insert into  EMPLOYEES (EMPLOYEE_ID,FIRST_NAME,LAST_NAME,EMAIL,PHONE_NUMBER,HIRE_DATE,JOB_ID,SALARY,COMMISSION_PCT,MANAGER_ID,DEPARTMENT_ID) values (119,'Karen','Colmenares','KCOLMENA','515.127.4566',to_date('10-08-1999','DD-MM-RRRR'),'PU_CLERK',2500,null,114,30);
Insert into  EMPLOYEES (EMPLOYEE_ID,FIRST_NAME,LAST_NAME,EMAIL,PHONE_NUMBER,HIRE_DATE,JOB_ID,SALARY,COMMISSION_PCT,MANAGER_ID,DEPARTMENT_ID) values (120,'Matthew','Weiss','MWEISS','650.123.1234',to_date('18-07-1996','DD-MM-RRRR'),'ST_MAN',8000,null,100,50);
Insert into  EMPLOYEES (EMPLOYEE_ID,FIRST_NAME,LAST_NAME,EMAIL,PHONE_NUMBER,HIRE_DATE,JOB_ID,SALARY,COMMISSION_PCT,MANAGER_ID,DEPARTMENT_ID) values (121,'Adam','Fripp','AFRIPP','650.123.2234',to_date('10-04-1997','DD-MM-RRRR'),'ST_MAN',8200,null,100,50);
Insert into  EMPLOYEES (EMPLOYEE_ID,FIRST_NAME,LAST_NAME,EMAIL,PHONE_NUMBER,HIRE_DATE,JOB_ID,SALARY,COMMISSION_PCT,MANAGER_ID,DEPARTMENT_ID) values (122,'Payam','Kaufling','PKAUFLIN','650.123.3234',to_date('01-05-1995','DD-MM-RRRR'),'ST_MAN',7900,null,100,50);
Insert into  EMPLOYEES (EMPLOYEE_ID,FIRST_NAME,LAST_NAME,EMAIL,PHONE_NUMBER,HIRE_DATE,JOB_ID,SALARY,COMMISSION_PCT,MANAGER_ID,DEPARTMENT_ID) values (123,'Shanta','Vollman','SVOLLMAN','650.123.4234',to_date('10-10-1997','DD-MM-RRRR'),'ST_MAN',6500,null,100,50);
Insert into  EMPLOYEES (EMPLOYEE_ID,FIRST_NAME,LAST_NAME,EMAIL,PHONE_NUMBER,HIRE_DATE,JOB_ID,SALARY,COMMISSION_PCT,MANAGER_ID,DEPARTMENT_ID) values (124,'Kevin','Mourgos','KMOURGOS','650.123.5234',to_date('16-11-1999','DD-MM-RRRR'),'ST_MAN',5800,null,100,50);
Insert into  EMPLOYEES (EMPLOYEE_ID,FIRST_NAME,LAST_NAME,EMAIL,PHONE_NUMBER,HIRE_DATE,JOB_ID,SALARY,COMMISSION_PCT,MANAGER_ID,DEPARTMENT_ID) values (125,'Julia','Nayer','JNAYER','650.124.1214',to_date('16-07-1997','DD-MM-RRRR'),'ST_CLERK',3200,null,120,50);
Insert into  EMPLOYEES (EMPLOYEE_ID,FIRST_NAME,LAST_NAME,EMAIL,PHONE_NUMBER,HIRE_DATE,JOB_ID,SALARY,COMMISSION_PCT,MANAGER_ID,DEPARTMENT_ID) values (126,'Irene','Mikkilineni','IMIKKILI','650.124.1224',to_date('28-09-1998','DD-MM-RRRR'),'ST_CLERK',2700,null,120,50);
Insert into  EMPLOYEES (EMPLOYEE_ID,FIRST_NAME,LAST_NAME,EMAIL,PHONE_NUMBER,HIRE_DATE,JOB_ID,SALARY,COMMISSION_PCT,MANAGER_ID,DEPARTMENT_ID) values (127,'James','Landry','JLANDRY','650.124.1334',to_date('14-01-1999','DD-MM-RRRR'),'ST_CLERK',2400,null,120,50);
Insert into  EMPLOYEES (EMPLOYEE_ID,FIRST_NAME,LAST_NAME,EMAIL,PHONE_NUMBER,HIRE_DATE,JOB_ID,SALARY,COMMISSION_PCT,MANAGER_ID,DEPARTMENT_ID) values (128,'Steven','Markle','SMARKLE','650.124.1434',to_date('08-03-2000','DD-MM-RRRR'),'ST_CLERK',2200,null,120,50);
Insert into  EMPLOYEES (EMPLOYEE_ID,FIRST_NAME,LAST_NAME,EMAIL,PHONE_NUMBER,HIRE_DATE,JOB_ID,SALARY,COMMISSION_PCT,MANAGER_ID,DEPARTMENT_ID) values (129,'Laura','Bissot','LBISSOT','650.124.5234',to_date('20-08-1997','DD-MM-RRRR'),'ST_CLERK',3300,null,121,50);
Insert into  EMPLOYEES (EMPLOYEE_ID,FIRST_NAME,LAST_NAME,EMAIL,PHONE_NUMBER,HIRE_DATE,JOB_ID,SALARY,COMMISSION_PCT,MANAGER_ID,DEPARTMENT_ID) values (130,'Mozhe','Atkinson','MATKINSO','650.124.6234',to_date('30-10-1997','DD-MM-RRRR'),'ST_CLERK',2800,null,121,50);
Insert into  EMPLOYEES (EMPLOYEE_ID,FIRST_NAME,LAST_NAME,EMAIL,PHONE_NUMBER,HIRE_DATE,JOB_ID,SALARY,COMMISSION_PCT,MANAGER_ID,DEPARTMENT_ID) values (131,'James','Marlow','JAMRLOW','650.124.7234',to_date('16-02-1997','DD-MM-RRRR'),'ST_CLERK',2500,null,121,50);
Insert into  EMPLOYEES (EMPLOYEE_ID,FIRST_NAME,LAST_NAME,EMAIL,PHONE_NUMBER,HIRE_DATE,JOB_ID,SALARY,COMMISSION_PCT,MANAGER_ID,DEPARTMENT_ID) values (132,'TJ','Olson','TJOLSON','650.124.8234',to_date('10-04-1999','DD-MM-RRRR'),'ST_CLERK',2100,null,121,50);
Insert into  EMPLOYEES (EMPLOYEE_ID,FIRST_NAME,LAST_NAME,EMAIL,PHONE_NUMBER,HIRE_DATE,JOB_ID,SALARY,COMMISSION_PCT,MANAGER_ID,DEPARTMENT_ID) values (133,'Jason','Mallin','JMALLIN','650.127.1934',to_date('14-06-1996','DD-MM-RRRR'),'ST_CLERK',3300,null,122,50);
Insert into  EMPLOYEES (EMPLOYEE_ID,FIRST_NAME,LAST_NAME,EMAIL,PHONE_NUMBER,HIRE_DATE,JOB_ID,SALARY,COMMISSION_PCT,MANAGER_ID,DEPARTMENT_ID) values (134,'Michael','Rogers','MROGERS','650.127.1834',to_date('26-08-1998','DD-MM-RRRR'),'ST_CLERK',2900,null,122,50);
Insert into  EMPLOYEES (EMPLOYEE_ID,FIRST_NAME,LAST_NAME,EMAIL,PHONE_NUMBER,HIRE_DATE,JOB_ID,SALARY,COMMISSION_PCT,MANAGER_ID,DEPARTMENT_ID) values (135,'Ki','Gee','KGEE','650.127.1734',to_date('12-12-1999','DD-MM-RRRR'),'ST_CLERK',2400,null,122,50);
Insert into  EMPLOYEES (EMPLOYEE_ID,FIRST_NAME,LAST_NAME,EMAIL,PHONE_NUMBER,HIRE_DATE,JOB_ID,SALARY,COMMISSION_PCT,MANAGER_ID,DEPARTMENT_ID) values (136,'Hazel','Philtanker','HPHILTAN','650.127.1634',to_date('06-02-2000','DD-MM-RRRR'),'ST_CLERK',2200,null,122,50);
Insert into  EMPLOYEES (EMPLOYEE_ID,FIRST_NAME,LAST_NAME,EMAIL,PHONE_NUMBER,HIRE_DATE,JOB_ID,SALARY,COMMISSION_PCT,MANAGER_ID,DEPARTMENT_ID) values (137,'Renske','Ladwig','RLADWIG','650.121.1234',to_date('14-07-1995','DD-MM-RRRR'),'ST_CLERK',3600,null,123,50);
Insert into  EMPLOYEES (EMPLOYEE_ID,FIRST_NAME,LAST_NAME,EMAIL,PHONE_NUMBER,HIRE_DATE,JOB_ID,SALARY,COMMISSION_PCT,MANAGER_ID,DEPARTMENT_ID) values (138,'Stephen','Stiles','SSTILES','650.121.2034',to_date('26-10-1997','DD-MM-RRRR'),'ST_CLERK',3200,null,123,50);
Insert into  EMPLOYEES (EMPLOYEE_ID,FIRST_NAME,LAST_NAME,EMAIL,PHONE_NUMBER,HIRE_DATE,JOB_ID,SALARY,COMMISSION_PCT,MANAGER_ID,DEPARTMENT_ID) values (139,'John','Seo','JSEO','650.121.2019',to_date('12-02-1998','DD-MM-RRRR'),'ST_CLERK',2700,null,123,50);
Insert into  EMPLOYEES (EMPLOYEE_ID,FIRST_NAME,LAST_NAME,EMAIL,PHONE_NUMBER,HIRE_DATE,JOB_ID,SALARY,COMMISSION_PCT,MANAGER_ID,DEPARTMENT_ID) values (140,'Joshua','Patel','JPATEL','650.121.1834',to_date('06-04-1998','DD-MM-RRRR'),'ST_CLERK',2500,null,123,50);
Insert into  EMPLOYEES (EMPLOYEE_ID,FIRST_NAME,LAST_NAME,EMAIL,PHONE_NUMBER,HIRE_DATE,JOB_ID,SALARY,COMMISSION_PCT,MANAGER_ID,DEPARTMENT_ID) values (141,'Trenna','Rajs','TRAJS','650.121.8009',to_date('17-10-1995','DD-MM-RRRR'),'ST_CLERK',3500,null,124,50);
Insert into  EMPLOYEES (EMPLOYEE_ID,FIRST_NAME,LAST_NAME,EMAIL,PHONE_NUMBER,HIRE_DATE,JOB_ID,SALARY,COMMISSION_PCT,MANAGER_ID,DEPARTMENT_ID) values (142,'Curtis','Davies','CDAVIES','650.121.2994',to_date('29-01-1997','DD-MM-RRRR'),'ST_CLERK',3100,null,124,50);
Insert into  EMPLOYEES (EMPLOYEE_ID,FIRST_NAME,LAST_NAME,EMAIL,PHONE_NUMBER,HIRE_DATE,JOB_ID,SALARY,COMMISSION_PCT,MANAGER_ID,DEPARTMENT_ID) values (143,'Randall','Matos','RMATOS','650.121.2874',to_date('15-03-1998','DD-MM-RRRR'),'ST_CLERK',2600,null,124,50);
Insert into  EMPLOYEES (EMPLOYEE_ID,FIRST_NAME,LAST_NAME,EMAIL,PHONE_NUMBER,HIRE_DATE,JOB_ID,SALARY,COMMISSION_PCT,MANAGER_ID,DEPARTMENT_ID) values (144,'Peter','Vargas','PVARGAS','650.121.2004',to_date('09-07-1998','DD-MM-RRRR'),'ST_CLERK',2500,null,124,50);
Insert into  EMPLOYEES (EMPLOYEE_ID,FIRST_NAME,LAST_NAME,EMAIL,PHONE_NUMBER,HIRE_DATE,JOB_ID,SALARY,COMMISSION_PCT,MANAGER_ID,DEPARTMENT_ID) values (145,'John','Russell','JRUSSEL','011.44.1344.429268',to_date('01-10-1996','DD-MM-RRRR'),'SA_MAN',14000,0.4,100,80);
Insert into  EMPLOYEES (EMPLOYEE_ID,FIRST_NAME,LAST_NAME,EMAIL,PHONE_NUMBER,HIRE_DATE,JOB_ID,SALARY,COMMISSION_PCT,MANAGER_ID,DEPARTMENT_ID) values (146,'Karen','Partners','KPARTNER','011.44.1344.467268',to_date('05-01-1997','DD-MM-RRRR'),'SA_MAN',13500,0.3,100,80);
Insert into  EMPLOYEES (EMPLOYEE_ID,FIRST_NAME,LAST_NAME,EMAIL,PHONE_NUMBER,HIRE_DATE,JOB_ID,SALARY,COMMISSION_PCT,MANAGER_ID,DEPARTMENT_ID) values (147,'Alberto','Errazuriz','AERRAZUR','011.44.1344.429278',to_date('10-03-1997','DD-MM-RRRR'),'SA_MAN',12000,0.3,100,80);
Insert into  EMPLOYEES (EMPLOYEE_ID,FIRST_NAME,LAST_NAME,EMAIL,PHONE_NUMBER,HIRE_DATE,JOB_ID,SALARY,COMMISSION_PCT,MANAGER_ID,DEPARTMENT_ID) values (148,'Gerald','Cambrault','GCAMBRAU','011.44.1344.619268',to_date('15-10-1999','DD-MM-RRRR'),'SA_MAN',11000,0.3,100,80);
Insert into  EMPLOYEES (EMPLOYEE_ID,FIRST_NAME,LAST_NAME,EMAIL,PHONE_NUMBER,HIRE_DATE,JOB_ID,SALARY,COMMISSION_PCT,MANAGER_ID,DEPARTMENT_ID) values (149,'Eleni','Zlotkey','EZLOTKEY','011.44.1344.429018',to_date('29-01-2000','DD-MM-RRRR'),'SA_MAN',10500,0.2,100,80);
Insert into  EMPLOYEES (EMPLOYEE_ID,FIRST_NAME,LAST_NAME,EMAIL,PHONE_NUMBER,HIRE_DATE,JOB_ID,SALARY,COMMISSION_PCT,MANAGER_ID,DEPARTMENT_ID) values (150,'Peter','Tucker','PTUCKER','011.44.1344.129268',to_date('30-01-1997','DD-MM-RRRR'),'SA_REP',10000,0.3,145,80);
Insert into  EMPLOYEES (EMPLOYEE_ID,FIRST_NAME,LAST_NAME,EMAIL,PHONE_NUMBER,HIRE_DATE,JOB_ID,SALARY,COMMISSION_PCT,MANAGER_ID,DEPARTMENT_ID) values (151,'David','Bernstein','DBERNSTE','011.44.1344.345268',to_date('24-03-1997','DD-MM-RRRR'),'SA_REP',9500,0.25,145,80);
Insert into  EMPLOYEES (EMPLOYEE_ID,FIRST_NAME,LAST_NAME,EMAIL,PHONE_NUMBER,HIRE_DATE,JOB_ID,SALARY,COMMISSION_PCT,MANAGER_ID,DEPARTMENT_ID) values (152,'Peter','Hall','PHALL','011.44.1344.478968',to_date('20-08-1997','DD-MM-RRRR'),'SA_REP',9000,0.25,145,80);
Insert into  EMPLOYEES (EMPLOYEE_ID,FIRST_NAME,LAST_NAME,EMAIL,PHONE_NUMBER,HIRE_DATE,JOB_ID,SALARY,COMMISSION_PCT,MANAGER_ID,DEPARTMENT_ID) values (153,'Christopher','Olsen','COLSEN','011.44.1344.498718',to_date('30-03-1998','DD-MM-RRRR'),'SA_REP',8000,0.2,145,80);
Insert into  EMPLOYEES (EMPLOYEE_ID,FIRST_NAME,LAST_NAME,EMAIL,PHONE_NUMBER,HIRE_DATE,JOB_ID,SALARY,COMMISSION_PCT,MANAGER_ID,DEPARTMENT_ID) values (154,'Nanette','Cambrault','NCAMBRAU','011.44.1344.987668',to_date('09-12-1998','DD-MM-RRRR'),'SA_REP',7500,0.2,145,80);
Insert into  EMPLOYEES (EMPLOYEE_ID,FIRST_NAME,LAST_NAME,EMAIL,PHONE_NUMBER,HIRE_DATE,JOB_ID,SALARY,COMMISSION_PCT,MANAGER_ID,DEPARTMENT_ID) values (155,'Oliver','Tuvault','OTUVAULT','011.44.1344.486508',to_date('23-11-1999','DD-MM-RRRR'),'SA_REP',7000,0.15,145,80);
Insert into  EMPLOYEES (EMPLOYEE_ID,FIRST_NAME,LAST_NAME,EMAIL,PHONE_NUMBER,HIRE_DATE,JOB_ID,SALARY,COMMISSION_PCT,MANAGER_ID,DEPARTMENT_ID) values (156,'Janette','King','JKING','011.44.1345.429268',to_date('30-01-1996','DD-MM-RRRR'),'SA_REP',10000,0.35,146,80);
Insert into  EMPLOYEES (EMPLOYEE_ID,FIRST_NAME,LAST_NAME,EMAIL,PHONE_NUMBER,HIRE_DATE,JOB_ID,SALARY,COMMISSION_PCT,MANAGER_ID,DEPARTMENT_ID) values (157,'Patrick','Sully','PSULLY','011.44.1345.929268',to_date('04-03-1996','DD-MM-RRRR'),'SA_REP',9500,0.35,146,80);
Insert into  EMPLOYEES (EMPLOYEE_ID,FIRST_NAME,LAST_NAME,EMAIL,PHONE_NUMBER,HIRE_DATE,JOB_ID,SALARY,COMMISSION_PCT,MANAGER_ID,DEPARTMENT_ID) values (158,'Allan','McEwen','AMCEWEN','011.44.1345.829268',to_date('01-08-1996','DD-MM-RRRR'),'SA_REP',9000,0.35,146,80);
Insert into  EMPLOYEES (EMPLOYEE_ID,FIRST_NAME,LAST_NAME,EMAIL,PHONE_NUMBER,HIRE_DATE,JOB_ID,SALARY,COMMISSION_PCT,MANAGER_ID,DEPARTMENT_ID) values (159,'Lindsey','Smith','LSMITH','011.44.1345.729268',to_date('10-03-1997','DD-MM-RRRR'),'SA_REP',8000,0.3,146,80);
Insert into  EMPLOYEES (EMPLOYEE_ID,FIRST_NAME,LAST_NAME,EMAIL,PHONE_NUMBER,HIRE_DATE,JOB_ID,SALARY,COMMISSION_PCT,MANAGER_ID,DEPARTMENT_ID) values (160,'Louise','Doran','LDORAN','011.44.1345.629268',to_date('15-12-1997','DD-MM-RRRR'),'SA_REP',7500,0.3,146,80);
Insert into  EMPLOYEES (EMPLOYEE_ID,FIRST_NAME,LAST_NAME,EMAIL,PHONE_NUMBER,HIRE_DATE,JOB_ID,SALARY,COMMISSION_PCT,MANAGER_ID,DEPARTMENT_ID) values (161,'Sarath','Sewall','SSEWALL','011.44.1345.529268',to_date('03-11-1998','DD-MM-RRRR'),'SA_REP',7000,0.25,146,80);
Insert into  EMPLOYEES (EMPLOYEE_ID,FIRST_NAME,LAST_NAME,EMAIL,PHONE_NUMBER,HIRE_DATE,JOB_ID,SALARY,COMMISSION_PCT,MANAGER_ID,DEPARTMENT_ID) values (162,'Clara','Vishney','CVISHNEY','011.44.1346.129268',to_date('11-11-1997','DD-MM-RRRR'),'SA_REP',10500,0.25,147,80);
Insert into  EMPLOYEES (EMPLOYEE_ID,FIRST_NAME,LAST_NAME,EMAIL,PHONE_NUMBER,HIRE_DATE,JOB_ID,SALARY,COMMISSION_PCT,MANAGER_ID,DEPARTMENT_ID) values (163,'Danielle','Greene','DGREENE','011.44.1346.229268',to_date('19-03-1999','DD-MM-RRRR'),'SA_REP',9500,0.15,147,80);
Insert into  EMPLOYEES (EMPLOYEE_ID,FIRST_NAME,LAST_NAME,EMAIL,PHONE_NUMBER,HIRE_DATE,JOB_ID,SALARY,COMMISSION_PCT,MANAGER_ID,DEPARTMENT_ID) values (164,'Mattea','Marvins','MMARVINS','011.44.1346.329268',to_date('24-01-2000','DD-MM-RRRR'),'SA_REP',7200,0.1,147,80);
Insert into  EMPLOYEES (EMPLOYEE_ID,FIRST_NAME,LAST_NAME,EMAIL,PHONE_NUMBER,HIRE_DATE,JOB_ID,SALARY,COMMISSION_PCT,MANAGER_ID,DEPARTMENT_ID) values (165,'David','Lee','DLEE','011.44.1346.529268',to_date('23-02-2000','DD-MM-RRRR'),'SA_REP',6800,0.1,147,80);
Insert into  EMPLOYEES (EMPLOYEE_ID,FIRST_NAME,LAST_NAME,EMAIL,PHONE_NUMBER,HIRE_DATE,JOB_ID,SALARY,COMMISSION_PCT,MANAGER_ID,DEPARTMENT_ID) values (166,'Sundar','Ande','SANDE','011.44.1346.629268',to_date('24-03-2000','DD-MM-RRRR'),'SA_REP',6400,0.1,147,80);
Insert into  EMPLOYEES (EMPLOYEE_ID,FIRST_NAME,LAST_NAME,EMAIL,PHONE_NUMBER,HIRE_DATE,JOB_ID,SALARY,COMMISSION_PCT,MANAGER_ID,DEPARTMENT_ID) values (167,'Amit','Banda','ABANDA','011.44.1346.729268',to_date('21-04-2000','DD-MM-RRRR'),'SA_REP',6200,0.1,147,80);
Insert into  EMPLOYEES (EMPLOYEE_ID,FIRST_NAME,LAST_NAME,EMAIL,PHONE_NUMBER,HIRE_DATE,JOB_ID,SALARY,COMMISSION_PCT,MANAGER_ID,DEPARTMENT_ID) values (168,'Lisa','Ozer','LOZER','011.44.1343.929268',to_date('11-03-1997','DD-MM-RRRR'),'SA_REP',11500,0.25,148,80);
Insert into  EMPLOYEES (EMPLOYEE_ID,FIRST_NAME,LAST_NAME,EMAIL,PHONE_NUMBER,HIRE_DATE,JOB_ID,SALARY,COMMISSION_PCT,MANAGER_ID,DEPARTMENT_ID) values (169,'Harrison','Bloom','HBLOOM','011.44.1343.829268',to_date('23-03-1998','DD-MM-RRRR'),'SA_REP',10000,0.2,148,80);
Insert into  EMPLOYEES (EMPLOYEE_ID,FIRST_NAME,LAST_NAME,EMAIL,PHONE_NUMBER,HIRE_DATE,JOB_ID,SALARY,COMMISSION_PCT,MANAGER_ID,DEPARTMENT_ID) values (170,'Tayler','Fox','TFOX','011.44.1343.729268',to_date('24-01-1998','DD-MM-RRRR'),'SA_REP',9600,0.2,148,80);
Insert into  EMPLOYEES (EMPLOYEE_ID,FIRST_NAME,LAST_NAME,EMAIL,PHONE_NUMBER,HIRE_DATE,JOB_ID,SALARY,COMMISSION_PCT,MANAGER_ID,DEPARTMENT_ID) values (171,'William','Smith','WSMITH','011.44.1343.629268',to_date('23-02-1999','DD-MM-RRRR'),'SA_REP',7400,0.15,148,80);
Insert into  EMPLOYEES (EMPLOYEE_ID,FIRST_NAME,LAST_NAME,EMAIL,PHONE_NUMBER,HIRE_DATE,JOB_ID,SALARY,COMMISSION_PCT,MANAGER_ID,DEPARTMENT_ID) values (172,'Elizabeth','Bates','EBATES','011.44.1343.529268',to_date('24-03-1999','DD-MM-RRRR'),'SA_REP',7300,0.15,148,80);
Insert into  EMPLOYEES (EMPLOYEE_ID,FIRST_NAME,LAST_NAME,EMAIL,PHONE_NUMBER,HIRE_DATE,JOB_ID,SALARY,COMMISSION_PCT,MANAGER_ID,DEPARTMENT_ID) values (173,'Sundita','Kumar','SKUMAR','011.44.1343.329268',to_date('21-04-2000','DD-MM-RRRR'),'SA_REP',6100,0.1,148,80);
Insert into  EMPLOYEES (EMPLOYEE_ID,FIRST_NAME,LAST_NAME,EMAIL,PHONE_NUMBER,HIRE_DATE,JOB_ID,SALARY,COMMISSION_PCT,MANAGER_ID,DEPARTMENT_ID) values (174,'Ellen','Abel','EABEL','011.44.1644.429267',to_date('11-05-1996','DD-MM-RRRR'),'SA_REP',11000,0.3,149,80);
Insert into  EMPLOYEES (EMPLOYEE_ID,FIRST_NAME,LAST_NAME,EMAIL,PHONE_NUMBER,HIRE_DATE,JOB_ID,SALARY,COMMISSION_PCT,MANAGER_ID,DEPARTMENT_ID) values (175,'Alyssa','Hutton','AHUTTON','011.44.1644.429266',to_date('19-03-1997','DD-MM-RRRR'),'SA_REP',8800,0.25,149,80);
Insert into  EMPLOYEES (EMPLOYEE_ID,FIRST_NAME,LAST_NAME,EMAIL,PHONE_NUMBER,HIRE_DATE,JOB_ID,SALARY,COMMISSION_PCT,MANAGER_ID,DEPARTMENT_ID) values (176,'Jonathon','Taylor','JTAYLOR','011.44.1644.429265',to_date('24-03-1998','DD-MM-RRRR'),'SA_REP',8600,0.2,149,80);
Insert into  EMPLOYEES (EMPLOYEE_ID,FIRST_NAME,LAST_NAME,EMAIL,PHONE_NUMBER,HIRE_DATE,JOB_ID,SALARY,COMMISSION_PCT,MANAGER_ID,DEPARTMENT_ID) values (177,'Jack','Livingston','JLIVINGS','011.44.1644.429264',to_date('23-04-1998','DD-MM-RRRR'),'SA_REP',8400,0.2,149,80);
Insert into  EMPLOYEES (EMPLOYEE_ID,FIRST_NAME,LAST_NAME,EMAIL,PHONE_NUMBER,HIRE_DATE,JOB_ID,SALARY,COMMISSION_PCT,MANAGER_ID,DEPARTMENT_ID) values (178,'Kimberely','Grant','KGRANT','011.44.1644.429263',to_date('24-05-1999','DD-MM-RRRR'),'SA_REP',7000,0.15,149,null);
Insert into  EMPLOYEES (EMPLOYEE_ID,FIRST_NAME,LAST_NAME,EMAIL,PHONE_NUMBER,HIRE_DATE,JOB_ID,SALARY,COMMISSION_PCT,MANAGER_ID,DEPARTMENT_ID) values (179,'Charles','Johnson','CJOHNSON','011.44.1644.429262',to_date('04-01-2000','DD-MM-RRRR'),'SA_REP',6200,0.1,149,80);
Insert into  EMPLOYEES (EMPLOYEE_ID,FIRST_NAME,LAST_NAME,EMAIL,PHONE_NUMBER,HIRE_DATE,JOB_ID,SALARY,COMMISSION_PCT,MANAGER_ID,DEPARTMENT_ID) values (180,'Winston','Taylor','WTAYLOR','650.507.9876',to_date('24-01-1998','DD-MM-RRRR'),'SH_CLERK',3200,null,120,50);
Insert into  EMPLOYEES (EMPLOYEE_ID,FIRST_NAME,LAST_NAME,EMAIL,PHONE_NUMBER,HIRE_DATE,JOB_ID,SALARY,COMMISSION_PCT,MANAGER_ID,DEPARTMENT_ID) values (181,'Jean','Fleaur','JFLEAUR','650.507.9877',to_date('23-02-1998','DD-MM-RRRR'),'SH_CLERK',3100,null,120,50);
Insert into  EMPLOYEES (EMPLOYEE_ID,FIRST_NAME,LAST_NAME,EMAIL,PHONE_NUMBER,HIRE_DATE,JOB_ID,SALARY,COMMISSION_PCT,MANAGER_ID,DEPARTMENT_ID) values (182,'Martha','Sullivan','MSULLIVA','650.507.9878',to_date('21-06-1999','DD-MM-RRRR'),'SH_CLERK',2500,null,120,50);
Insert into  EMPLOYEES (EMPLOYEE_ID,FIRST_NAME,LAST_NAME,EMAIL,PHONE_NUMBER,HIRE_DATE,JOB_ID,SALARY,COMMISSION_PCT,MANAGER_ID,DEPARTMENT_ID) values (183,'Girard','Geoni','GGEONI','650.507.9879',to_date('03-02-2000','DD-MM-RRRR'),'SH_CLERK',2800,null,120,50);
Insert into  EMPLOYEES (EMPLOYEE_ID,FIRST_NAME,LAST_NAME,EMAIL,PHONE_NUMBER,HIRE_DATE,JOB_ID,SALARY,COMMISSION_PCT,MANAGER_ID,DEPARTMENT_ID) values (184,'Nandita','Sarchand','NSARCHAN','650.509.1876',to_date('27-01-1996','DD-MM-RRRR'),'SH_CLERK',4200,null,121,50);
Insert into  EMPLOYEES (EMPLOYEE_ID,FIRST_NAME,LAST_NAME,EMAIL,PHONE_NUMBER,HIRE_DATE,JOB_ID,SALARY,COMMISSION_PCT,MANAGER_ID,DEPARTMENT_ID) values (185,'Alexis','Bull','ABULL','650.509.2876',to_date('20-02-1997','DD-MM-RRRR'),'SH_CLERK',4100,null,121,50);
Insert into  EMPLOYEES (EMPLOYEE_ID,FIRST_NAME,LAST_NAME,EMAIL,PHONE_NUMBER,HIRE_DATE,JOB_ID,SALARY,COMMISSION_PCT,MANAGER_ID,DEPARTMENT_ID) values (186,'Julia','Dellinger','JDELLING','650.509.3876',to_date('24-06-1998','DD-MM-RRRR'),'SH_CLERK',3400,null,121,50);
Insert into  EMPLOYEES (EMPLOYEE_ID,FIRST_NAME,LAST_NAME,EMAIL,PHONE_NUMBER,HIRE_DATE,JOB_ID,SALARY,COMMISSION_PCT,MANAGER_ID,DEPARTMENT_ID) values (187,'Anthony','Cabrio','ACABRIO','650.509.4876',to_date('07-02-1999','DD-MM-RRRR'),'SH_CLERK',3000,null,121,50);
Insert into  EMPLOYEES (EMPLOYEE_ID,FIRST_NAME,LAST_NAME,EMAIL,PHONE_NUMBER,HIRE_DATE,JOB_ID,SALARY,COMMISSION_PCT,MANAGER_ID,DEPARTMENT_ID) values (188,'Kelly','Chung','KCHUNG','650.505.1876',to_date('14-06-1997','DD-MM-RRRR'),'SH_CLERK',3800,null,122,50);
Insert into  EMPLOYEES (EMPLOYEE_ID,FIRST_NAME,LAST_NAME,EMAIL,PHONE_NUMBER,HIRE_DATE,JOB_ID,SALARY,COMMISSION_PCT,MANAGER_ID,DEPARTMENT_ID) values (189,'Jennifer','Dilly','JDILLY','650.505.2876',to_date('13-08-1997','DD-MM-RRRR'),'SH_CLERK',3600,null,122,50);
Insert into  EMPLOYEES (EMPLOYEE_ID,FIRST_NAME,LAST_NAME,EMAIL,PHONE_NUMBER,HIRE_DATE,JOB_ID,SALARY,COMMISSION_PCT,MANAGER_ID,DEPARTMENT_ID) values (190,'Timothy','Gates','TGATES','650.505.3876',to_date('11-07-1998','DD-MM-RRRR'),'SH_CLERK',2900,null,122,50);
Insert into  EMPLOYEES (EMPLOYEE_ID,FIRST_NAME,LAST_NAME,EMAIL,PHONE_NUMBER,HIRE_DATE,JOB_ID,SALARY,COMMISSION_PCT,MANAGER_ID,DEPARTMENT_ID) values (191,'Randall','Perkins','RPERKINS','650.505.4876',to_date('19-12-1999','DD-MM-RRRR'),'SH_CLERK',2500,null,122,50);
Insert into  EMPLOYEES (EMPLOYEE_ID,FIRST_NAME,LAST_NAME,EMAIL,PHONE_NUMBER,HIRE_DATE,JOB_ID,SALARY,COMMISSION_PCT,MANAGER_ID,DEPARTMENT_ID) values (192,'Sarah','Bell','SBELL','650.501.1876',to_date('04-02-1996','DD-MM-RRRR'),'SH_CLERK',4000,null,123,50);
Insert into  EMPLOYEES (EMPLOYEE_ID,FIRST_NAME,LAST_NAME,EMAIL,PHONE_NUMBER,HIRE_DATE,JOB_ID,SALARY,COMMISSION_PCT,MANAGER_ID,DEPARTMENT_ID) values (193,'Britney','Everett','BEVERETT','650.501.2876',to_date('03-03-1997','DD-MM-RRRR'),'SH_CLERK',3900,null,123,50);
Insert into  EMPLOYEES (EMPLOYEE_ID,FIRST_NAME,LAST_NAME,EMAIL,PHONE_NUMBER,HIRE_DATE,JOB_ID,SALARY,COMMISSION_PCT,MANAGER_ID,DEPARTMENT_ID) values (194,'Samuel','McCain','SMCCAIN','650.501.3876',to_date('01-07-1998','DD-MM-RRRR'),'SH_CLERK',3200,null,123,50);
Insert into  EMPLOYEES (EMPLOYEE_ID,FIRST_NAME,LAST_NAME,EMAIL,PHONE_NUMBER,HIRE_DATE,JOB_ID,SALARY,COMMISSION_PCT,MANAGER_ID,DEPARTMENT_ID) values (195,'Vance','Jones','VJONES','650.501.4876',to_date('17-03-1999','DD-MM-RRRR'),'SH_CLERK',2800,null,123,50);
Insert into  EMPLOYEES (EMPLOYEE_ID,FIRST_NAME,LAST_NAME,EMAIL,PHONE_NUMBER,HIRE_DATE,JOB_ID,SALARY,COMMISSION_PCT,MANAGER_ID,DEPARTMENT_ID) values (196,'Alana','Walsh','AWALSH','650.507.9811',to_date('24-04-1998','DD-MM-RRRR'),'SH_CLERK',3100,null,124,50);
Insert into  EMPLOYEES (EMPLOYEE_ID,FIRST_NAME,LAST_NAME,EMAIL,PHONE_NUMBER,HIRE_DATE,JOB_ID,SALARY,COMMISSION_PCT,MANAGER_ID,DEPARTMENT_ID) values (197,'Kevin','Feeney','KFEENEY','650.507.9822',to_date('23-05-1998','DD-MM-RRRR'),'SH_CLERK',3000,null,124,50);
Insert into  EMPLOYEES (EMPLOYEE_ID,FIRST_NAME,LAST_NAME,EMAIL,PHONE_NUMBER,HIRE_DATE,JOB_ID,SALARY,COMMISSION_PCT,MANAGER_ID,DEPARTMENT_ID) values (198,'Donald','OConnell','DOCONNEL','650.507.9833',to_date('21-06-1999','DD-MM-RRRR'),'SH_CLERK',2600,null,124,50);
Insert into  EMPLOYEES (EMPLOYEE_ID,FIRST_NAME,LAST_NAME,EMAIL,PHONE_NUMBER,HIRE_DATE,JOB_ID,SALARY,COMMISSION_PCT,MANAGER_ID,DEPARTMENT_ID) values (199,'Douglas','Grant','DGRANT','650.507.9844',to_date('13-01-2000','DD-MM-RRRR'),'SH_CLERK',2600,null,124,50);
commit;
Insert into  EMPLOYEES (EMPLOYEE_ID,FIRST_NAME,LAST_NAME,EMAIL,PHONE_NUMBER,HIRE_DATE,JOB_ID,SALARY,COMMISSION_PCT,MANAGER_ID,DEPARTMENT_ID) values (200,'Jennifer','Whalen','JWHALEN','515.123.4444',to_date('17-09-1987','DD-MM-RRRR'),'AD_ASST',4400,null,101,10);
Insert into  EMPLOYEES (EMPLOYEE_ID,FIRST_NAME,LAST_NAME,EMAIL,PHONE_NUMBER,HIRE_DATE,JOB_ID,SALARY,COMMISSION_PCT,MANAGER_ID,DEPARTMENT_ID) values (201,'Michael','Hartstein','MHARTSTE','515.123.5555',to_date('17-02-1996','DD-MM-RRRR'),'MK_MAN',13000,null,100,20);
Insert into  EMPLOYEES (EMPLOYEE_ID,FIRST_NAME,LAST_NAME,EMAIL,PHONE_NUMBER,HIRE_DATE,JOB_ID,SALARY,COMMISSION_PCT,MANAGER_ID,DEPARTMENT_ID) values (202,'Pat','Fay','PFAY','603.123.6666',to_date('17-08-1997','DD-MM-RRRR'),'MK_REP',6000,null,201,20);
Insert into  EMPLOYEES (EMPLOYEE_ID,FIRST_NAME,LAST_NAME,EMAIL,PHONE_NUMBER,HIRE_DATE,JOB_ID,SALARY,COMMISSION_PCT,MANAGER_ID,DEPARTMENT_ID) values (203,'Susan','Mavris','SMAVRIS','515.123.7777',to_date('07-06-1994','DD-MM-RRRR'),'HR_REP',6500,null,101,40);
Insert into  EMPLOYEES (EMPLOYEE_ID,FIRST_NAME,LAST_NAME,EMAIL,PHONE_NUMBER,HIRE_DATE,JOB_ID,SALARY,COMMISSION_PCT,MANAGER_ID,DEPARTMENT_ID) values (204,'Hermann','Baer','HBAER','515.123.8888',to_date('07-06-1994','DD-MM-RRRR'),'PR_REP',10000,null,101,70);
Insert into  EMPLOYEES (EMPLOYEE_ID,FIRST_NAME,LAST_NAME,EMAIL,PHONE_NUMBER,HIRE_DATE,JOB_ID,SALARY,COMMISSION_PCT,MANAGER_ID,DEPARTMENT_ID) values (205,'Shelley','Higgins','SHIGGINS','515.123.8080',to_date('07-06-1994','DD-MM-RRRR'),'AC_MGR',12000,null,101,110);
Insert into  EMPLOYEES (EMPLOYEE_ID,FIRST_NAME,LAST_NAME,EMAIL,PHONE_NUMBER,HIRE_DATE,JOB_ID,SALARY,COMMISSION_PCT,MANAGER_ID,DEPARTMENT_ID) values (206,'William','Gietz','WGIETZ','515.123.8181',to_date('07-06-1994','DD-MM-RRRR'),'AC_ACCOUNT',8300,null,205,110);
commit;
REM INSERTING into  JOB_HISTORY
SET DEFINE OFF;
Insert into  JOB_HISTORY (EMPLOYEE_ID,START_DATE,END_DATE,JOB_ID,DEPARTMENT_ID) values (102,to_date('13-01-1993','DD-MM-RRRR'),to_date('24-07-1998','DD-MM-RRRR'),'IT_PROG',60);
Insert into  JOB_HISTORY (EMPLOYEE_ID,START_DATE,END_DATE,JOB_ID,DEPARTMENT_ID) values (101,to_date('21-09-1989','DD-MM-RRRR'),to_date('27-10-1993','DD-MM-RRRR'),'AC_ACCOUNT',110);
Insert into  JOB_HISTORY (EMPLOYEE_ID,START_DATE,END_DATE,JOB_ID,DEPARTMENT_ID) values (101,to_date('28-10-1993','DD-MM-RRRR'),to_date('15-03-1997','DD-MM-RRRR'),'AC_MGR',110);
Insert into  JOB_HISTORY (EMPLOYEE_ID,START_DATE,END_DATE,JOB_ID,DEPARTMENT_ID) values (201,to_date('17-02-1996','DD-MM-RRRR'),to_date('19-12-1999','DD-MM-RRRR'),'MK_REP',20);
Insert into  JOB_HISTORY (EMPLOYEE_ID,START_DATE,END_DATE,JOB_ID,DEPARTMENT_ID) values (114,to_date('24-03-1998','DD-MM-RRRR'),to_date('31-12-1999','DD-MM-RRRR'),'ST_CLERK',50);
Insert into  JOB_HISTORY (EMPLOYEE_ID,START_DATE,END_DATE,JOB_ID,DEPARTMENT_ID) values (122,to_date('01-01-1999','DD-MM-RRRR'),to_date('31-12-1999','DD-MM-RRRR'),'ST_CLERK',50);
Insert into  JOB_HISTORY (EMPLOYEE_ID,START_DATE,END_DATE,JOB_ID,DEPARTMENT_ID) values (200,to_date('17-09-1987','DD-MM-RRRR'),to_date('17-06-1993','DD-MM-RRRR'),'AD_ASST',90);
Insert into  JOB_HISTORY (EMPLOYEE_ID,START_DATE,END_DATE,JOB_ID,DEPARTMENT_ID) values (176,to_date('24-03-1998','DD-MM-RRRR'),to_date('31-12-1998','DD-MM-RRRR'),'SA_REP',80);
Insert into  JOB_HISTORY (EMPLOYEE_ID,START_DATE,END_DATE,JOB_ID,DEPARTMENT_ID) values (176,to_date('01-01-1999','DD-MM-RRRR'),to_date('31-12-1999','DD-MM-RRRR'),'SA_MAN',80);
Insert into  JOB_HISTORY (EMPLOYEE_ID,START_DATE,END_DATE,JOB_ID,DEPARTMENT_ID) values (200,to_date('01-07-1994','DD-MM-RRRR'),to_date('31-12-1998','DD-MM-RRRR'),'AC_ACCOUNT',90);
commit;
REM INSERTING into  JOBS
SET DEFINE OFF;
Insert into  JOBS (JOB_ID,JOB_TITLE,MIN_SALARY,MAX_SALARY) values ('AD_PRES','President',20000,40000);
Insert into  JOBS (JOB_ID,JOB_TITLE,MIN_SALARY,MAX_SALARY) values ('AD_VP','Administration Vice President',15000,30000);
Insert into  JOBS (JOB_ID,JOB_TITLE,MIN_SALARY,MAX_SALARY) values ('AD_ASST','Administration Assistant',3000,6000);
Insert into  JOBS (JOB_ID,JOB_TITLE,MIN_SALARY,MAX_SALARY) values ('FI_MGR','Finance Manager',8200,16000);
Insert into  JOBS (JOB_ID,JOB_TITLE,MIN_SALARY,MAX_SALARY) values ('FI_ACCOUNT','Accountant',4200,9000);
Insert into  JOBS (JOB_ID,JOB_TITLE,MIN_SALARY,MAX_SALARY) values ('AC_MGR','Accounting Manager',8200,16000);
Insert into  JOBS (JOB_ID,JOB_TITLE,MIN_SALARY,MAX_SALARY) values ('AC_ACCOUNT','Public Accountant',4200,9000);
Insert into  JOBS (JOB_ID,JOB_TITLE,MIN_SALARY,MAX_SALARY) values ('SA_MAN','Sales Manager',10000,20000);
Insert into  JOBS (JOB_ID,JOB_TITLE,MIN_SALARY,MAX_SALARY) values ('SA_REP','Sales Representative',6000,12000);
Insert into  JOBS (JOB_ID,JOB_TITLE,MIN_SALARY,MAX_SALARY) values ('PU_MAN','Purchasing Manager',8000,15000);
Insert into  JOBS (JOB_ID,JOB_TITLE,MIN_SALARY,MAX_SALARY) values ('PU_CLERK','Purchasing Clerk',2500,5500);
Insert into  JOBS (JOB_ID,JOB_TITLE,MIN_SALARY,MAX_SALARY) values ('ST_MAN','Stock Manager',5500,8500);
Insert into  JOBS (JOB_ID,JOB_TITLE,MIN_SALARY,MAX_SALARY) values ('ST_CLERK','Stock Clerk',2000,5000);
Insert into  JOBS (JOB_ID,JOB_TITLE,MIN_SALARY,MAX_SALARY) values ('SH_CLERK','Shipping Clerk',2500,5500);
Insert into  JOBS (JOB_ID,JOB_TITLE,MIN_SALARY,MAX_SALARY) values ('IT_PROG','Programmer',4000,10000);
Insert into  JOBS (JOB_ID,JOB_TITLE,MIN_SALARY,MAX_SALARY) values ('MK_MAN','Marketing Manager',9000,15000);
Insert into  JOBS (JOB_ID,JOB_TITLE,MIN_SALARY,MAX_SALARY) values ('MK_REP','Marketing Representative',4000,9000);
Insert into  JOBS (JOB_ID,JOB_TITLE,MIN_SALARY,MAX_SALARY) values ('HR_REP','Human Resources Representative',4000,9000);
Insert into  JOBS (JOB_ID,JOB_TITLE,MIN_SALARY,MAX_SALARY) values ('PR_REP','Public Relations Representative',4500,10500);
commit;
REM INSERTING into  LOCATIONS
SET DEFINE OFF;
Insert into  LOCATIONS (LOCATION_ID,STREET_ADDRESS,POSTAL_CODE,CITY,STATE_PROVINCE,COUNTRY_ID) values (1000,'1297 Via Cola di Rie','00989','Roma',null,'IT');
Insert into  LOCATIONS (LOCATION_ID,STREET_ADDRESS,POSTAL_CODE,CITY,STATE_PROVINCE,COUNTRY_ID) values (1100,'93091 Calle della Testa','10934','Venice',null,'IT');
Insert into  LOCATIONS (LOCATION_ID,STREET_ADDRESS,POSTAL_CODE,CITY,STATE_PROVINCE,COUNTRY_ID) values (1200,'2017 Shinjuku-ku','1689','Tokyo','Tokyo Prefecture','JP');
Insert into  LOCATIONS (LOCATION_ID,STREET_ADDRESS,POSTAL_CODE,CITY,STATE_PROVINCE,COUNTRY_ID) values (1300,'9450 Kamiya-cho','6823','Hiroshima',null,'JP');
Insert into  LOCATIONS (LOCATION_ID,STREET_ADDRESS,POSTAL_CODE,CITY,STATE_PROVINCE,COUNTRY_ID) values (1400,'2014 Jabberwocky Rd','26192','Southlake','Texas','US');
Insert into  LOCATIONS (LOCATION_ID,STREET_ADDRESS,POSTAL_CODE,CITY,STATE_PROVINCE,COUNTRY_ID) values (1500,'2011 Interiors Blvd','99236','South San Francisco','California','US');
Insert into  LOCATIONS (LOCATION_ID,STREET_ADDRESS,POSTAL_CODE,CITY,STATE_PROVINCE,COUNTRY_ID) values (1600,'2007 Zagora St','50090','South Brunswick','New Jersey','US');
Insert into  LOCATIONS (LOCATION_ID,STREET_ADDRESS,POSTAL_CODE,CITY,STATE_PROVINCE,COUNTRY_ID) values (1700,'2004 Charade Rd','98199','Seattle','Washington','US');
Insert into  LOCATIONS (LOCATION_ID,STREET_ADDRESS,POSTAL_CODE,CITY,STATE_PROVINCE,COUNTRY_ID) values (1800,'147 Spadina Ave','M5V 2L7','Toronto','Ontario','CA');
Insert into  LOCATIONS (LOCATION_ID,STREET_ADDRESS,POSTAL_CODE,CITY,STATE_PROVINCE,COUNTRY_ID) values (1900,'6092 Boxwood St','YSW 9T2','Whitehorse','Yukon','CA');
Insert into  LOCATIONS (LOCATION_ID,STREET_ADDRESS,POSTAL_CODE,CITY,STATE_PROVINCE,COUNTRY_ID) values (2000,'40-5-12 Laogianggen','190518','Beijing',null,'CN');
Insert into  LOCATIONS (LOCATION_ID,STREET_ADDRESS,POSTAL_CODE,CITY,STATE_PROVINCE,COUNTRY_ID) values (2100,'1298 Vileparle (E)','490231','Bombay','Maharashtra','IN');
Insert into  LOCATIONS (LOCATION_ID,STREET_ADDRESS,POSTAL_CODE,CITY,STATE_PROVINCE,COUNTRY_ID) values (2200,'12-98 Victoria Street','2901','Sydney','New South Wales','AU');
Insert into  LOCATIONS (LOCATION_ID,STREET_ADDRESS,POSTAL_CODE,CITY,STATE_PROVINCE,COUNTRY_ID) values (2300,'198 Clementi North','540198','Singapore',null,'SG');
Insert into  LOCATIONS (LOCATION_ID,STREET_ADDRESS,POSTAL_CODE,CITY,STATE_PROVINCE,COUNTRY_ID) values (2400,'8204 Arthur St',null,'London',null,'UK');
Insert into  LOCATIONS (LOCATION_ID,STREET_ADDRESS,POSTAL_CODE,CITY,STATE_PROVINCE,COUNTRY_ID) values (2500,'Magdalen Centre, The Oxford Science Park','OX9 9ZB','Oxford','Oxford','UK');
Insert into  LOCATIONS (LOCATION_ID,STREET_ADDRESS,POSTAL_CODE,CITY,STATE_PROVINCE,COUNTRY_ID) values (2600,'9702 Chester Road','09629850293','Stretford','Manchester','UK');
Insert into  LOCATIONS (LOCATION_ID,STREET_ADDRESS,POSTAL_CODE,CITY,STATE_PROVINCE,COUNTRY_ID) values (2700,'Schwanthalerstr. 7031','80925','Munich','Bavaria','DE');
Insert into  LOCATIONS (LOCATION_ID,STREET_ADDRESS,POSTAL_CODE,CITY,STATE_PROVINCE,COUNTRY_ID) values (2800,'Rua Frei Caneca 1360 ','01307-002','Sao Paulo','Sao Paulo','BR');
Insert into  LOCATIONS (LOCATION_ID,STREET_ADDRESS,POSTAL_CODE,CITY,STATE_PROVINCE,COUNTRY_ID) values (2900,'20 Rue des Corps-Saints','1730','Geneva','Geneve','CH');
Insert into  LOCATIONS (LOCATION_ID,STREET_ADDRESS,POSTAL_CODE,CITY,STATE_PROVINCE,COUNTRY_ID) values (3000,'Murtenstrasse 921','3095','Bern','BE','CH');
Insert into  LOCATIONS (LOCATION_ID,STREET_ADDRESS,POSTAL_CODE,CITY,STATE_PROVINCE,COUNTRY_ID) values (3100,'Pieter Breughelstraat 837','3029SK','Utrecht','Utrecht','NL');
Insert into  LOCATIONS (LOCATION_ID,STREET_ADDRESS,POSTAL_CODE,CITY,STATE_PROVINCE,COUNTRY_ID) values (3200,'Mariano Escobedo 9991','11932','Mexico City','Distrito Federal,','MX');
commit;
REM INSERTING into  ORDER_ITEMS
SET DEFINE OFF;
Insert into  ORDER_ITEMS (ORDER_ID,LINE_ITEM_ID,PRODUCT_ID,UNIT_PRICE,DISCOUNT_PRICE,QUANTITY) values (2421,10,3150,17,15,176);
Insert into  ORDER_ITEMS (ORDER_ID,LINE_ITEM_ID,PRODUCT_ID,UNIT_PRICE,DISCOUNT_PRICE,QUANTITY) values (2440,11,2339,25,22,23);
Insert into  ORDER_ITEMS (ORDER_ID,LINE_ITEM_ID,PRODUCT_ID,UNIT_PRICE,DISCOUNT_PRICE,QUANTITY) values (2444,11,3165,37,32,112);
Insert into  ORDER_ITEMS (ORDER_ID,LINE_ITEM_ID,PRODUCT_ID,UNIT_PRICE,DISCOUNT_PRICE,QUANTITY) values (2445,10,2319,25,21,27);
Insert into  ORDER_ITEMS (ORDER_ID,LINE_ITEM_ID,PRODUCT_ID,UNIT_PRICE,DISCOUNT_PRICE,QUANTITY) values (2446,10,2330,1.1,0.8,36);
Insert into  ORDER_ITEMS (ORDER_ID,LINE_ITEM_ID,PRODUCT_ID,UNIT_PRICE,DISCOUNT_PRICE,QUANTITY) values (2447,10,2302,133.1,120,37);
Insert into  ORDER_ITEMS (ORDER_ID,LINE_ITEM_ID,PRODUCT_ID,UNIT_PRICE,DISCOUNT_PRICE,QUANTITY) values (2452,11,3170,145.2,132,20);
Insert into  ORDER_ITEMS (ORDER_ID,LINE_ITEM_ID,PRODUCT_ID,UNIT_PRICE,DISCOUNT_PRICE,QUANTITY) values (2354,12,3176,113.3,103,72);
Insert into  ORDER_ITEMS (ORDER_ID,LINE_ITEM_ID,PRODUCT_ID,UNIT_PRICE,DISCOUNT_PRICE,QUANTITY) values (2359,10,2377,96,90,17);
Insert into  ORDER_ITEMS (ORDER_ID,LINE_ITEM_ID,PRODUCT_ID,UNIT_PRICE,DISCOUNT_PRICE,QUANTITY) values (2363,12,2326,1.1,0.7,37);
Insert into  ORDER_ITEMS (ORDER_ID,LINE_ITEM_ID,PRODUCT_ID,UNIT_PRICE,DISCOUNT_PRICE,QUANTITY) values (2365,12,2340,72,67,54);
Insert into  ORDER_ITEMS (ORDER_ID,LINE_ITEM_ID,PRODUCT_ID,UNIT_PRICE,DISCOUNT_PRICE,QUANTITY) values (2366,12,2419,69,63,24);
Insert into  ORDER_ITEMS (ORDER_ID,LINE_ITEM_ID,PRODUCT_ID,UNIT_PRICE,DISCOUNT_PRICE,QUANTITY) values (2367,11,2335,91.3,87,54);
Insert into  ORDER_ITEMS (ORDER_ID,LINE_ITEM_ID,PRODUCT_ID,UNIT_PRICE,DISCOUNT_PRICE,QUANTITY) values (2371,11,2339,25,21,29);
Insert into  ORDER_ITEMS (ORDER_ID,LINE_ITEM_ID,PRODUCT_ID,UNIT_PRICE,DISCOUNT_PRICE,QUANTITY) values (2372,11,3167,54,51,32);
Insert into  ORDER_ITEMS (ORDER_ID,LINE_ITEM_ID,PRODUCT_ID,UNIT_PRICE,DISCOUNT_PRICE,QUANTITY) values (2375,12,3171,132,126,107);
Insert into  ORDER_ITEMS (ORDER_ID,LINE_ITEM_ID,PRODUCT_ID,UNIT_PRICE,DISCOUNT_PRICE,QUANTITY) values (2376,12,2334,3.3,2.7,36);
Insert into  ORDER_ITEMS (ORDER_ID,LINE_ITEM_ID,PRODUCT_ID,UNIT_PRICE,DISCOUNT_PRICE,QUANTITY) values (2378,12,2457,4.4,4,25);
Insert into  ORDER_ITEMS (ORDER_ID,LINE_ITEM_ID,PRODUCT_ID,UNIT_PRICE,DISCOUNT_PRICE,QUANTITY) values (2380,12,3176,113.3,102,40);
Insert into  ORDER_ITEMS (ORDER_ID,LINE_ITEM_ID,PRODUCT_ID,UNIT_PRICE,DISCOUNT_PRICE,QUANTITY) values (2381,11,3176,113.3,102,62);
Insert into  ORDER_ITEMS (ORDER_ID,LINE_ITEM_ID,PRODUCT_ID,UNIT_PRICE,DISCOUNT_PRICE,QUANTITY) values (2382,12,3163,29,24,89);
Insert into  ORDER_ITEMS (ORDER_ID,LINE_ITEM_ID,PRODUCT_ID,UNIT_PRICE,DISCOUNT_PRICE,QUANTITY) values (2385,12,2335,91.3,87,106);
Insert into  ORDER_ITEMS (ORDER_ID,LINE_ITEM_ID,PRODUCT_ID,UNIT_PRICE,DISCOUNT_PRICE,QUANTITY) values (2386,11,2378,271.7,255,33);
Insert into  ORDER_ITEMS (ORDER_ID,LINE_ITEM_ID,PRODUCT_ID,UNIT_PRICE,DISCOUNT_PRICE,QUANTITY) values (2389,11,3165,34,30,43);
Insert into  ORDER_ITEMS (ORDER_ID,LINE_ITEM_ID,PRODUCT_ID,UNIT_PRICE,DISCOUNT_PRICE,QUANTITY) values (2395,11,2268,71,68,37);
Insert into  ORDER_ITEMS (ORDER_ID,LINE_ITEM_ID,PRODUCT_ID,UNIT_PRICE,DISCOUNT_PRICE,QUANTITY) values (2396,12,3163,29,26,100);
Insert into  ORDER_ITEMS (ORDER_ID,LINE_ITEM_ID,PRODUCT_ID,UNIT_PRICE,DISCOUNT_PRICE,QUANTITY) values (2398,12,2594,9,7,27);
Insert into  ORDER_ITEMS (ORDER_ID,LINE_ITEM_ID,PRODUCT_ID,UNIT_PRICE,DISCOUNT_PRICE,QUANTITY) values (2410,10,3051,12,8,21);
Insert into  ORDER_ITEMS (ORDER_ID,LINE_ITEM_ID,PRODUCT_ID,UNIT_PRICE,DISCOUNT_PRICE,QUANTITY) values (2411,11,3133,43,41,23);
Insert into  ORDER_ITEMS (ORDER_ID,LINE_ITEM_ID,PRODUCT_ID,UNIT_PRICE,DISCOUNT_PRICE,QUANTITY) values (2412,12,3163,30,27,92);
Insert into  ORDER_ITEMS (ORDER_ID,LINE_ITEM_ID,PRODUCT_ID,UNIT_PRICE,DISCOUNT_PRICE,QUANTITY) values (2413,12,3163,30,26,66);
Insert into  ORDER_ITEMS (ORDER_ID,LINE_ITEM_ID,PRODUCT_ID,UNIT_PRICE,DISCOUNT_PRICE,QUANTITY) values (2419,10,3165,35,31,76);
Insert into  ORDER_ITEMS (ORDER_ID,LINE_ITEM_ID,PRODUCT_ID,UNIT_PRICE,DISCOUNT_PRICE,QUANTITY) values (2420,11,3163,30,26,45);
Insert into  ORDER_ITEMS (ORDER_ID,LINE_ITEM_ID,PRODUCT_ID,UNIT_PRICE,DISCOUNT_PRICE,QUANTITY) values (2422,10,3163,30,27,35);
Insert into  ORDER_ITEMS (ORDER_ID,LINE_ITEM_ID,PRODUCT_ID,UNIT_PRICE,DISCOUNT_PRICE,QUANTITY) values (2426,12,3248,212.3,201,26);
Insert into  ORDER_ITEMS (ORDER_ID,LINE_ITEM_ID,PRODUCT_ID,UNIT_PRICE,DISCOUNT_PRICE,QUANTITY) values (2427,12,2496,268.4,255,19);
Insert into  ORDER_ITEMS (ORDER_ID,LINE_ITEM_ID,PRODUCT_ID,UNIT_PRICE,DISCOUNT_PRICE,QUANTITY) values (2428,12,3170,145.2,138,24);
Insert into  ORDER_ITEMS (ORDER_ID,LINE_ITEM_ID,PRODUCT_ID,UNIT_PRICE,DISCOUNT_PRICE,QUANTITY) values (2429,11,3163,30,25,63);
Insert into  ORDER_ITEMS (ORDER_ID,LINE_ITEM_ID,PRODUCT_ID,UNIT_PRICE,DISCOUNT_PRICE,QUANTITY) values (2440,12,2350,2341.9,1988,24);
Insert into  ORDER_ITEMS (ORDER_ID,LINE_ITEM_ID,PRODUCT_ID,UNIT_PRICE,DISCOUNT_PRICE,QUANTITY) values (2444,12,3172,37,34,112);
Insert into  ORDER_ITEMS (ORDER_ID,LINE_ITEM_ID,PRODUCT_ID,UNIT_PRICE,DISCOUNT_PRICE,QUANTITY) values (2445,11,2326,1.1,0.7,28);
Insert into  ORDER_ITEMS (ORDER_ID,LINE_ITEM_ID,PRODUCT_ID,UNIT_PRICE,DISCOUNT_PRICE,QUANTITY) values (2446,11,2337,270.6,240,37);
Insert into  ORDER_ITEMS (ORDER_ID,LINE_ITEM_ID,PRODUCT_ID,UNIT_PRICE,DISCOUNT_PRICE,QUANTITY) values (2447,11,2308,54,50,40);
Insert into  ORDER_ITEMS (ORDER_ID,LINE_ITEM_ID,PRODUCT_ID,UNIT_PRICE,DISCOUNT_PRICE,QUANTITY) values (2452,12,3172,37,31,20);
Insert into  ORDER_ITEMS (ORDER_ID,LINE_ITEM_ID,PRODUCT_ID,UNIT_PRICE,DISCOUNT_PRICE,QUANTITY) values (2457,12,3170,145.2,139,42);
Insert into  ORDER_ITEMS (ORDER_ID,LINE_ITEM_ID,PRODUCT_ID,UNIT_PRICE,DISCOUNT_PRICE,QUANTITY) values (2354,13,3182,61,54,77);
Insert into  ORDER_ITEMS (ORDER_ID,LINE_ITEM_ID,PRODUCT_ID,UNIT_PRICE,DISCOUNT_PRICE,QUANTITY) values (2357,12,2276,236.5,221,38);
Insert into  ORDER_ITEMS (ORDER_ID,LINE_ITEM_ID,PRODUCT_ID,UNIT_PRICE,DISCOUNT_PRICE,QUANTITY) values (2359,11,2380,5.5,4.9,17);
Insert into  ORDER_ITEMS (ORDER_ID,LINE_ITEM_ID,PRODUCT_ID,UNIT_PRICE,DISCOUNT_PRICE,QUANTITY) values (2361,12,2359,248,221,208);
Insert into  ORDER_ITEMS (ORDER_ID,LINE_ITEM_ID,PRODUCT_ID,UNIT_PRICE,DISCOUNT_PRICE,QUANTITY) values (2362,12,2359,248,221,189);
Insert into  ORDER_ITEMS (ORDER_ID,LINE_ITEM_ID,PRODUCT_ID,UNIT_PRICE,DISCOUNT_PRICE,QUANTITY) values (2363,13,2334,3.3,2.7,42);
Insert into  ORDER_ITEMS (ORDER_ID,LINE_ITEM_ID,PRODUCT_ID,UNIT_PRICE,DISCOUNT_PRICE,QUANTITY) values (2367,12,2350,2341.9,2001,54);
Insert into  ORDER_ITEMS (ORDER_ID,LINE_ITEM_ID,PRODUCT_ID,UNIT_PRICE,DISCOUNT_PRICE,QUANTITY) values (2369,11,3204,123,116,34);
Insert into  ORDER_ITEMS (ORDER_ID,LINE_ITEM_ID,PRODUCT_ID,UNIT_PRICE,DISCOUNT_PRICE,QUANTITY) values (2371,12,2350,2341.9,1966,32);
Insert into  ORDER_ITEMS (ORDER_ID,LINE_ITEM_ID,PRODUCT_ID,UNIT_PRICE,DISCOUNT_PRICE,QUANTITY) values (2372,12,3170,145.2,136,36);
Insert into  ORDER_ITEMS (ORDER_ID,LINE_ITEM_ID,PRODUCT_ID,UNIT_PRICE,DISCOUNT_PRICE,QUANTITY) values (2375,13,3176,120,110,109);
Insert into  ORDER_ITEMS (ORDER_ID,LINE_ITEM_ID,PRODUCT_ID,UNIT_PRICE,DISCOUNT_PRICE,QUANTITY) values (2378,13,2459,624.8,600,25);
Insert into  ORDER_ITEMS (ORDER_ID,LINE_ITEM_ID,PRODUCT_ID,UNIT_PRICE,DISCOUNT_PRICE,QUANTITY) values (2380,13,3187,2.2,1.7,40);
Insert into  ORDER_ITEMS (ORDER_ID,LINE_ITEM_ID,PRODUCT_ID,UNIT_PRICE,DISCOUNT_PRICE,QUANTITY) values (2381,12,3183,47,40,63);
Insert into  ORDER_ITEMS (ORDER_ID,LINE_ITEM_ID,PRODUCT_ID,UNIT_PRICE,DISCOUNT_PRICE,QUANTITY) values (2382,13,3165,37,31,92);
Insert into  ORDER_ITEMS (ORDER_ID,LINE_ITEM_ID,PRODUCT_ID,UNIT_PRICE,DISCOUNT_PRICE,QUANTITY) values (2384,12,2359,249,212,77);
Insert into  ORDER_ITEMS (ORDER_ID,LINE_ITEM_ID,PRODUCT_ID,UNIT_PRICE,DISCOUNT_PRICE,QUANTITY) values (2385,13,2350,2341.9,1988,109);
Insert into  ORDER_ITEMS (ORDER_ID,LINE_ITEM_ID,PRODUCT_ID,UNIT_PRICE,DISCOUNT_PRICE,QUANTITY) values (2386,12,2394,116.6,101,36);
Insert into  ORDER_ITEMS (ORDER_ID,LINE_ITEM_ID,PRODUCT_ID,UNIT_PRICE,DISCOUNT_PRICE,QUANTITY) values (2387,13,2268,75,71,42);
Insert into  ORDER_ITEMS (ORDER_ID,LINE_ITEM_ID,PRODUCT_ID,UNIT_PRICE,DISCOUNT_PRICE,QUANTITY) values (2388,13,2350,2341.9,2001,112);
Insert into  ORDER_ITEMS (ORDER_ID,LINE_ITEM_ID,PRODUCT_ID,UNIT_PRICE,DISCOUNT_PRICE,QUANTITY) values (2389,12,3167,52,47,47);
Insert into  ORDER_ITEMS (ORDER_ID,LINE_ITEM_ID,PRODUCT_ID,UNIT_PRICE,DISCOUNT_PRICE,QUANTITY) values (2392,13,3165,40,36,81);
Insert into  ORDER_ITEMS (ORDER_ID,LINE_ITEM_ID,PRODUCT_ID,UNIT_PRICE,DISCOUNT_PRICE,QUANTITY) values (2393,13,3108,69.3,62,30);
Insert into  ORDER_ITEMS (ORDER_ID,LINE_ITEM_ID,PRODUCT_ID,UNIT_PRICE,DISCOUNT_PRICE,QUANTITY) values (2394,13,3167,52,48,68);
Insert into  ORDER_ITEMS (ORDER_ID,LINE_ITEM_ID,PRODUCT_ID,UNIT_PRICE,DISCOUNT_PRICE,QUANTITY) values (2395,12,2270,64,60,41);
Insert into  ORDER_ITEMS (ORDER_ID,LINE_ITEM_ID,PRODUCT_ID,UNIT_PRICE,DISCOUNT_PRICE,QUANTITY) values (2399,13,2359,226.6,211,38);
Insert into  ORDER_ITEMS (ORDER_ID,LINE_ITEM_ID,PRODUCT_ID,UNIT_PRICE,DISCOUNT_PRICE,QUANTITY) values (2404,13,2808,0,0,37);
Insert into  ORDER_ITEMS (ORDER_ID,LINE_ITEM_ID,PRODUCT_ID,UNIT_PRICE,DISCOUNT_PRICE,QUANTITY) values (2406,12,2782,62,56,31);
Insert into  ORDER_ITEMS (ORDER_ID,LINE_ITEM_ID,PRODUCT_ID,UNIT_PRICE,DISCOUNT_PRICE,QUANTITY) values (2411,12,3143,15,11,24);
Insert into  ORDER_ITEMS (ORDER_ID,LINE_ITEM_ID,PRODUCT_ID,UNIT_PRICE,DISCOUNT_PRICE,QUANTITY) values (2412,13,3167,54,48,94);
Insert into  ORDER_ITEMS (ORDER_ID,LINE_ITEM_ID,PRODUCT_ID,UNIT_PRICE,DISCOUNT_PRICE,QUANTITY) values (2417,13,2976,51,46,37);
Insert into  ORDER_ITEMS (ORDER_ID,LINE_ITEM_ID,PRODUCT_ID,UNIT_PRICE,DISCOUNT_PRICE,QUANTITY) values (2418,12,3150,17,12,37);
Insert into  ORDER_ITEMS (ORDER_ID,LINE_ITEM_ID,PRODUCT_ID,UNIT_PRICE,DISCOUNT_PRICE,QUANTITY) values (2419,11,3167,54,49,81);
Insert into  ORDER_ITEMS (ORDER_ID,LINE_ITEM_ID,PRODUCT_ID,UNIT_PRICE,DISCOUNT_PRICE,QUANTITY) values (2420,12,3171,132,121,47);
Insert into  ORDER_ITEMS (ORDER_ID,LINE_ITEM_ID,PRODUCT_ID,UNIT_PRICE,DISCOUNT_PRICE,QUANTITY) values (2421,11,3155,43,37,185);
Insert into  ORDER_ITEMS (ORDER_ID,LINE_ITEM_ID,PRODUCT_ID,UNIT_PRICE,DISCOUNT_PRICE,QUANTITY) values (2422,11,3167,54,51,39);
Insert into  ORDER_ITEMS (ORDER_ID,LINE_ITEM_ID,PRODUCT_ID,UNIT_PRICE,DISCOUNT_PRICE,QUANTITY) values (2423,12,3290,65,61,33);
Insert into  ORDER_ITEMS (ORDER_ID,LINE_ITEM_ID,PRODUCT_ID,UNIT_PRICE,DISCOUNT_PRICE,QUANTITY) values (2426,13,3252,25,20,29);
Insert into  ORDER_ITEMS (ORDER_ID,LINE_ITEM_ID,PRODUCT_ID,UNIT_PRICE,DISCOUNT_PRICE,QUANTITY) values (2427,13,2522,40,37,22);
Insert into  ORDER_ITEMS (ORDER_ID,LINE_ITEM_ID,PRODUCT_ID,UNIT_PRICE,DISCOUNT_PRICE,QUANTITY) values (2428,13,3173,86,81,28);
Insert into  ORDER_ITEMS (ORDER_ID,LINE_ITEM_ID,PRODUCT_ID,UNIT_PRICE,DISCOUNT_PRICE,QUANTITY) values (2429,12,3165,36,31,67);
Insert into  ORDER_ITEMS (ORDER_ID,LINE_ITEM_ID,PRODUCT_ID,UNIT_PRICE,DISCOUNT_PRICE,QUANTITY) values (2430,13,3501,492.8,478,43);
Insert into  ORDER_ITEMS (ORDER_ID,LINE_ITEM_ID,PRODUCT_ID,UNIT_PRICE,DISCOUNT_PRICE,QUANTITY) values (2434,13,2268,75,69,104);
Insert into  ORDER_ITEMS (ORDER_ID,LINE_ITEM_ID,PRODUCT_ID,UNIT_PRICE,DISCOUNT_PRICE,QUANTITY) values (2435,13,2365,75,69,33);
Insert into  ORDER_ITEMS (ORDER_ID,LINE_ITEM_ID,PRODUCT_ID,UNIT_PRICE,DISCOUNT_PRICE,QUANTITY) values (2436,13,3290,63,58,24);
Insert into  ORDER_ITEMS (ORDER_ID,LINE_ITEM_ID,PRODUCT_ID,UNIT_PRICE,DISCOUNT_PRICE,QUANTITY) values (2437,13,2496,268.4,251,35);
Insert into  ORDER_ITEMS (ORDER_ID,LINE_ITEM_ID,PRODUCT_ID,UNIT_PRICE,DISCOUNT_PRICE,QUANTITY) values (2440,13,2359,226.6,206,28);
Insert into  ORDER_ITEMS (ORDER_ID,LINE_ITEM_ID,PRODUCT_ID,UNIT_PRICE,DISCOUNT_PRICE,QUANTITY) values (2443,12,3165,36,30,31);
Insert into  ORDER_ITEMS (ORDER_ID,LINE_ITEM_ID,PRODUCT_ID,UNIT_PRICE,DISCOUNT_PRICE,QUANTITY) values (2444,13,3182,63,58,115);
Insert into  ORDER_ITEMS (ORDER_ID,LINE_ITEM_ID,PRODUCT_ID,UNIT_PRICE,DISCOUNT_PRICE,QUANTITY) values (2446,12,2350,2341.9,1999,39);
Insert into  ORDER_ITEMS (ORDER_ID,LINE_ITEM_ID,PRODUCT_ID,UNIT_PRICE,DISCOUNT_PRICE,QUANTITY) values (2447,12,2311,93,87,44);
Insert into  ORDER_ITEMS (ORDER_ID,LINE_ITEM_ID,PRODUCT_ID,UNIT_PRICE,DISCOUNT_PRICE,QUANTITY) values (2452,13,3173,80,74,23);
Insert into  ORDER_ITEMS (ORDER_ID,LINE_ITEM_ID,PRODUCT_ID,UNIT_PRICE,DISCOUNT_PRICE,QUANTITY) values (2455,12,2536,75,71,54);
Insert into  ORDER_ITEMS (ORDER_ID,LINE_ITEM_ID,PRODUCT_ID,UNIT_PRICE,DISCOUNT_PRICE,QUANTITY) values (2457,13,3172,36,31,45);
Insert into  ORDER_ITEMS (ORDER_ID,LINE_ITEM_ID,PRODUCT_ID,UNIT_PRICE,DISCOUNT_PRICE,QUANTITY) values (2458,12,3163,32,28,142);
commit;
Insert into  ORDER_ITEMS (ORDER_ID,LINE_ITEM_ID,PRODUCT_ID,UNIT_PRICE,DISCOUNT_PRICE,QUANTITY) values (2355,13,2359,226.6,199,204);
Insert into  ORDER_ITEMS (ORDER_ID,LINE_ITEM_ID,PRODUCT_ID,UNIT_PRICE,DISCOUNT_PRICE,QUANTITY) values (2357,13,2289,48,45,41);
Insert into  ORDER_ITEMS (ORDER_ID,LINE_ITEM_ID,PRODUCT_ID,UNIT_PRICE,DISCOUNT_PRICE,QUANTITY) values (2359,12,2381,97,92,17);
Insert into  ORDER_ITEMS (ORDER_ID,LINE_ITEM_ID,PRODUCT_ID,UNIT_PRICE,DISCOUNT_PRICE,QUANTITY) values (2361,13,2365,76,71,209);
Insert into  ORDER_ITEMS (ORDER_ID,LINE_ITEM_ID,PRODUCT_ID,UNIT_PRICE,DISCOUNT_PRICE,QUANTITY) values (2355,1,2289,46,42,200);
Insert into  ORDER_ITEMS (ORDER_ID,LINE_ITEM_ID,PRODUCT_ID,UNIT_PRICE,DISCOUNT_PRICE,QUANTITY) values (2356,1,2264,199.1,150,38);
Insert into  ORDER_ITEMS (ORDER_ID,LINE_ITEM_ID,PRODUCT_ID,UNIT_PRICE,DISCOUNT_PRICE,QUANTITY) values (2357,1,2211,3.3,2.8,140);
Insert into  ORDER_ITEMS (ORDER_ID,LINE_ITEM_ID,PRODUCT_ID,UNIT_PRICE,DISCOUNT_PRICE,QUANTITY) values (2358,1,1781,226.6,200,9);
Insert into  ORDER_ITEMS (ORDER_ID,LINE_ITEM_ID,PRODUCT_ID,UNIT_PRICE,DISCOUNT_PRICE,QUANTITY) values (2359,1,2337,270.6,250,1);
Insert into  ORDER_ITEMS (ORDER_ID,LINE_ITEM_ID,PRODUCT_ID,UNIT_PRICE,DISCOUNT_PRICE,QUANTITY) values (2360,1,2058,23,20,29);
Insert into  ORDER_ITEMS (ORDER_ID,LINE_ITEM_ID,PRODUCT_ID,UNIT_PRICE,DISCOUNT_PRICE,QUANTITY) values (2361,1,2289,46,40,180);
Insert into  ORDER_ITEMS (ORDER_ID,LINE_ITEM_ID,PRODUCT_ID,UNIT_PRICE,DISCOUNT_PRICE,QUANTITY) values (2362,1,2289,48,42,200);
Insert into  ORDER_ITEMS (ORDER_ID,LINE_ITEM_ID,PRODUCT_ID,UNIT_PRICE,DISCOUNT_PRICE,QUANTITY) values (2363,1,2264,199.1,160,9);
Insert into  ORDER_ITEMS (ORDER_ID,LINE_ITEM_ID,PRODUCT_ID,UNIT_PRICE,DISCOUNT_PRICE,QUANTITY) values (2364,1,1910,14,12,6);
Insert into  ORDER_ITEMS (ORDER_ID,LINE_ITEM_ID,PRODUCT_ID,UNIT_PRICE,DISCOUNT_PRICE,QUANTITY) values (2365,1,2289,48,44,92);
Insert into  ORDER_ITEMS (ORDER_ID,LINE_ITEM_ID,PRODUCT_ID,UNIT_PRICE,DISCOUNT_PRICE,QUANTITY) values (2366,1,2359,226.6,220,8);
Insert into  ORDER_ITEMS (ORDER_ID,LINE_ITEM_ID,PRODUCT_ID,UNIT_PRICE,DISCOUNT_PRICE,QUANTITY) values (2367,1,2289,48,44,99);
Insert into  ORDER_ITEMS (ORDER_ID,LINE_ITEM_ID,PRODUCT_ID,UNIT_PRICE,DISCOUNT_PRICE,QUANTITY) values (2354,1,3106,48,45,61);
Insert into  ORDER_ITEMS (ORDER_ID,LINE_ITEM_ID,PRODUCT_ID,UNIT_PRICE,DISCOUNT_PRICE,QUANTITY) values (2368,1,3106,48,44,150);
Insert into  ORDER_ITEMS (ORDER_ID,LINE_ITEM_ID,PRODUCT_ID,UNIT_PRICE,DISCOUNT_PRICE,QUANTITY) values (2369,1,3150,18,14,3);
Insert into  ORDER_ITEMS (ORDER_ID,LINE_ITEM_ID,PRODUCT_ID,UNIT_PRICE,DISCOUNT_PRICE,QUANTITY) values (2370,1,1910,14,12,9);
Insert into  ORDER_ITEMS (ORDER_ID,LINE_ITEM_ID,PRODUCT_ID,UNIT_PRICE,DISCOUNT_PRICE,QUANTITY) values (2371,1,2274,157,145,6);
Insert into  ORDER_ITEMS (ORDER_ID,LINE_ITEM_ID,PRODUCT_ID,UNIT_PRICE,DISCOUNT_PRICE,QUANTITY) values (2372,1,3106,48,44,6);
Insert into  ORDER_ITEMS (ORDER_ID,LINE_ITEM_ID,PRODUCT_ID,UNIT_PRICE,DISCOUNT_PRICE,QUANTITY) values (2373,1,1820,49,45,8);
Insert into  ORDER_ITEMS (ORDER_ID,LINE_ITEM_ID,PRODUCT_ID,UNIT_PRICE,DISCOUNT_PRICE,QUANTITY) values (2374,1,2422,150,135,10);
Insert into  ORDER_ITEMS (ORDER_ID,LINE_ITEM_ID,PRODUCT_ID,UNIT_PRICE,DISCOUNT_PRICE,QUANTITY) values (2375,1,3106,42,38,140);
Insert into  ORDER_ITEMS (ORDER_ID,LINE_ITEM_ID,PRODUCT_ID,UNIT_PRICE,DISCOUNT_PRICE,QUANTITY) values (2376,1,2270,60,55,14);
Insert into  ORDER_ITEMS (ORDER_ID,LINE_ITEM_ID,PRODUCT_ID,UNIT_PRICE,DISCOUNT_PRICE,QUANTITY) values (2377,1,2289,42,37,130);
Insert into  ORDER_ITEMS (ORDER_ID,LINE_ITEM_ID,PRODUCT_ID,UNIT_PRICE,DISCOUNT_PRICE,QUANTITY) values (2378,1,2403,113.3,106,20);
Insert into  ORDER_ITEMS (ORDER_ID,LINE_ITEM_ID,PRODUCT_ID,UNIT_PRICE,DISCOUNT_PRICE,QUANTITY) values (2379,1,3106,42,37,92);
Insert into  ORDER_ITEMS (ORDER_ID,LINE_ITEM_ID,PRODUCT_ID,UNIT_PRICE,DISCOUNT_PRICE,QUANTITY) values (2380,1,3106,42,37,26);
Insert into  ORDER_ITEMS (ORDER_ID,LINE_ITEM_ID,PRODUCT_ID,UNIT_PRICE,DISCOUNT_PRICE,QUANTITY) values (2381,1,3117,38,34,110);
Insert into  ORDER_ITEMS (ORDER_ID,LINE_ITEM_ID,PRODUCT_ID,UNIT_PRICE,DISCOUNT_PRICE,QUANTITY) values (2382,1,3106,42,37,160);
Insert into  ORDER_ITEMS (ORDER_ID,LINE_ITEM_ID,PRODUCT_ID,UNIT_PRICE,DISCOUNT_PRICE,QUANTITY) values (2383,1,2409,194.7,169,37);
Insert into  ORDER_ITEMS (ORDER_ID,LINE_ITEM_ID,PRODUCT_ID,UNIT_PRICE,DISCOUNT_PRICE,QUANTITY) values (2384,1,2289,43,37,95);
Insert into  ORDER_ITEMS (ORDER_ID,LINE_ITEM_ID,PRODUCT_ID,UNIT_PRICE,DISCOUNT_PRICE,QUANTITY) values (2385,1,2289,43,36,200);
Insert into  ORDER_ITEMS (ORDER_ID,LINE_ITEM_ID,PRODUCT_ID,UNIT_PRICE,DISCOUNT_PRICE,QUANTITY) values (2386,1,2330,1.1,0.9,7);
Insert into  ORDER_ITEMS (ORDER_ID,LINE_ITEM_ID,PRODUCT_ID,UNIT_PRICE,DISCOUNT_PRICE,QUANTITY) values (2387,1,2211,3.3,2.7,52);
Insert into  ORDER_ITEMS (ORDER_ID,LINE_ITEM_ID,PRODUCT_ID,UNIT_PRICE,DISCOUNT_PRICE,QUANTITY) values (2388,1,2289,43,37,150);
Insert into  ORDER_ITEMS (ORDER_ID,LINE_ITEM_ID,PRODUCT_ID,UNIT_PRICE,DISCOUNT_PRICE,QUANTITY) values (2389,1,3106,43,37,180);
Insert into  ORDER_ITEMS (ORDER_ID,LINE_ITEM_ID,PRODUCT_ID,UNIT_PRICE,DISCOUNT_PRICE,QUANTITY) values (2390,1,1910,14,12,4);
Insert into  ORDER_ITEMS (ORDER_ID,LINE_ITEM_ID,PRODUCT_ID,UNIT_PRICE,DISCOUNT_PRICE,QUANTITY) values (2391,1,1787,101,95,5);
Insert into  ORDER_ITEMS (ORDER_ID,LINE_ITEM_ID,PRODUCT_ID,UNIT_PRICE,DISCOUNT_PRICE,QUANTITY) values (2392,1,3106,43,37,63);
Insert into  ORDER_ITEMS (ORDER_ID,LINE_ITEM_ID,PRODUCT_ID,UNIT_PRICE,DISCOUNT_PRICE,QUANTITY) values (2393,1,3051,12,9,10);
Insert into  ORDER_ITEMS (ORDER_ID,LINE_ITEM_ID,PRODUCT_ID,UNIT_PRICE,DISCOUNT_PRICE,QUANTITY) values (2394,1,3117,41,37,90);
Insert into  ORDER_ITEMS (ORDER_ID,LINE_ITEM_ID,PRODUCT_ID,UNIT_PRICE,DISCOUNT_PRICE,QUANTITY) values (2395,1,2211,3.3,2.6,110);
Insert into  ORDER_ITEMS (ORDER_ID,LINE_ITEM_ID,PRODUCT_ID,UNIT_PRICE,DISCOUNT_PRICE,QUANTITY) values (2396,1,3106,44,37,150);
Insert into  ORDER_ITEMS (ORDER_ID,LINE_ITEM_ID,PRODUCT_ID,UNIT_PRICE,DISCOUNT_PRICE,QUANTITY) values (2397,1,2976,52,46,2);
Insert into  ORDER_ITEMS (ORDER_ID,LINE_ITEM_ID,PRODUCT_ID,UNIT_PRICE,DISCOUNT_PRICE,QUANTITY) values (2398,1,2471,482.9,432,5);
Insert into  ORDER_ITEMS (ORDER_ID,LINE_ITEM_ID,PRODUCT_ID,UNIT_PRICE,DISCOUNT_PRICE,QUANTITY) values (2399,1,2289,44,37,120);
Insert into  ORDER_ITEMS (ORDER_ID,LINE_ITEM_ID,PRODUCT_ID,UNIT_PRICE,DISCOUNT_PRICE,QUANTITY) values (2400,1,2976,52,46,4);
Insert into  ORDER_ITEMS (ORDER_ID,LINE_ITEM_ID,PRODUCT_ID,UNIT_PRICE,DISCOUNT_PRICE,QUANTITY) values (2401,1,2492,41,35,4);
Insert into  ORDER_ITEMS (ORDER_ID,LINE_ITEM_ID,PRODUCT_ID,UNIT_PRICE,DISCOUNT_PRICE,QUANTITY) values (2402,1,2536,75,65,8);
Insert into  ORDER_ITEMS (ORDER_ID,LINE_ITEM_ID,PRODUCT_ID,UNIT_PRICE,DISCOUNT_PRICE,QUANTITY) values (2403,1,2522,44,37,5);
Insert into  ORDER_ITEMS (ORDER_ID,LINE_ITEM_ID,PRODUCT_ID,UNIT_PRICE,DISCOUNT_PRICE,QUANTITY) values (2404,1,2721,85,73,6);
Insert into  ORDER_ITEMS (ORDER_ID,LINE_ITEM_ID,PRODUCT_ID,UNIT_PRICE,DISCOUNT_PRICE,QUANTITY) values (2405,1,2638,137,123,9);
Insert into  ORDER_ITEMS (ORDER_ID,LINE_ITEM_ID,PRODUCT_ID,UNIT_PRICE,DISCOUNT_PRICE,QUANTITY) values (2406,1,2721,85,78,5);
Insert into  ORDER_ITEMS (ORDER_ID,LINE_ITEM_ID,PRODUCT_ID,UNIT_PRICE,DISCOUNT_PRICE,QUANTITY) values (2407,1,2721,85,78,5);
Insert into  ORDER_ITEMS (ORDER_ID,LINE_ITEM_ID,PRODUCT_ID,UNIT_PRICE,DISCOUNT_PRICE,QUANTITY) values (2408,1,2751,61,56,3);
Insert into  ORDER_ITEMS (ORDER_ID,LINE_ITEM_ID,PRODUCT_ID,UNIT_PRICE,DISCOUNT_PRICE,QUANTITY) values (2409,1,2810,6,4.7,8);
Insert into  ORDER_ITEMS (ORDER_ID,LINE_ITEM_ID,PRODUCT_ID,UNIT_PRICE,DISCOUNT_PRICE,QUANTITY) values (2410,1,2976,46,39,10);
Insert into  ORDER_ITEMS (ORDER_ID,LINE_ITEM_ID,PRODUCT_ID,UNIT_PRICE,DISCOUNT_PRICE,QUANTITY) values (2411,1,3082,81,76,2);
Insert into  ORDER_ITEMS (ORDER_ID,LINE_ITEM_ID,PRODUCT_ID,UNIT_PRICE,DISCOUNT_PRICE,QUANTITY) values (2412,1,3106,46,43,170);
Insert into  ORDER_ITEMS (ORDER_ID,LINE_ITEM_ID,PRODUCT_ID,UNIT_PRICE,DISCOUNT_PRICE,QUANTITY) values (2413,1,3108,77,71,200);
Insert into  ORDER_ITEMS (ORDER_ID,LINE_ITEM_ID,PRODUCT_ID,UNIT_PRICE,DISCOUNT_PRICE,QUANTITY) values (2414,1,3208,1.1,0.7,8);
Insert into  ORDER_ITEMS (ORDER_ID,LINE_ITEM_ID,PRODUCT_ID,UNIT_PRICE,DISCOUNT_PRICE,QUANTITY) values (2415,1,2751,62,57,5);
Insert into  ORDER_ITEMS (ORDER_ID,LINE_ITEM_ID,PRODUCT_ID,UNIT_PRICE,DISCOUNT_PRICE,QUANTITY) values (2416,1,2870,4.4,3.6,10);
Insert into  ORDER_ITEMS (ORDER_ID,LINE_ITEM_ID,PRODUCT_ID,UNIT_PRICE,DISCOUNT_PRICE,QUANTITY) values (2417,1,2870,4.4,3.6,9);
Insert into  ORDER_ITEMS (ORDER_ID,LINE_ITEM_ID,PRODUCT_ID,UNIT_PRICE,DISCOUNT_PRICE,QUANTITY) values (2418,1,3082,75,67,15);
Insert into  ORDER_ITEMS (ORDER_ID,LINE_ITEM_ID,PRODUCT_ID,UNIT_PRICE,DISCOUNT_PRICE,QUANTITY) values (2419,1,3106,46,40,150);
Insert into  ORDER_ITEMS (ORDER_ID,LINE_ITEM_ID,PRODUCT_ID,UNIT_PRICE,DISCOUNT_PRICE,QUANTITY) values (2420,1,3106,46,41,110);
Insert into  ORDER_ITEMS (ORDER_ID,LINE_ITEM_ID,PRODUCT_ID,UNIT_PRICE,DISCOUNT_PRICE,QUANTITY) values (2421,1,3106,46,41,160);
Insert into  ORDER_ITEMS (ORDER_ID,LINE_ITEM_ID,PRODUCT_ID,UNIT_PRICE,DISCOUNT_PRICE,QUANTITY) values (2422,1,3106,46,41,18);
Insert into  ORDER_ITEMS (ORDER_ID,LINE_ITEM_ID,PRODUCT_ID,UNIT_PRICE,DISCOUNT_PRICE,QUANTITY) values (2423,1,3220,39,36,8);
Insert into  ORDER_ITEMS (ORDER_ID,LINE_ITEM_ID,PRODUCT_ID,UNIT_PRICE,DISCOUNT_PRICE,QUANTITY) values (2424,1,3350,693,650,11);
Insert into  ORDER_ITEMS (ORDER_ID,LINE_ITEM_ID,PRODUCT_ID,UNIT_PRICE,DISCOUNT_PRICE,QUANTITY) values (2425,1,3501,492.8,436,3);
Insert into  ORDER_ITEMS (ORDER_ID,LINE_ITEM_ID,PRODUCT_ID,UNIT_PRICE,DISCOUNT_PRICE,QUANTITY) values (2426,1,3193,2.2,1.8,6);
Insert into  ORDER_ITEMS (ORDER_ID,LINE_ITEM_ID,PRODUCT_ID,UNIT_PRICE,DISCOUNT_PRICE,QUANTITY) values (2427,1,2430,173,154,12);
Insert into  ORDER_ITEMS (ORDER_ID,LINE_ITEM_ID,PRODUCT_ID,UNIT_PRICE,DISCOUNT_PRICE,QUANTITY) values (2428,1,3106,42,38,7);
Insert into  ORDER_ITEMS (ORDER_ID,LINE_ITEM_ID,PRODUCT_ID,UNIT_PRICE,DISCOUNT_PRICE,QUANTITY) values (2429,1,3106,42,38,200);
Insert into  ORDER_ITEMS (ORDER_ID,LINE_ITEM_ID,PRODUCT_ID,UNIT_PRICE,DISCOUNT_PRICE,QUANTITY) values (2430,1,3350,693,650,6);
Insert into  ORDER_ITEMS (ORDER_ID,LINE_ITEM_ID,PRODUCT_ID,UNIT_PRICE,DISCOUNT_PRICE,QUANTITY) values (2431,1,3097,2.2,1.7,3);
Insert into  ORDER_ITEMS (ORDER_ID,LINE_ITEM_ID,PRODUCT_ID,UNIT_PRICE,DISCOUNT_PRICE,QUANTITY) values (2432,1,2976,49,43,3);
Insert into  ORDER_ITEMS (ORDER_ID,LINE_ITEM_ID,PRODUCT_ID,UNIT_PRICE,DISCOUNT_PRICE,QUANTITY) values (2433,1,1910,13,10,6);
Insert into  ORDER_ITEMS (ORDER_ID,LINE_ITEM_ID,PRODUCT_ID,UNIT_PRICE,DISCOUNT_PRICE,QUANTITY) values (2434,1,2211,3.3,2.6,81);
Insert into  ORDER_ITEMS (ORDER_ID,LINE_ITEM_ID,PRODUCT_ID,UNIT_PRICE,DISCOUNT_PRICE,QUANTITY) values (2435,1,2289,48,42,35);
Insert into  ORDER_ITEMS (ORDER_ID,LINE_ITEM_ID,PRODUCT_ID,UNIT_PRICE,DISCOUNT_PRICE,QUANTITY) values (2436,1,3208,1.1,0.8,8);
Insert into  ORDER_ITEMS (ORDER_ID,LINE_ITEM_ID,PRODUCT_ID,UNIT_PRICE,DISCOUNT_PRICE,QUANTITY) values (2437,1,2423,83,76,8);
Insert into  ORDER_ITEMS (ORDER_ID,LINE_ITEM_ID,PRODUCT_ID,UNIT_PRICE,DISCOUNT_PRICE,QUANTITY) values (2438,1,2995,69,63,3);
Insert into  ORDER_ITEMS (ORDER_ID,LINE_ITEM_ID,PRODUCT_ID,UNIT_PRICE,DISCOUNT_PRICE,QUANTITY) values (2439,1,1797,316.8,300,9);
Insert into  ORDER_ITEMS (ORDER_ID,LINE_ITEM_ID,PRODUCT_ID,UNIT_PRICE,DISCOUNT_PRICE,QUANTITY) values (2440,1,2289,48,42,19);
Insert into  ORDER_ITEMS (ORDER_ID,LINE_ITEM_ID,PRODUCT_ID,UNIT_PRICE,DISCOUNT_PRICE,QUANTITY) values (2441,1,2536,80,67,9);
Insert into  ORDER_ITEMS (ORDER_ID,LINE_ITEM_ID,PRODUCT_ID,UNIT_PRICE,DISCOUNT_PRICE,QUANTITY) values (2442,1,2402,127,116,26);
Insert into  ORDER_ITEMS (ORDER_ID,LINE_ITEM_ID,PRODUCT_ID,UNIT_PRICE,DISCOUNT_PRICE,QUANTITY) values (2443,1,3106,44,40,3);
Insert into  ORDER_ITEMS (ORDER_ID,LINE_ITEM_ID,PRODUCT_ID,UNIT_PRICE,DISCOUNT_PRICE,QUANTITY) values (2444,1,3117,36,32,110);
Insert into  ORDER_ITEMS (ORDER_ID,LINE_ITEM_ID,PRODUCT_ID,UNIT_PRICE,DISCOUNT_PRICE,QUANTITY) values (2445,1,2270,66,61,5);
Insert into  ORDER_ITEMS (ORDER_ID,LINE_ITEM_ID,PRODUCT_ID,UNIT_PRICE,DISCOUNT_PRICE,QUANTITY) values (2446,1,2289,48,43,47);
Insert into  ORDER_ITEMS (ORDER_ID,LINE_ITEM_ID,PRODUCT_ID,UNIT_PRICE,DISCOUNT_PRICE,QUANTITY) values (2447,1,2264,199.1,179,29);
Insert into  ORDER_ITEMS (ORDER_ID,LINE_ITEM_ID,PRODUCT_ID,UNIT_PRICE,DISCOUNT_PRICE,QUANTITY) values (2448,1,3106,44,39,3);
Insert into  ORDER_ITEMS (ORDER_ID,LINE_ITEM_ID,PRODUCT_ID,UNIT_PRICE,DISCOUNT_PRICE,QUANTITY) values (2449,1,2522,43,38,2);
commit;
Insert into  ORDER_ITEMS (ORDER_ID,LINE_ITEM_ID,PRODUCT_ID,UNIT_PRICE,DISCOUNT_PRICE,QUANTITY) values (2450,1,3191,1.1,0.8,4);
Insert into  ORDER_ITEMS (ORDER_ID,LINE_ITEM_ID,PRODUCT_ID,UNIT_PRICE,DISCOUNT_PRICE,QUANTITY) values (2451,1,1910,13,10,9);
Insert into  ORDER_ITEMS (ORDER_ID,LINE_ITEM_ID,PRODUCT_ID,UNIT_PRICE,DISCOUNT_PRICE,QUANTITY) values (2452,1,3117,38,32,140);
Insert into  ORDER_ITEMS (ORDER_ID,LINE_ITEM_ID,PRODUCT_ID,UNIT_PRICE,DISCOUNT_PRICE,QUANTITY) values (2453,1,2492,43,38,3);
Insert into  ORDER_ITEMS (ORDER_ID,LINE_ITEM_ID,PRODUCT_ID,UNIT_PRICE,DISCOUNT_PRICE,QUANTITY) values (2454,1,2289,43,39,120);
Insert into  ORDER_ITEMS (ORDER_ID,LINE_ITEM_ID,PRODUCT_ID,UNIT_PRICE,DISCOUNT_PRICE,QUANTITY) values (2455,1,2471,482.9,460,3);
Insert into  ORDER_ITEMS (ORDER_ID,LINE_ITEM_ID,PRODUCT_ID,UNIT_PRICE,DISCOUNT_PRICE,QUANTITY) values (2456,1,2522,40,36,5);
Insert into  ORDER_ITEMS (ORDER_ID,LINE_ITEM_ID,PRODUCT_ID,UNIT_PRICE,DISCOUNT_PRICE,QUANTITY) values (2457,1,3108,72,69,36);
Insert into  ORDER_ITEMS (ORDER_ID,LINE_ITEM_ID,PRODUCT_ID,UNIT_PRICE,DISCOUNT_PRICE,QUANTITY) values (2458,1,3117,38,34,140);
Insert into  ORDER_ITEMS (ORDER_ID,LINE_ITEM_ID,PRODUCT_ID,UNIT_PRICE,DISCOUNT_PRICE,QUANTITY) values (2354,2,3114,96.8,92,43);
Insert into  ORDER_ITEMS (ORDER_ID,LINE_ITEM_ID,PRODUCT_ID,UNIT_PRICE,DISCOUNT_PRICE,QUANTITY) values (2356,2,2274,148.5,134,34);
Insert into  ORDER_ITEMS (ORDER_ID,LINE_ITEM_ID,PRODUCT_ID,UNIT_PRICE,DISCOUNT_PRICE,QUANTITY) values (2358,2,1782,125,120,4);
Insert into  ORDER_ITEMS (ORDER_ID,LINE_ITEM_ID,PRODUCT_ID,UNIT_PRICE,DISCOUNT_PRICE,QUANTITY) values (2361,2,2299,76,72,180);
Insert into  ORDER_ITEMS (ORDER_ID,LINE_ITEM_ID,PRODUCT_ID,UNIT_PRICE,DISCOUNT_PRICE,QUANTITY) values (2362,2,2299,76,72,160);
Insert into  ORDER_ITEMS (ORDER_ID,LINE_ITEM_ID,PRODUCT_ID,UNIT_PRICE,DISCOUNT_PRICE,QUANTITY) values (2363,2,2272,129,118,7);
Insert into  ORDER_ITEMS (ORDER_ID,LINE_ITEM_ID,PRODUCT_ID,UNIT_PRICE,DISCOUNT_PRICE,QUANTITY) values (2365,2,2293,99,92,28);
Insert into  ORDER_ITEMS (ORDER_ID,LINE_ITEM_ID,PRODUCT_ID,UNIT_PRICE,DISCOUNT_PRICE,QUANTITY) values (2368,2,3110,42,37,60);
Insert into  ORDER_ITEMS (ORDER_ID,LINE_ITEM_ID,PRODUCT_ID,UNIT_PRICE,DISCOUNT_PRICE,QUANTITY) values (2369,2,3155,43,38,1);
Insert into  ORDER_ITEMS (ORDER_ID,LINE_ITEM_ID,PRODUCT_ID,UNIT_PRICE,DISCOUNT_PRICE,QUANTITY) values (2372,2,3108,74,69,2);
Insert into  ORDER_ITEMS (ORDER_ID,LINE_ITEM_ID,PRODUCT_ID,UNIT_PRICE,DISCOUNT_PRICE,QUANTITY) values (2373,2,1825,24,19,1);
Insert into  ORDER_ITEMS (ORDER_ID,LINE_ITEM_ID,PRODUCT_ID,UNIT_PRICE,DISCOUNT_PRICE,QUANTITY) values (2374,2,2423,78,72,6);
Insert into  ORDER_ITEMS (ORDER_ID,LINE_ITEM_ID,PRODUCT_ID,UNIT_PRICE,DISCOUNT_PRICE,QUANTITY) values (2375,2,3112,71,67,84);
Insert into  ORDER_ITEMS (ORDER_ID,LINE_ITEM_ID,PRODUCT_ID,UNIT_PRICE,DISCOUNT_PRICE,QUANTITY) values (2376,2,2276,236.5,211,4);
Insert into  ORDER_ITEMS (ORDER_ID,LINE_ITEM_ID,PRODUCT_ID,UNIT_PRICE,DISCOUNT_PRICE,QUANTITY) values (2378,2,2412,95,90,2);
Insert into  ORDER_ITEMS (ORDER_ID,LINE_ITEM_ID,PRODUCT_ID,UNIT_PRICE,DISCOUNT_PRICE,QUANTITY) values (2380,2,3108,75,70,18);
Insert into  ORDER_ITEMS (ORDER_ID,LINE_ITEM_ID,PRODUCT_ID,UNIT_PRICE,DISCOUNT_PRICE,QUANTITY) values (2381,2,3124,77,72,44);
Insert into  ORDER_ITEMS (ORDER_ID,LINE_ITEM_ID,PRODUCT_ID,UNIT_PRICE,DISCOUNT_PRICE,QUANTITY) values (2382,2,3110,43,39,64);
Insert into  ORDER_ITEMS (ORDER_ID,LINE_ITEM_ID,PRODUCT_ID,UNIT_PRICE,DISCOUNT_PRICE,QUANTITY) values (2384,2,2299,71,67,48);
Insert into  ORDER_ITEMS (ORDER_ID,LINE_ITEM_ID,PRODUCT_ID,UNIT_PRICE,DISCOUNT_PRICE,QUANTITY) values (2386,2,2334,3.3,2.8,5);
Insert into  ORDER_ITEMS (ORDER_ID,LINE_ITEM_ID,PRODUCT_ID,UNIT_PRICE,DISCOUNT_PRICE,QUANTITY) values (2388,2,2293,94,90,90);
Insert into  ORDER_ITEMS (ORDER_ID,LINE_ITEM_ID,PRODUCT_ID,UNIT_PRICE,DISCOUNT_PRICE,QUANTITY) values (2389,2,3112,73,69,18);
Insert into  ORDER_ITEMS (ORDER_ID,LINE_ITEM_ID,PRODUCT_ID,UNIT_PRICE,DISCOUNT_PRICE,QUANTITY) values (2390,2,1912,14,10,2);
Insert into  ORDER_ITEMS (ORDER_ID,LINE_ITEM_ID,PRODUCT_ID,UNIT_PRICE,DISCOUNT_PRICE,QUANTITY) values (2391,2,1791,262.9,221,3);
Insert into  ORDER_ITEMS (ORDER_ID,LINE_ITEM_ID,PRODUCT_ID,UNIT_PRICE,DISCOUNT_PRICE,QUANTITY) values (2392,2,3112,73,67,57);
Insert into  ORDER_ITEMS (ORDER_ID,LINE_ITEM_ID,PRODUCT_ID,UNIT_PRICE,DISCOUNT_PRICE,QUANTITY) values (2393,2,3060,295,267,2);
Insert into  ORDER_ITEMS (ORDER_ID,LINE_ITEM_ID,PRODUCT_ID,UNIT_PRICE,DISCOUNT_PRICE,QUANTITY) values (2394,2,3123,77,72,36);
Insert into  ORDER_ITEMS (ORDER_ID,LINE_ITEM_ID,PRODUCT_ID,UNIT_PRICE,DISCOUNT_PRICE,QUANTITY) values (2396,2,3108,76,71,75);
Insert into  ORDER_ITEMS (ORDER_ID,LINE_ITEM_ID,PRODUCT_ID,UNIT_PRICE,DISCOUNT_PRICE,QUANTITY) values (2399,2,2293,94,89,12);
Insert into  ORDER_ITEMS (ORDER_ID,LINE_ITEM_ID,PRODUCT_ID,UNIT_PRICE,DISCOUNT_PRICE,QUANTITY) values (2400,2,2982,41,38,1);
Insert into  ORDER_ITEMS (ORDER_ID,LINE_ITEM_ID,PRODUCT_ID,UNIT_PRICE,DISCOUNT_PRICE,QUANTITY) values (2401,2,2496,268.4,247,3);
Insert into  ORDER_ITEMS (ORDER_ID,LINE_ITEM_ID,PRODUCT_ID,UNIT_PRICE,DISCOUNT_PRICE,QUANTITY) values (2406,2,2725,3.3,2.5,4);
Insert into  ORDER_ITEMS (ORDER_ID,LINE_ITEM_ID,PRODUCT_ID,UNIT_PRICE,DISCOUNT_PRICE,QUANTITY) values (2408,2,2761,26,22,1);
Insert into  ORDER_ITEMS (ORDER_ID,LINE_ITEM_ID,PRODUCT_ID,UNIT_PRICE,DISCOUNT_PRICE,QUANTITY) values (2411,2,3086,208,198,2);
Insert into  ORDER_ITEMS (ORDER_ID,LINE_ITEM_ID,PRODUCT_ID,UNIT_PRICE,DISCOUNT_PRICE,QUANTITY) values (2412,2,3114,98,93,68);
Insert into  ORDER_ITEMS (ORDER_ID,LINE_ITEM_ID,PRODUCT_ID,UNIT_PRICE,DISCOUNT_PRICE,QUANTITY) values (2413,2,3112,75,72,40);
Insert into  ORDER_ITEMS (ORDER_ID,LINE_ITEM_ID,PRODUCT_ID,UNIT_PRICE,DISCOUNT_PRICE,QUANTITY) values (2414,2,3216,30,27,7);
Insert into  ORDER_ITEMS (ORDER_ID,LINE_ITEM_ID,PRODUCT_ID,UNIT_PRICE,DISCOUNT_PRICE,QUANTITY) values (2416,2,2878,340,321,1);
Insert into  ORDER_ITEMS (ORDER_ID,LINE_ITEM_ID,PRODUCT_ID,UNIT_PRICE,DISCOUNT_PRICE,QUANTITY) values (2418,2,3090,187,179,12);
Insert into  ORDER_ITEMS (ORDER_ID,LINE_ITEM_ID,PRODUCT_ID,UNIT_PRICE,DISCOUNT_PRICE,QUANTITY) values (2419,2,3114,99,93,45);
Insert into  ORDER_ITEMS (ORDER_ID,LINE_ITEM_ID,PRODUCT_ID,UNIT_PRICE,DISCOUNT_PRICE,QUANTITY) values (2420,2,3110,46,39,11);
Insert into  ORDER_ITEMS (ORDER_ID,LINE_ITEM_ID,PRODUCT_ID,UNIT_PRICE,DISCOUNT_PRICE,QUANTITY) values (2421,2,3108,78,72,160);
Insert into  ORDER_ITEMS (ORDER_ID,LINE_ITEM_ID,PRODUCT_ID,UNIT_PRICE,DISCOUNT_PRICE,QUANTITY) values (2422,2,3117,41,37,5);
Insert into  ORDER_ITEMS (ORDER_ID,LINE_ITEM_ID,PRODUCT_ID,UNIT_PRICE,DISCOUNT_PRICE,QUANTITY) values (2423,2,3224,32,28,3);
Insert into  ORDER_ITEMS (ORDER_ID,LINE_ITEM_ID,PRODUCT_ID,UNIT_PRICE,DISCOUNT_PRICE,QUANTITY) values (2424,2,3354,541,511,9);
Insert into  ORDER_ITEMS (ORDER_ID,LINE_ITEM_ID,PRODUCT_ID,UNIT_PRICE,DISCOUNT_PRICE,QUANTITY) values (2425,2,3511,9,6.8,2);
Insert into  ORDER_ITEMS (ORDER_ID,LINE_ITEM_ID,PRODUCT_ID,UNIT_PRICE,DISCOUNT_PRICE,QUANTITY) values (2427,2,2439,121,116,1);
Insert into  ORDER_ITEMS (ORDER_ID,LINE_ITEM_ID,PRODUCT_ID,UNIT_PRICE,DISCOUNT_PRICE,QUANTITY) values (2428,2,3108,76,72,1);
Insert into  ORDER_ITEMS (ORDER_ID,LINE_ITEM_ID,PRODUCT_ID,UNIT_PRICE,DISCOUNT_PRICE,QUANTITY) values (2429,2,3108,76,72,40);
Insert into  ORDER_ITEMS (ORDER_ID,LINE_ITEM_ID,PRODUCT_ID,UNIT_PRICE,DISCOUNT_PRICE,QUANTITY) values (2430,2,3353,454.3,431,5);
Insert into  ORDER_ITEMS (ORDER_ID,LINE_ITEM_ID,PRODUCT_ID,UNIT_PRICE,DISCOUNT_PRICE,QUANTITY) values (2431,2,3106,48,42,1);
Insert into  ORDER_ITEMS (ORDER_ID,LINE_ITEM_ID,PRODUCT_ID,UNIT_PRICE,DISCOUNT_PRICE,QUANTITY) values (2432,2,2982,43,37,2);
Insert into  ORDER_ITEMS (ORDER_ID,LINE_ITEM_ID,PRODUCT_ID,UNIT_PRICE,DISCOUNT_PRICE,QUANTITY) values (2435,2,2299,75,71,4);
Insert into  ORDER_ITEMS (ORDER_ID,LINE_ITEM_ID,PRODUCT_ID,UNIT_PRICE,DISCOUNT_PRICE,QUANTITY) values (2436,2,3209,13,9,2);
Insert into  ORDER_ITEMS (ORDER_ID,LINE_ITEM_ID,PRODUCT_ID,UNIT_PRICE,DISCOUNT_PRICE,QUANTITY) values (2437,2,2430,157.3,139,4);
Insert into  ORDER_ITEMS (ORDER_ID,LINE_ITEM_ID,PRODUCT_ID,UNIT_PRICE,DISCOUNT_PRICE,QUANTITY) values (2438,2,3000,1748,1643,3);
Insert into  ORDER_ITEMS (ORDER_ID,LINE_ITEM_ID,PRODUCT_ID,UNIT_PRICE,DISCOUNT_PRICE,QUANTITY) values (2439,2,1806,45,39,4);
Insert into  ORDER_ITEMS (ORDER_ID,LINE_ITEM_ID,PRODUCT_ID,UNIT_PRICE,DISCOUNT_PRICE,QUANTITY) values (2440,2,2293,98,92,2);
Insert into  ORDER_ITEMS (ORDER_ID,LINE_ITEM_ID,PRODUCT_ID,UNIT_PRICE,DISCOUNT_PRICE,QUANTITY) values (2441,2,2537,193.6,182,7);
Insert into  ORDER_ITEMS (ORDER_ID,LINE_ITEM_ID,PRODUCT_ID,UNIT_PRICE,DISCOUNT_PRICE,QUANTITY) values (2442,2,2410,350.9,323,21);
Insert into  ORDER_ITEMS (ORDER_ID,LINE_ITEM_ID,PRODUCT_ID,UNIT_PRICE,DISCOUNT_PRICE,QUANTITY) values (2443,2,3114,101,93,2);
Insert into  ORDER_ITEMS (ORDER_ID,LINE_ITEM_ID,PRODUCT_ID,UNIT_PRICE,DISCOUNT_PRICE,QUANTITY) values (2444,2,3127,488.4,455,88);
Insert into  ORDER_ITEMS (ORDER_ID,LINE_ITEM_ID,PRODUCT_ID,UNIT_PRICE,DISCOUNT_PRICE,QUANTITY) values (2445,2,2278,49,47,3);
Insert into  ORDER_ITEMS (ORDER_ID,LINE_ITEM_ID,PRODUCT_ID,UNIT_PRICE,DISCOUNT_PRICE,QUANTITY) values (2447,2,2266,297,276,23);
Insert into  ORDER_ITEMS (ORDER_ID,LINE_ITEM_ID,PRODUCT_ID,UNIT_PRICE,DISCOUNT_PRICE,QUANTITY) values (2448,2,3114,99,91,0);
Insert into  ORDER_ITEMS (ORDER_ID,LINE_ITEM_ID,PRODUCT_ID,UNIT_PRICE,DISCOUNT_PRICE,QUANTITY) values (2450,2,3193,2.2,1.6,3);
Insert into  ORDER_ITEMS (ORDER_ID,LINE_ITEM_ID,PRODUCT_ID,UNIT_PRICE,DISCOUNT_PRICE,QUANTITY) values (2454,2,2293,99,89,0);
Insert into  ORDER_ITEMS (ORDER_ID,LINE_ITEM_ID,PRODUCT_ID,UNIT_PRICE,DISCOUNT_PRICE,QUANTITY) values (2457,2,3123,79,72,14);
Insert into  ORDER_ITEMS (ORDER_ID,LINE_ITEM_ID,PRODUCT_ID,UNIT_PRICE,DISCOUNT_PRICE,QUANTITY) values (2458,2,3123,79,72,112);
Insert into  ORDER_ITEMS (ORDER_ID,LINE_ITEM_ID,PRODUCT_ID,UNIT_PRICE,DISCOUNT_PRICE,QUANTITY) values (2354,3,3123,79,72,47);
Insert into  ORDER_ITEMS (ORDER_ID,LINE_ITEM_ID,PRODUCT_ID,UNIT_PRICE,DISCOUNT_PRICE,QUANTITY) values (2361,3,2308,53,49,182);
Insert into  ORDER_ITEMS (ORDER_ID,LINE_ITEM_ID,PRODUCT_ID,UNIT_PRICE,DISCOUNT_PRICE,QUANTITY) values (2362,3,2311,93,89,164);
Insert into  ORDER_ITEMS (ORDER_ID,LINE_ITEM_ID,PRODUCT_ID,UNIT_PRICE,DISCOUNT_PRICE,QUANTITY) values (2365,3,2302,133.1,126,29);
Insert into  ORDER_ITEMS (ORDER_ID,LINE_ITEM_ID,PRODUCT_ID,UNIT_PRICE,DISCOUNT_PRICE,QUANTITY) values (2368,3,3117,38,32,62);
Insert into  ORDER_ITEMS (ORDER_ID,LINE_ITEM_ID,PRODUCT_ID,UNIT_PRICE,DISCOUNT_PRICE,QUANTITY) values (2369,3,3163,32,27,5);
Insert into  ORDER_ITEMS (ORDER_ID,LINE_ITEM_ID,PRODUCT_ID,UNIT_PRICE,DISCOUNT_PRICE,QUANTITY) values (2372,3,3110,42,37,7);
Insert into  ORDER_ITEMS (ORDER_ID,LINE_ITEM_ID,PRODUCT_ID,UNIT_PRICE,DISCOUNT_PRICE,QUANTITY) values (2375,3,3117,38,32,85);
Insert into  ORDER_ITEMS (ORDER_ID,LINE_ITEM_ID,PRODUCT_ID,UNIT_PRICE,DISCOUNT_PRICE,QUANTITY) values (2378,3,2414,438.9,401,7);
Insert into  ORDER_ITEMS (ORDER_ID,LINE_ITEM_ID,PRODUCT_ID,UNIT_PRICE,DISCOUNT_PRICE,QUANTITY) values (2380,3,3117,38,32,23);
Insert into  ORDER_ITEMS (ORDER_ID,LINE_ITEM_ID,PRODUCT_ID,UNIT_PRICE,DISCOUNT_PRICE,QUANTITY) values (2381,3,3133,44,38,44);
Insert into  ORDER_ITEMS (ORDER_ID,LINE_ITEM_ID,PRODUCT_ID,UNIT_PRICE,DISCOUNT_PRICE,QUANTITY) values (2382,3,3114,100,94,65);
Insert into  ORDER_ITEMS (ORDER_ID,LINE_ITEM_ID,PRODUCT_ID,UNIT_PRICE,DISCOUNT_PRICE,QUANTITY) values (2389,3,3123,80,75,21);
Insert into  ORDER_ITEMS (ORDER_ID,LINE_ITEM_ID,PRODUCT_ID,UNIT_PRICE,DISCOUNT_PRICE,QUANTITY) values (2391,3,1797,348,312,7);
Insert into  ORDER_ITEMS (ORDER_ID,LINE_ITEM_ID,PRODUCT_ID,UNIT_PRICE,DISCOUNT_PRICE,QUANTITY) values (2392,3,3117,38,31,58);
Insert into  ORDER_ITEMS (ORDER_ID,LINE_ITEM_ID,PRODUCT_ID,UNIT_PRICE,DISCOUNT_PRICE,QUANTITY) values (2393,3,3064,1017,989,5);
Insert into  ORDER_ITEMS (ORDER_ID,LINE_ITEM_ID,PRODUCT_ID,UNIT_PRICE,DISCOUNT_PRICE,QUANTITY) values (2394,3,3124,82,77,39);
Insert into  ORDER_ITEMS (ORDER_ID,LINE_ITEM_ID,PRODUCT_ID,UNIT_PRICE,DISCOUNT_PRICE,QUANTITY) values (2396,3,3110,44,38,79);
Insert into  ORDER_ITEMS (ORDER_ID,LINE_ITEM_ID,PRODUCT_ID,UNIT_PRICE,DISCOUNT_PRICE,QUANTITY) values (2399,3,2299,76,71,15);
Insert into  ORDER_ITEMS (ORDER_ID,LINE_ITEM_ID,PRODUCT_ID,UNIT_PRICE,DISCOUNT_PRICE,QUANTITY) values (2400,3,2986,123,116,4);
Insert into  ORDER_ITEMS (ORDER_ID,LINE_ITEM_ID,PRODUCT_ID,UNIT_PRICE,DISCOUNT_PRICE,QUANTITY) values (2410,2,2982,40,36,5);
Insert into  ORDER_ITEMS (ORDER_ID,LINE_ITEM_ID,PRODUCT_ID,UNIT_PRICE,DISCOUNT_PRICE,QUANTITY) values (2411,3,3097,2.2,1.7,6);
commit;
Insert into  ORDER_ITEMS (ORDER_ID,LINE_ITEM_ID,PRODUCT_ID,UNIT_PRICE,DISCOUNT_PRICE,QUANTITY) values (2412,3,3123,71.5,68,68);
Insert into  ORDER_ITEMS (ORDER_ID,LINE_ITEM_ID,PRODUCT_ID,UNIT_PRICE,DISCOUNT_PRICE,QUANTITY) values (2413,3,3117,35,30,44);
Insert into  ORDER_ITEMS (ORDER_ID,LINE_ITEM_ID,PRODUCT_ID,UNIT_PRICE,DISCOUNT_PRICE,QUANTITY) values (2414,3,3220,41,38,9);
Insert into  ORDER_ITEMS (ORDER_ID,LINE_ITEM_ID,PRODUCT_ID,UNIT_PRICE,DISCOUNT_PRICE,QUANTITY) values (2418,3,3097,2.2,1.7,13);
Insert into  ORDER_ITEMS (ORDER_ID,LINE_ITEM_ID,PRODUCT_ID,UNIT_PRICE,DISCOUNT_PRICE,QUANTITY) values (2419,3,3123,71.5,67,48);
Insert into  ORDER_ITEMS (ORDER_ID,LINE_ITEM_ID,PRODUCT_ID,UNIT_PRICE,DISCOUNT_PRICE,QUANTITY) values (2420,3,3114,101,95,15);
Insert into  ORDER_ITEMS (ORDER_ID,LINE_ITEM_ID,PRODUCT_ID,UNIT_PRICE,DISCOUNT_PRICE,QUANTITY) values (2421,3,3112,72,67,164);
Insert into  ORDER_ITEMS (ORDER_ID,LINE_ITEM_ID,PRODUCT_ID,UNIT_PRICE,DISCOUNT_PRICE,QUANTITY) values (2422,3,3123,71.5,67,5);
Insert into  ORDER_ITEMS (ORDER_ID,LINE_ITEM_ID,PRODUCT_ID,UNIT_PRICE,DISCOUNT_PRICE,QUANTITY) values (2424,3,3359,111,102,12);
Insert into  ORDER_ITEMS (ORDER_ID,LINE_ITEM_ID,PRODUCT_ID,UNIT_PRICE,DISCOUNT_PRICE,QUANTITY) values (2425,3,3515,1.1,0.8,4);
Insert into  ORDER_ITEMS (ORDER_ID,LINE_ITEM_ID,PRODUCT_ID,UNIT_PRICE,DISCOUNT_PRICE,QUANTITY) values (2428,3,3114,101,94,5);
Insert into  ORDER_ITEMS (ORDER_ID,LINE_ITEM_ID,PRODUCT_ID,UNIT_PRICE,DISCOUNT_PRICE,QUANTITY) values (2429,3,3110,45,40,43);
Insert into  ORDER_ITEMS (ORDER_ID,LINE_ITEM_ID,PRODUCT_ID,UNIT_PRICE,DISCOUNT_PRICE,QUANTITY) values (2430,3,3359,111,107,10);
Insert into  ORDER_ITEMS (ORDER_ID,LINE_ITEM_ID,PRODUCT_ID,UNIT_PRICE,DISCOUNT_PRICE,QUANTITY) values (2431,3,3114,101,94,3);
Insert into  ORDER_ITEMS (ORDER_ID,LINE_ITEM_ID,PRODUCT_ID,UNIT_PRICE,DISCOUNT_PRICE,QUANTITY) values (2436,3,3216,30,27,3);
Insert into  ORDER_ITEMS (ORDER_ID,LINE_ITEM_ID,PRODUCT_ID,UNIT_PRICE,DISCOUNT_PRICE,QUANTITY) values (2439,3,1820,54,49,9);
Insert into  ORDER_ITEMS (ORDER_ID,LINE_ITEM_ID,PRODUCT_ID,UNIT_PRICE,DISCOUNT_PRICE,QUANTITY) values (2440,3,2302,150,142,2);
Insert into  ORDER_ITEMS (ORDER_ID,LINE_ITEM_ID,PRODUCT_ID,UNIT_PRICE,DISCOUNT_PRICE,QUANTITY) values (2442,3,2418,60,55,23);
Insert into  ORDER_ITEMS (ORDER_ID,LINE_ITEM_ID,PRODUCT_ID,UNIT_PRICE,DISCOUNT_PRICE,QUANTITY) values (2444,3,3133,43,38,90);
Insert into  ORDER_ITEMS (ORDER_ID,LINE_ITEM_ID,PRODUCT_ID,UNIT_PRICE,DISCOUNT_PRICE,QUANTITY) values (2450,3,3197,44,38,5);
Insert into  ORDER_ITEMS (ORDER_ID,LINE_ITEM_ID,PRODUCT_ID,UNIT_PRICE,DISCOUNT_PRICE,QUANTITY) values (2454,3,2299,71,64,3);
Insert into  ORDER_ITEMS (ORDER_ID,LINE_ITEM_ID,PRODUCT_ID,UNIT_PRICE,DISCOUNT_PRICE,QUANTITY) values (2457,3,3127,488.4,455,17);
Insert into  ORDER_ITEMS (ORDER_ID,LINE_ITEM_ID,PRODUCT_ID,UNIT_PRICE,DISCOUNT_PRICE,QUANTITY) values (2458,3,3127,488.4,455,114);
Insert into  ORDER_ITEMS (ORDER_ID,LINE_ITEM_ID,PRODUCT_ID,UNIT_PRICE,DISCOUNT_PRICE,QUANTITY) values (2354,4,3129,41,38,47);
Insert into  ORDER_ITEMS (ORDER_ID,LINE_ITEM_ID,PRODUCT_ID,UNIT_PRICE,DISCOUNT_PRICE,QUANTITY) values (2361,4,2311,86.9,79,185);
Insert into  ORDER_ITEMS (ORDER_ID,LINE_ITEM_ID,PRODUCT_ID,UNIT_PRICE,DISCOUNT_PRICE,QUANTITY) values (2362,4,2316,22,17,168);
Insert into  ORDER_ITEMS (ORDER_ID,LINE_ITEM_ID,PRODUCT_ID,UNIT_PRICE,DISCOUNT_PRICE,QUANTITY) values (2365,4,2308,56,50,29);
Insert into  ORDER_ITEMS (ORDER_ID,LINE_ITEM_ID,PRODUCT_ID,UNIT_PRICE,DISCOUNT_PRICE,QUANTITY) values (2366,4,2373,6,5,7);
Insert into  ORDER_ITEMS (ORDER_ID,LINE_ITEM_ID,PRODUCT_ID,UNIT_PRICE,DISCOUNT_PRICE,QUANTITY) values (2367,4,2302,147,140,32);
Insert into  ORDER_ITEMS (ORDER_ID,LINE_ITEM_ID,PRODUCT_ID,UNIT_PRICE,DISCOUNT_PRICE,QUANTITY) values (2369,4,3165,34,31,10);
Insert into  ORDER_ITEMS (ORDER_ID,LINE_ITEM_ID,PRODUCT_ID,UNIT_PRICE,DISCOUNT_PRICE,QUANTITY) values (2371,4,2293,96,93,8);
Insert into  ORDER_ITEMS (ORDER_ID,LINE_ITEM_ID,PRODUCT_ID,UNIT_PRICE,DISCOUNT_PRICE,QUANTITY) values (2375,4,3127,488.4,440,86);
Insert into  ORDER_ITEMS (ORDER_ID,LINE_ITEM_ID,PRODUCT_ID,UNIT_PRICE,DISCOUNT_PRICE,QUANTITY) values (2377,4,2302,147,134,119);
Insert into  ORDER_ITEMS (ORDER_ID,LINE_ITEM_ID,PRODUCT_ID,UNIT_PRICE,DISCOUNT_PRICE,QUANTITY) values (2378,4,2417,27,23,11);
Insert into  ORDER_ITEMS (ORDER_ID,LINE_ITEM_ID,PRODUCT_ID,UNIT_PRICE,DISCOUNT_PRICE,QUANTITY) values (2379,4,3114,98,87,14);
Insert into  ORDER_ITEMS (ORDER_ID,LINE_ITEM_ID,PRODUCT_ID,UNIT_PRICE,DISCOUNT_PRICE,QUANTITY) values (2380,4,3127,488.4,433,24);
Insert into  ORDER_ITEMS (ORDER_ID,LINE_ITEM_ID,PRODUCT_ID,UNIT_PRICE,DISCOUNT_PRICE,QUANTITY) values (2381,4,3139,20,17,45);
Insert into  ORDER_ITEMS (ORDER_ID,LINE_ITEM_ID,PRODUCT_ID,UNIT_PRICE,DISCOUNT_PRICE,QUANTITY) values (2382,4,3117,35,30,66);
Insert into  ORDER_ITEMS (ORDER_ID,LINE_ITEM_ID,PRODUCT_ID,UNIT_PRICE,DISCOUNT_PRICE,QUANTITY) values (2383,4,2418,56,51,45);
Insert into  ORDER_ITEMS (ORDER_ID,LINE_ITEM_ID,PRODUCT_ID,UNIT_PRICE,DISCOUNT_PRICE,QUANTITY) values (2386,3,2340,71,67,14);
Insert into  ORDER_ITEMS (ORDER_ID,LINE_ITEM_ID,PRODUCT_ID,UNIT_PRICE,DISCOUNT_PRICE,QUANTITY) values (2389,4,3129,46,42,22);
Insert into  ORDER_ITEMS (ORDER_ID,LINE_ITEM_ID,PRODUCT_ID,UNIT_PRICE,DISCOUNT_PRICE,QUANTITY) values (2391,4,1799,961.4,921,10);
Insert into  ORDER_ITEMS (ORDER_ID,LINE_ITEM_ID,PRODUCT_ID,UNIT_PRICE,DISCOUNT_PRICE,QUANTITY) values (2393,4,3069,385,367,8);
Insert into  ORDER_ITEMS (ORDER_ID,LINE_ITEM_ID,PRODUCT_ID,UNIT_PRICE,DISCOUNT_PRICE,QUANTITY) values (2394,4,3129,46,4,41);
Insert into  ORDER_ITEMS (ORDER_ID,LINE_ITEM_ID,PRODUCT_ID,UNIT_PRICE,DISCOUNT_PRICE,QUANTITY) values (2396,4,3114,100,89,83);
Insert into  ORDER_ITEMS (ORDER_ID,LINE_ITEM_ID,PRODUCT_ID,UNIT_PRICE,DISCOUNT_PRICE,QUANTITY) values (2397,4,2986,120,111,8);
Insert into  ORDER_ITEMS (ORDER_ID,LINE_ITEM_ID,PRODUCT_ID,UNIT_PRICE,DISCOUNT_PRICE,QUANTITY) values (2399,4,2302,149,140,17);
Insert into  ORDER_ITEMS (ORDER_ID,LINE_ITEM_ID,PRODUCT_ID,UNIT_PRICE,DISCOUNT_PRICE,QUANTITY) values (2410,3,2986,120,111,6);
Insert into  ORDER_ITEMS (ORDER_ID,LINE_ITEM_ID,PRODUCT_ID,UNIT_PRICE,DISCOUNT_PRICE,QUANTITY) values (2411,4,3099,3.3,2.6,7);
Insert into  ORDER_ITEMS (ORDER_ID,LINE_ITEM_ID,PRODUCT_ID,UNIT_PRICE,DISCOUNT_PRICE,QUANTITY) values (2412,4,3127,492,460,72);
Insert into  ORDER_ITEMS (ORDER_ID,LINE_ITEM_ID,PRODUCT_ID,UNIT_PRICE,DISCOUNT_PRICE,QUANTITY) values (2413,4,3127,492,460,44);
Insert into  ORDER_ITEMS (ORDER_ID,LINE_ITEM_ID,PRODUCT_ID,UNIT_PRICE,DISCOUNT_PRICE,QUANTITY) values (2414,4,3234,39,36,11);
Insert into  ORDER_ITEMS (ORDER_ID,LINE_ITEM_ID,PRODUCT_ID,UNIT_PRICE,DISCOUNT_PRICE,QUANTITY) values (2420,4,3123,79,72,20);
Insert into  ORDER_ITEMS (ORDER_ID,LINE_ITEM_ID,PRODUCT_ID,UNIT_PRICE,DISCOUNT_PRICE,QUANTITY) values (2421,4,3117,41,38,165);
Insert into  ORDER_ITEMS (ORDER_ID,LINE_ITEM_ID,PRODUCT_ID,UNIT_PRICE,DISCOUNT_PRICE,QUANTITY) values (2426,4,3216,30,27,11);
Insert into  ORDER_ITEMS (ORDER_ID,LINE_ITEM_ID,PRODUCT_ID,UNIT_PRICE,DISCOUNT_PRICE,QUANTITY) values (2428,4,3117,41,36,6);
Insert into  ORDER_ITEMS (ORDER_ID,LINE_ITEM_ID,PRODUCT_ID,UNIT_PRICE,DISCOUNT_PRICE,QUANTITY) values (2429,4,3123,79,72,46);
Insert into  ORDER_ITEMS (ORDER_ID,LINE_ITEM_ID,PRODUCT_ID,UNIT_PRICE,DISCOUNT_PRICE,QUANTITY) values (2430,4,3362,94,87,10);
Insert into  ORDER_ITEMS (ORDER_ID,LINE_ITEM_ID,PRODUCT_ID,UNIT_PRICE,DISCOUNT_PRICE,QUANTITY) values (2431,4,3117,41,38,7);
Insert into  ORDER_ITEMS (ORDER_ID,LINE_ITEM_ID,PRODUCT_ID,UNIT_PRICE,DISCOUNT_PRICE,QUANTITY) values (2432,3,2986,122,116,5);
Insert into  ORDER_ITEMS (ORDER_ID,LINE_ITEM_ID,PRODUCT_ID,UNIT_PRICE,DISCOUNT_PRICE,QUANTITY) values (2436,4,3224,32,27,6);
Insert into  ORDER_ITEMS (ORDER_ID,LINE_ITEM_ID,PRODUCT_ID,UNIT_PRICE,DISCOUNT_PRICE,QUANTITY) values (2439,4,1822,1433.3,1288,13);
Insert into  ORDER_ITEMS (ORDER_ID,LINE_ITEM_ID,PRODUCT_ID,UNIT_PRICE,DISCOUNT_PRICE,QUANTITY) values (2442,4,2422,144,132,25);
Insert into  ORDER_ITEMS (ORDER_ID,LINE_ITEM_ID,PRODUCT_ID,UNIT_PRICE,DISCOUNT_PRICE,QUANTITY) values (2443,3,3124,82,78,6);
Insert into  ORDER_ITEMS (ORDER_ID,LINE_ITEM_ID,PRODUCT_ID,UNIT_PRICE,DISCOUNT_PRICE,QUANTITY) values (2444,4,3139,21,17,93);
Insert into  ORDER_ITEMS (ORDER_ID,LINE_ITEM_ID,PRODUCT_ID,UNIT_PRICE,DISCOUNT_PRICE,QUANTITY) values (2447,3,2272,121,116,24);
Insert into  ORDER_ITEMS (ORDER_ID,LINE_ITEM_ID,PRODUCT_ID,UNIT_PRICE,DISCOUNT_PRICE,QUANTITY) values (2458,4,3134,17,12,115);
Insert into  ORDER_ITEMS (ORDER_ID,LINE_ITEM_ID,PRODUCT_ID,UNIT_PRICE,DISCOUNT_PRICE,QUANTITY) values (2354,5,3139,21,17,48);
Insert into  ORDER_ITEMS (ORDER_ID,LINE_ITEM_ID,PRODUCT_ID,UNIT_PRICE,DISCOUNT_PRICE,QUANTITY) values (2355,4,2308,57,51,185);
Insert into  ORDER_ITEMS (ORDER_ID,LINE_ITEM_ID,PRODUCT_ID,UNIT_PRICE,DISCOUNT_PRICE,QUANTITY) values (2356,5,2293,98,92,40);
Insert into  ORDER_ITEMS (ORDER_ID,LINE_ITEM_ID,PRODUCT_ID,UNIT_PRICE,DISCOUNT_PRICE,QUANTITY) values (2358,5,1797,316.8,302,12);
Insert into  ORDER_ITEMS (ORDER_ID,LINE_ITEM_ID,PRODUCT_ID,UNIT_PRICE,DISCOUNT_PRICE,QUANTITY) values (2359,5,2359,249,222,1);
Insert into  ORDER_ITEMS (ORDER_ID,LINE_ITEM_ID,PRODUCT_ID,UNIT_PRICE,DISCOUNT_PRICE,QUANTITY) values (2361,5,2316,22,16,187);
Insert into  ORDER_ITEMS (ORDER_ID,LINE_ITEM_ID,PRODUCT_ID,UNIT_PRICE,DISCOUNT_PRICE,QUANTITY) values (2365,5,2311,95,89,29);
Insert into  ORDER_ITEMS (ORDER_ID,LINE_ITEM_ID,PRODUCT_ID,UNIT_PRICE,DISCOUNT_PRICE,QUANTITY) values (2366,5,2382,804.1,765,10);
Insert into  ORDER_ITEMS (ORDER_ID,LINE_ITEM_ID,PRODUCT_ID,UNIT_PRICE,DISCOUNT_PRICE,QUANTITY) values (2368,4,3123,81,76,70);
Insert into  ORDER_ITEMS (ORDER_ID,LINE_ITEM_ID,PRODUCT_ID,UNIT_PRICE,DISCOUNT_PRICE,QUANTITY) values (2372,4,3123,81,76,10);
Insert into  ORDER_ITEMS (ORDER_ID,LINE_ITEM_ID,PRODUCT_ID,UNIT_PRICE,DISCOUNT_PRICE,QUANTITY) values (2374,5,2449,78,72,15);
Insert into  ORDER_ITEMS (ORDER_ID,LINE_ITEM_ID,PRODUCT_ID,UNIT_PRICE,DISCOUNT_PRICE,QUANTITY) values (2375,5,3133,45,41,88);
Insert into  ORDER_ITEMS (ORDER_ID,LINE_ITEM_ID,PRODUCT_ID,UNIT_PRICE,DISCOUNT_PRICE,QUANTITY) values (2376,5,2293,99,93,13);
Insert into  ORDER_ITEMS (ORDER_ID,LINE_ITEM_ID,PRODUCT_ID,UNIT_PRICE,DISCOUNT_PRICE,QUANTITY) values (2377,5,2311,95,90,121);
Insert into  ORDER_ITEMS (ORDER_ID,LINE_ITEM_ID,PRODUCT_ID,UNIT_PRICE,DISCOUNT_PRICE,QUANTITY) values (2378,5,2423,79,73,11);
Insert into  ORDER_ITEMS (ORDER_ID,LINE_ITEM_ID,PRODUCT_ID,UNIT_PRICE,DISCOUNT_PRICE,QUANTITY) values (2380,5,3133,46,40,28);
Insert into  ORDER_ITEMS (ORDER_ID,LINE_ITEM_ID,PRODUCT_ID,UNIT_PRICE,DISCOUNT_PRICE,QUANTITY) values (2381,5,3143,15,10,48);
Insert into  ORDER_ITEMS (ORDER_ID,LINE_ITEM_ID,PRODUCT_ID,UNIT_PRICE,DISCOUNT_PRICE,QUANTITY) values (2382,5,3123,79,72,71);
Insert into  ORDER_ITEMS (ORDER_ID,LINE_ITEM_ID,PRODUCT_ID,UNIT_PRICE,DISCOUNT_PRICE,QUANTITY) values (2383,5,2422,146,136,46);
Insert into  ORDER_ITEMS (ORDER_ID,LINE_ITEM_ID,PRODUCT_ID,UNIT_PRICE,DISCOUNT_PRICE,QUANTITY) values (2385,5,2302,133.1,126,87);
Insert into  ORDER_ITEMS (ORDER_ID,LINE_ITEM_ID,PRODUCT_ID,UNIT_PRICE,DISCOUNT_PRICE,QUANTITY) values (2388,5,2308,56,51,96);
Insert into  ORDER_ITEMS (ORDER_ID,LINE_ITEM_ID,PRODUCT_ID,UNIT_PRICE,DISCOUNT_PRICE,QUANTITY) values (2391,5,1808,55,51,15);
Insert into  ORDER_ITEMS (ORDER_ID,LINE_ITEM_ID,PRODUCT_ID,UNIT_PRICE,DISCOUNT_PRICE,QUANTITY) values (2393,5,3077,260.7,243,8);
Insert into  ORDER_ITEMS (ORDER_ID,LINE_ITEM_ID,PRODUCT_ID,UNIT_PRICE,DISCOUNT_PRICE,QUANTITY) values (2394,5,3133,46,38,45);
Insert into  ORDER_ITEMS (ORDER_ID,LINE_ITEM_ID,PRODUCT_ID,UNIT_PRICE,DISCOUNT_PRICE,QUANTITY) values (2399,5,2308,56,48,17);
Insert into  ORDER_ITEMS (ORDER_ID,LINE_ITEM_ID,PRODUCT_ID,UNIT_PRICE,DISCOUNT_PRICE,QUANTITY) values (2408,5,2783,10,8,10);
Insert into  ORDER_ITEMS (ORDER_ID,LINE_ITEM_ID,PRODUCT_ID,UNIT_PRICE,DISCOUNT_PRICE,QUANTITY) values (2410,4,2995,68,62,8);
Insert into  ORDER_ITEMS (ORDER_ID,LINE_ITEM_ID,PRODUCT_ID,UNIT_PRICE,DISCOUNT_PRICE,QUANTITY) values (2411,5,3101,73,67,8);
Insert into  ORDER_ITEMS (ORDER_ID,LINE_ITEM_ID,PRODUCT_ID,UNIT_PRICE,DISCOUNT_PRICE,QUANTITY) values (2412,5,3134,18,14,75);
Insert into  ORDER_ITEMS (ORDER_ID,LINE_ITEM_ID,PRODUCT_ID,UNIT_PRICE,DISCOUNT_PRICE,QUANTITY) values (2413,5,3129,46,41,45);
Insert into  ORDER_ITEMS (ORDER_ID,LINE_ITEM_ID,PRODUCT_ID,UNIT_PRICE,DISCOUNT_PRICE,QUANTITY) values (2420,5,3127,496,478,22);
Insert into  ORDER_ITEMS (ORDER_ID,LINE_ITEM_ID,PRODUCT_ID,UNIT_PRICE,DISCOUNT_PRICE,QUANTITY) values (2421,5,3123,80,76,168);
Insert into  ORDER_ITEMS (ORDER_ID,LINE_ITEM_ID,PRODUCT_ID,UNIT_PRICE,DISCOUNT_PRICE,QUANTITY) values (2422,4,3127,496,476,9);
commit;
Insert into  ORDER_ITEMS (ORDER_ID,LINE_ITEM_ID,PRODUCT_ID,UNIT_PRICE,DISCOUNT_PRICE,QUANTITY) values (2427,5,2457,4.4,3.7,6);
Insert into  ORDER_ITEMS (ORDER_ID,LINE_ITEM_ID,PRODUCT_ID,UNIT_PRICE,DISCOUNT_PRICE,QUANTITY) values (2428,5,3123,80,73,8);
Insert into  ORDER_ITEMS (ORDER_ID,LINE_ITEM_ID,PRODUCT_ID,UNIT_PRICE,DISCOUNT_PRICE,QUANTITY) values (2429,5,3127,497,465,49);
Insert into  ORDER_ITEMS (ORDER_ID,LINE_ITEM_ID,PRODUCT_ID,UNIT_PRICE,DISCOUNT_PRICE,QUANTITY) values (2431,5,3127,498,465,9);
Insert into  ORDER_ITEMS (ORDER_ID,LINE_ITEM_ID,PRODUCT_ID,UNIT_PRICE,DISCOUNT_PRICE,QUANTITY) values (2435,5,2311,86.9,80,8);
Insert into  ORDER_ITEMS (ORDER_ID,LINE_ITEM_ID,PRODUCT_ID,UNIT_PRICE,DISCOUNT_PRICE,QUANTITY) values (2442,5,2430,173,163,28);
Insert into  ORDER_ITEMS (ORDER_ID,LINE_ITEM_ID,PRODUCT_ID,UNIT_PRICE,DISCOUNT_PRICE,QUANTITY) values (2444,5,3140,19,14,95);
Insert into  ORDER_ITEMS (ORDER_ID,LINE_ITEM_ID,PRODUCT_ID,UNIT_PRICE,DISCOUNT_PRICE,QUANTITY) values (2447,4,2278,50,45,25);
Insert into  ORDER_ITEMS (ORDER_ID,LINE_ITEM_ID,PRODUCT_ID,UNIT_PRICE,DISCOUNT_PRICE,QUANTITY) values (2354,6,3143,16,12,53);
Insert into  ORDER_ITEMS (ORDER_ID,LINE_ITEM_ID,PRODUCT_ID,UNIT_PRICE,DISCOUNT_PRICE,QUANTITY) values (2355,5,2311,86.9,82,188);
Insert into  ORDER_ITEMS (ORDER_ID,LINE_ITEM_ID,PRODUCT_ID,UNIT_PRICE,DISCOUNT_PRICE,QUANTITY) values (2356,6,2299,72,67,44);
Insert into  ORDER_ITEMS (ORDER_ID,LINE_ITEM_ID,PRODUCT_ID,UNIT_PRICE,DISCOUNT_PRICE,QUANTITY) values (2358,6,1803,55,51,13);
Insert into  ORDER_ITEMS (ORDER_ID,LINE_ITEM_ID,PRODUCT_ID,UNIT_PRICE,DISCOUNT_PRICE,QUANTITY) values (2365,6,2316,22,17,34);
Insert into  ORDER_ITEMS (ORDER_ID,LINE_ITEM_ID,PRODUCT_ID,UNIT_PRICE,DISCOUNT_PRICE,QUANTITY) values (2366,6,2394,116.6,109,11);
Insert into  ORDER_ITEMS (ORDER_ID,LINE_ITEM_ID,PRODUCT_ID,UNIT_PRICE,DISCOUNT_PRICE,QUANTITY) values (2367,5,2308,54,50,39);
Insert into  ORDER_ITEMS (ORDER_ID,LINE_ITEM_ID,PRODUCT_ID,UNIT_PRICE,DISCOUNT_PRICE,QUANTITY) values (2368,5,3127,496,482,70);
Insert into  ORDER_ITEMS (ORDER_ID,LINE_ITEM_ID,PRODUCT_ID,UNIT_PRICE,DISCOUNT_PRICE,QUANTITY) values (2371,5,2299,73,68,15);
Insert into  ORDER_ITEMS (ORDER_ID,LINE_ITEM_ID,PRODUCT_ID,UNIT_PRICE,DISCOUNT_PRICE,QUANTITY) values (2372,5,3127,496,487,13);
Insert into  ORDER_ITEMS (ORDER_ID,LINE_ITEM_ID,PRODUCT_ID,UNIT_PRICE,DISCOUNT_PRICE,QUANTITY) values (2375,6,3134,17,14,90);
Insert into  ORDER_ITEMS (ORDER_ID,LINE_ITEM_ID,PRODUCT_ID,UNIT_PRICE,DISCOUNT_PRICE,QUANTITY) values (2376,6,2299,73,68,17);
Insert into  ORDER_ITEMS (ORDER_ID,LINE_ITEM_ID,PRODUCT_ID,UNIT_PRICE,DISCOUNT_PRICE,QUANTITY) values (2378,6,2424,217.8,203,15);
Insert into  ORDER_ITEMS (ORDER_ID,LINE_ITEM_ID,PRODUCT_ID,UNIT_PRICE,DISCOUNT_PRICE,QUANTITY) values (2380,6,3140,20,16,30);
Insert into  ORDER_ITEMS (ORDER_ID,LINE_ITEM_ID,PRODUCT_ID,UNIT_PRICE,DISCOUNT_PRICE,QUANTITY) values (2382,6,3127,496,481,71);
Insert into  ORDER_ITEMS (ORDER_ID,LINE_ITEM_ID,PRODUCT_ID,UNIT_PRICE,DISCOUNT_PRICE,QUANTITY) values (2383,6,2430,174,169,50);
Insert into  ORDER_ITEMS (ORDER_ID,LINE_ITEM_ID,PRODUCT_ID,UNIT_PRICE,DISCOUNT_PRICE,QUANTITY) values (2384,5,2316,21,17,58);
Insert into  ORDER_ITEMS (ORDER_ID,LINE_ITEM_ID,PRODUCT_ID,UNIT_PRICE,DISCOUNT_PRICE,QUANTITY) values (2391,6,1820,52,48,18);
Insert into  ORDER_ITEMS (ORDER_ID,LINE_ITEM_ID,PRODUCT_ID,UNIT_PRICE,DISCOUNT_PRICE,QUANTITY) values (2392,6,3124,77,71,63);
Insert into  ORDER_ITEMS (ORDER_ID,LINE_ITEM_ID,PRODUCT_ID,UNIT_PRICE,DISCOUNT_PRICE,QUANTITY) values (2393,6,3082,78,72,10);
Insert into  ORDER_ITEMS (ORDER_ID,LINE_ITEM_ID,PRODUCT_ID,UNIT_PRICE,DISCOUNT_PRICE,QUANTITY) values (2394,6,3134,18,14,45);
Insert into  ORDER_ITEMS (ORDER_ID,LINE_ITEM_ID,PRODUCT_ID,UNIT_PRICE,DISCOUNT_PRICE,QUANTITY) values (2399,6,2311,86.9,81,20);
Insert into  ORDER_ITEMS (ORDER_ID,LINE_ITEM_ID,PRODUCT_ID,UNIT_PRICE,DISCOUNT_PRICE,QUANTITY) values (2400,6,2999,880,823,16);
Insert into  ORDER_ITEMS (ORDER_ID,LINE_ITEM_ID,PRODUCT_ID,UNIT_PRICE,DISCOUNT_PRICE,QUANTITY) values (2411,6,3106,45,41,11);
Insert into  ORDER_ITEMS (ORDER_ID,LINE_ITEM_ID,PRODUCT_ID,UNIT_PRICE,DISCOUNT_PRICE,QUANTITY) values (2412,6,3139,20,16,79);
Insert into  ORDER_ITEMS (ORDER_ID,LINE_ITEM_ID,PRODUCT_ID,UNIT_PRICE,DISCOUNT_PRICE,QUANTITY) values (2418,6,3110,45,40,20);
Insert into  ORDER_ITEMS (ORDER_ID,LINE_ITEM_ID,PRODUCT_ID,UNIT_PRICE,DISCOUNT_PRICE,QUANTITY) values (2419,4,3129,43,38,57);
Insert into  ORDER_ITEMS (ORDER_ID,LINE_ITEM_ID,PRODUCT_ID,UNIT_PRICE,DISCOUNT_PRICE,QUANTITY) values (2421,6,3129,43,38,172);
Insert into  ORDER_ITEMS (ORDER_ID,LINE_ITEM_ID,PRODUCT_ID,UNIT_PRICE,DISCOUNT_PRICE,QUANTITY) values (2422,5,3133,46,41,11);
Insert into  ORDER_ITEMS (ORDER_ID,LINE_ITEM_ID,PRODUCT_ID,UNIT_PRICE,DISCOUNT_PRICE,QUANTITY) values (2423,5,3245,214.5,201,13);
Insert into  ORDER_ITEMS (ORDER_ID,LINE_ITEM_ID,PRODUCT_ID,UNIT_PRICE,DISCOUNT_PRICE,QUANTITY) values (2427,6,2464,66,61,6);
Insert into  ORDER_ITEMS (ORDER_ID,LINE_ITEM_ID,PRODUCT_ID,UNIT_PRICE,DISCOUNT_PRICE,QUANTITY) values (2428,6,3127,498,487,12);
Insert into  ORDER_ITEMS (ORDER_ID,LINE_ITEM_ID,PRODUCT_ID,UNIT_PRICE,DISCOUNT_PRICE,QUANTITY) values (2429,6,3133,46,41,52);
Insert into  ORDER_ITEMS (ORDER_ID,LINE_ITEM_ID,PRODUCT_ID,UNIT_PRICE,DISCOUNT_PRICE,QUANTITY) values (2431,6,3129,44,39,11);
Insert into  ORDER_ITEMS (ORDER_ID,LINE_ITEM_ID,PRODUCT_ID,UNIT_PRICE,DISCOUNT_PRICE,QUANTITY) values (2434,6,2236,949.3,921,84);
Insert into  ORDER_ITEMS (ORDER_ID,LINE_ITEM_ID,PRODUCT_ID,UNIT_PRICE,DISCOUNT_PRICE,QUANTITY) values (2435,6,2316,21,18,10);
Insert into  ORDER_ITEMS (ORDER_ID,LINE_ITEM_ID,PRODUCT_ID,UNIT_PRICE,DISCOUNT_PRICE,QUANTITY) values (2440,6,2311,86.9,80,7);
Insert into  ORDER_ITEMS (ORDER_ID,LINE_ITEM_ID,PRODUCT_ID,UNIT_PRICE,DISCOUNT_PRICE,QUANTITY) values (2442,6,2439,115.5,105,30);
Insert into  ORDER_ITEMS (ORDER_ID,LINE_ITEM_ID,PRODUCT_ID,UNIT_PRICE,DISCOUNT_PRICE,QUANTITY) values (2444,6,3143,15,12,97);
Insert into  ORDER_ITEMS (ORDER_ID,LINE_ITEM_ID,PRODUCT_ID,UNIT_PRICE,DISCOUNT_PRICE,QUANTITY) values (2445,5,2293,97,93,11);
Insert into  ORDER_ITEMS (ORDER_ID,LINE_ITEM_ID,PRODUCT_ID,UNIT_PRICE,DISCOUNT_PRICE,QUANTITY) values (2448,5,3133,42,38,11);
Insert into  ORDER_ITEMS (ORDER_ID,LINE_ITEM_ID,PRODUCT_ID,UNIT_PRICE,DISCOUNT_PRICE,QUANTITY) values (2452,6,3139,20,16,10);
Insert into  ORDER_ITEMS (ORDER_ID,LINE_ITEM_ID,PRODUCT_ID,UNIT_PRICE,DISCOUNT_PRICE,QUANTITY) values (2354,7,3150,17,14,58);
Insert into  ORDER_ITEMS (ORDER_ID,LINE_ITEM_ID,PRODUCT_ID,UNIT_PRICE,DISCOUNT_PRICE,QUANTITY) values (2355,6,2322,19,16,188);
Insert into  ORDER_ITEMS (ORDER_ID,LINE_ITEM_ID,PRODUCT_ID,UNIT_PRICE,DISCOUNT_PRICE,QUANTITY) values (2356,7,2308,58,52,47);
Insert into  ORDER_ITEMS (ORDER_ID,LINE_ITEM_ID,PRODUCT_ID,UNIT_PRICE,DISCOUNT_PRICE,QUANTITY) values (2357,7,2245,462,441,26);
Insert into  ORDER_ITEMS (ORDER_ID,LINE_ITEM_ID,PRODUCT_ID,UNIT_PRICE,DISCOUNT_PRICE,QUANTITY) values (2358,7,1808,55,47,14);
Insert into  ORDER_ITEMS (ORDER_ID,LINE_ITEM_ID,PRODUCT_ID,UNIT_PRICE,DISCOUNT_PRICE,QUANTITY) values (2362,7,2326,1.1,0.8,173);
Insert into  ORDER_ITEMS (ORDER_ID,LINE_ITEM_ID,PRODUCT_ID,UNIT_PRICE,DISCOUNT_PRICE,QUANTITY) values (2363,7,2299,74,69,25);
Insert into  ORDER_ITEMS (ORDER_ID,LINE_ITEM_ID,PRODUCT_ID,UNIT_PRICE,DISCOUNT_PRICE,QUANTITY) values (2365,7,2319,24,21,38);
Insert into  ORDER_ITEMS (ORDER_ID,LINE_ITEM_ID,PRODUCT_ID,UNIT_PRICE,DISCOUNT_PRICE,QUANTITY) values (2366,7,2395,120,116,12);
Insert into  ORDER_ITEMS (ORDER_ID,LINE_ITEM_ID,PRODUCT_ID,UNIT_PRICE,DISCOUNT_PRICE,QUANTITY) values (2368,6,3129,42,37,72);
Insert into  ORDER_ITEMS (ORDER_ID,LINE_ITEM_ID,PRODUCT_ID,UNIT_PRICE,DISCOUNT_PRICE,QUANTITY) values (2372,6,3134,17,14,17);
Insert into  ORDER_ITEMS (ORDER_ID,LINE_ITEM_ID,PRODUCT_ID,UNIT_PRICE,DISCOUNT_PRICE,QUANTITY) values (2375,7,3143,15,12,93);
Insert into  ORDER_ITEMS (ORDER_ID,LINE_ITEM_ID,PRODUCT_ID,UNIT_PRICE,DISCOUNT_PRICE,QUANTITY) values (2376,7,2302,133.1,120,21);
Insert into  ORDER_ITEMS (ORDER_ID,LINE_ITEM_ID,PRODUCT_ID,UNIT_PRICE,DISCOUNT_PRICE,QUANTITY) values (2379,7,3127,488.4,450,23);
Insert into  ORDER_ITEMS (ORDER_ID,LINE_ITEM_ID,PRODUCT_ID,UNIT_PRICE,DISCOUNT_PRICE,QUANTITY) values (2380,7,3143,15,11,31);
Insert into  ORDER_ITEMS (ORDER_ID,LINE_ITEM_ID,PRODUCT_ID,UNIT_PRICE,DISCOUNT_PRICE,QUANTITY) values (2382,7,3129,42,37,76);
Insert into  ORDER_ITEMS (ORDER_ID,LINE_ITEM_ID,PRODUCT_ID,UNIT_PRICE,DISCOUNT_PRICE,QUANTITY) values (2383,7,2439,115.5,107,54);
Insert into  ORDER_ITEMS (ORDER_ID,LINE_ITEM_ID,PRODUCT_ID,UNIT_PRICE,DISCOUNT_PRICE,QUANTITY) values (2384,6,2322,22,18,59);
Insert into  ORDER_ITEMS (ORDER_ID,LINE_ITEM_ID,PRODUCT_ID,UNIT_PRICE,DISCOUNT_PRICE,QUANTITY) values (2387,7,2243,332.2,319,20);
Insert into  ORDER_ITEMS (ORDER_ID,LINE_ITEM_ID,PRODUCT_ID,UNIT_PRICE,DISCOUNT_PRICE,QUANTITY) values (2391,7,1822,1433.3,1267,23);
Insert into  ORDER_ITEMS (ORDER_ID,LINE_ITEM_ID,PRODUCT_ID,UNIT_PRICE,DISCOUNT_PRICE,QUANTITY) values (2392,7,3133,45,41,66);
Insert into  ORDER_ITEMS (ORDER_ID,LINE_ITEM_ID,PRODUCT_ID,UNIT_PRICE,DISCOUNT_PRICE,QUANTITY) values (2393,7,3086,211,201,13);
Insert into  ORDER_ITEMS (ORDER_ID,LINE_ITEM_ID,PRODUCT_ID,UNIT_PRICE,DISCOUNT_PRICE,QUANTITY) values (2394,7,3140,19,15,48);
Insert into  ORDER_ITEMS (ORDER_ID,LINE_ITEM_ID,PRODUCT_ID,UNIT_PRICE,DISCOUNT_PRICE,QUANTITY) values (2395,7,2243,332.2,310,27);
Insert into  ORDER_ITEMS (ORDER_ID,LINE_ITEM_ID,PRODUCT_ID,UNIT_PRICE,DISCOUNT_PRICE,QUANTITY) values (2397,7,2999,880,845,16);
Insert into  ORDER_ITEMS (ORDER_ID,LINE_ITEM_ID,PRODUCT_ID,UNIT_PRICE,DISCOUNT_PRICE,QUANTITY) values (2399,7,2316,22,17,24);
Insert into  ORDER_ITEMS (ORDER_ID,LINE_ITEM_ID,PRODUCT_ID,UNIT_PRICE,DISCOUNT_PRICE,QUANTITY) values (2400,7,3003,2866.6,2678,19);
Insert into  ORDER_ITEMS (ORDER_ID,LINE_ITEM_ID,PRODUCT_ID,UNIT_PRICE,DISCOUNT_PRICE,QUANTITY) values (2412,7,3143,16,14,80);
Insert into  ORDER_ITEMS (ORDER_ID,LINE_ITEM_ID,PRODUCT_ID,UNIT_PRICE,DISCOUNT_PRICE,QUANTITY) values (2414,7,3246,212.3,202,18);
Insert into  ORDER_ITEMS (ORDER_ID,LINE_ITEM_ID,PRODUCT_ID,UNIT_PRICE,DISCOUNT_PRICE,QUANTITY) values (2419,5,3133,45,41,61);
Insert into  ORDER_ITEMS (ORDER_ID,LINE_ITEM_ID,PRODUCT_ID,UNIT_PRICE,DISCOUNT_PRICE,QUANTITY) values (2420,6,3133,48,42,29);
Insert into  ORDER_ITEMS (ORDER_ID,LINE_ITEM_ID,PRODUCT_ID,UNIT_PRICE,DISCOUNT_PRICE,QUANTITY) values (2423,6,3246,212.3,201,14);
Insert into  ORDER_ITEMS (ORDER_ID,LINE_ITEM_ID,PRODUCT_ID,UNIT_PRICE,DISCOUNT_PRICE,QUANTITY) values (2427,7,2470,76,72,6);
Insert into  ORDER_ITEMS (ORDER_ID,LINE_ITEM_ID,PRODUCT_ID,UNIT_PRICE,DISCOUNT_PRICE,QUANTITY) values (2428,7,3133,48,43,12);
Insert into  ORDER_ITEMS (ORDER_ID,LINE_ITEM_ID,PRODUCT_ID,UNIT_PRICE,DISCOUNT_PRICE,QUANTITY) values (2429,7,3139,21,18,54);
Insert into  ORDER_ITEMS (ORDER_ID,LINE_ITEM_ID,PRODUCT_ID,UNIT_PRICE,DISCOUNT_PRICE,QUANTITY) values (2432,6,2999,880,845,11);
Insert into  ORDER_ITEMS (ORDER_ID,LINE_ITEM_ID,PRODUCT_ID,UNIT_PRICE,DISCOUNT_PRICE,QUANTITY) values (2434,7,2245,462,421,86);
Insert into  ORDER_ITEMS (ORDER_ID,LINE_ITEM_ID,PRODUCT_ID,UNIT_PRICE,DISCOUNT_PRICE,QUANTITY) values (2435,7,2323,18,14,12);
Insert into  ORDER_ITEMS (ORDER_ID,LINE_ITEM_ID,PRODUCT_ID,UNIT_PRICE,DISCOUNT_PRICE,QUANTITY) values (2436,7,3245,214.5,201,16);
Insert into  ORDER_ITEMS (ORDER_ID,LINE_ITEM_ID,PRODUCT_ID,UNIT_PRICE,DISCOUNT_PRICE,QUANTITY) values (2437,7,2457,4.4,4,17);
Insert into  ORDER_ITEMS (ORDER_ID,LINE_ITEM_ID,PRODUCT_ID,UNIT_PRICE,DISCOUNT_PRICE,QUANTITY) values (2440,7,2322,23,17,10);
Insert into  ORDER_ITEMS (ORDER_ID,LINE_ITEM_ID,PRODUCT_ID,UNIT_PRICE,DISCOUNT_PRICE,QUANTITY) values (2443,6,3139,20,16,12);
Insert into  ORDER_ITEMS (ORDER_ID,LINE_ITEM_ID,PRODUCT_ID,UNIT_PRICE,DISCOUNT_PRICE,QUANTITY) values (2444,7,3150,17,14,100);
Insert into  ORDER_ITEMS (ORDER_ID,LINE_ITEM_ID,PRODUCT_ID,UNIT_PRICE,DISCOUNT_PRICE,QUANTITY) values (2445,6,2299,72,66,14);
Insert into  ORDER_ITEMS (ORDER_ID,LINE_ITEM_ID,PRODUCT_ID,UNIT_PRICE,DISCOUNT_PRICE,QUANTITY) values (2448,6,3134,17,15,14);
Insert into  ORDER_ITEMS (ORDER_ID,LINE_ITEM_ID,PRODUCT_ID,UNIT_PRICE,DISCOUNT_PRICE,QUANTITY) values (2450,6,3216,29,25,11);
Insert into  ORDER_ITEMS (ORDER_ID,LINE_ITEM_ID,PRODUCT_ID,UNIT_PRICE,DISCOUNT_PRICE,QUANTITY) values (2452,7,3143,15,13,12);
Insert into  ORDER_ITEMS (ORDER_ID,LINE_ITEM_ID,PRODUCT_ID,UNIT_PRICE,DISCOUNT_PRICE,QUANTITY) values (2454,6,2308,55,51,12);
Insert into  ORDER_ITEMS (ORDER_ID,LINE_ITEM_ID,PRODUCT_ID,UNIT_PRICE,DISCOUNT_PRICE,QUANTITY) values (2455,6,2496,268.4,248,32);
Insert into  ORDER_ITEMS (ORDER_ID,LINE_ITEM_ID,PRODUCT_ID,UNIT_PRICE,DISCOUNT_PRICE,QUANTITY) values (2456,7,2537,193.6,179,19);
commit;
Insert into  ORDER_ITEMS (ORDER_ID,LINE_ITEM_ID,PRODUCT_ID,UNIT_PRICE,DISCOUNT_PRICE,QUANTITY) values (2354,8,3163,30,25,61);
Insert into  ORDER_ITEMS (ORDER_ID,LINE_ITEM_ID,PRODUCT_ID,UNIT_PRICE,DISCOUNT_PRICE,QUANTITY) values (2355,7,2323,17,14,190);
Insert into  ORDER_ITEMS (ORDER_ID,LINE_ITEM_ID,PRODUCT_ID,UNIT_PRICE,DISCOUNT_PRICE,QUANTITY) values (2356,8,2311,95,89,51);
Insert into  ORDER_ITEMS (ORDER_ID,LINE_ITEM_ID,PRODUCT_ID,UNIT_PRICE,DISCOUNT_PRICE,QUANTITY) values (2357,8,2252,788.7,733,26);
Insert into  ORDER_ITEMS (ORDER_ID,LINE_ITEM_ID,PRODUCT_ID,UNIT_PRICE,DISCOUNT_PRICE,QUANTITY) values (2361,8,2326,1.1,0.8,194);
Insert into  ORDER_ITEMS (ORDER_ID,LINE_ITEM_ID,PRODUCT_ID,UNIT_PRICE,DISCOUNT_PRICE,QUANTITY) values (2362,8,2334,3.3,2.7,177);
Insert into  ORDER_ITEMS (ORDER_ID,LINE_ITEM_ID,PRODUCT_ID,UNIT_PRICE,DISCOUNT_PRICE,QUANTITY) values (2363,8,2308,57,52,26);
Insert into  ORDER_ITEMS (ORDER_ID,LINE_ITEM_ID,PRODUCT_ID,UNIT_PRICE,DISCOUNT_PRICE,QUANTITY) values (2365,8,2322,19,16,43);
Insert into  ORDER_ITEMS (ORDER_ID,LINE_ITEM_ID,PRODUCT_ID,UNIT_PRICE,DISCOUNT_PRICE,QUANTITY) values (2366,8,2400,418,400,16);
Insert into  ORDER_ITEMS (ORDER_ID,LINE_ITEM_ID,PRODUCT_ID,UNIT_PRICE,DISCOUNT_PRICE,QUANTITY) values (2369,7,3170,145.2,132,24);
Insert into  ORDER_ITEMS (ORDER_ID,LINE_ITEM_ID,PRODUCT_ID,UNIT_PRICE,DISCOUNT_PRICE,QUANTITY) values (2372,7,3143,15,12,21);
Insert into  ORDER_ITEMS (ORDER_ID,LINE_ITEM_ID,PRODUCT_ID,UNIT_PRICE,DISCOUNT_PRICE,QUANTITY) values (2374,8,2467,79,73,21);
Insert into  ORDER_ITEMS (ORDER_ID,LINE_ITEM_ID,PRODUCT_ID,UNIT_PRICE,DISCOUNT_PRICE,QUANTITY) values (2375,8,3150,17,15,93);
Insert into  ORDER_ITEMS (ORDER_ID,LINE_ITEM_ID,PRODUCT_ID,UNIT_PRICE,DISCOUNT_PRICE,QUANTITY) values (2376,8,2311,95,89,25);
Insert into  ORDER_ITEMS (ORDER_ID,LINE_ITEM_ID,PRODUCT_ID,UNIT_PRICE,DISCOUNT_PRICE,QUANTITY) values (2380,8,3150,17,14,33);
Insert into  ORDER_ITEMS (ORDER_ID,LINE_ITEM_ID,PRODUCT_ID,UNIT_PRICE,DISCOUNT_PRICE,QUANTITY) values (2382,8,3139,21,18,79);
Insert into  ORDER_ITEMS (ORDER_ID,LINE_ITEM_ID,PRODUCT_ID,UNIT_PRICE,DISCOUNT_PRICE,QUANTITY) values (2384,7,2330,1.1,0.8,61);
Insert into  ORDER_ITEMS (ORDER_ID,LINE_ITEM_ID,PRODUCT_ID,UNIT_PRICE,DISCOUNT_PRICE,QUANTITY) values (2385,8,2311,86.9,82,96);
Insert into  ORDER_ITEMS (ORDER_ID,LINE_ITEM_ID,PRODUCT_ID,UNIT_PRICE,DISCOUNT_PRICE,QUANTITY) values (2387,8,2245,462,433,22);
Insert into  ORDER_ITEMS (ORDER_ID,LINE_ITEM_ID,PRODUCT_ID,UNIT_PRICE,DISCOUNT_PRICE,QUANTITY) values (2389,7,3143,15,12,30);
Insert into  ORDER_ITEMS (ORDER_ID,LINE_ITEM_ID,PRODUCT_ID,UNIT_PRICE,DISCOUNT_PRICE,QUANTITY) values (2390,8,1948,470.8,455,16);
Insert into  ORDER_ITEMS (ORDER_ID,LINE_ITEM_ID,PRODUCT_ID,UNIT_PRICE,DISCOUNT_PRICE,QUANTITY) values (2392,8,3139,21,18,68);
Insert into  ORDER_ITEMS (ORDER_ID,LINE_ITEM_ID,PRODUCT_ID,UNIT_PRICE,DISCOUNT_PRICE,QUANTITY) values (2393,8,3087,108.9,100,14);
Insert into  ORDER_ITEMS (ORDER_ID,LINE_ITEM_ID,PRODUCT_ID,UNIT_PRICE,DISCOUNT_PRICE,QUANTITY) values (2395,8,2252,788.7,733,30);
Insert into  ORDER_ITEMS (ORDER_ID,LINE_ITEM_ID,PRODUCT_ID,UNIT_PRICE,DISCOUNT_PRICE,QUANTITY) values (2397,8,3000,1696.2,1599,16);
Insert into  ORDER_ITEMS (ORDER_ID,LINE_ITEM_ID,PRODUCT_ID,UNIT_PRICE,DISCOUNT_PRICE,QUANTITY) values (2399,8,2326,1.1,0.8,27);
Insert into  ORDER_ITEMS (ORDER_ID,LINE_ITEM_ID,PRODUCT_ID,UNIT_PRICE,DISCOUNT_PRICE,QUANTITY) values (2407,8,2752,86,82,18);
Insert into  ORDER_ITEMS (ORDER_ID,LINE_ITEM_ID,PRODUCT_ID,UNIT_PRICE,DISCOUNT_PRICE,QUANTITY) values (2411,7,3112,72,69,17);
Insert into  ORDER_ITEMS (ORDER_ID,LINE_ITEM_ID,PRODUCT_ID,UNIT_PRICE,DISCOUNT_PRICE,QUANTITY) values (2414,8,3253,206.8,199,23);
Insert into  ORDER_ITEMS (ORDER_ID,LINE_ITEM_ID,PRODUCT_ID,UNIT_PRICE,DISCOUNT_PRICE,QUANTITY) values (2420,7,3140,19,16,34);
Insert into  ORDER_ITEMS (ORDER_ID,LINE_ITEM_ID,PRODUCT_ID,UNIT_PRICE,DISCOUNT_PRICE,QUANTITY) values (2423,7,3251,26,21,16);
Insert into  ORDER_ITEMS (ORDER_ID,LINE_ITEM_ID,PRODUCT_ID,UNIT_PRICE,DISCOUNT_PRICE,QUANTITY) values (2426,8,3234,34,30,18);
Insert into  ORDER_ITEMS (ORDER_ID,LINE_ITEM_ID,PRODUCT_ID,UNIT_PRICE,DISCOUNT_PRICE,QUANTITY) values (2428,8,3143,16,14,13);
Insert into  ORDER_ITEMS (ORDER_ID,LINE_ITEM_ID,PRODUCT_ID,UNIT_PRICE,DISCOUNT_PRICE,QUANTITY) values (2434,8,2252,788.7,755,87);
Insert into  ORDER_ITEMS (ORDER_ID,LINE_ITEM_ID,PRODUCT_ID,UNIT_PRICE,DISCOUNT_PRICE,QUANTITY) values (2435,8,2334,3.3,2.7,14);
Insert into  ORDER_ITEMS (ORDER_ID,LINE_ITEM_ID,PRODUCT_ID,UNIT_PRICE,DISCOUNT_PRICE,QUANTITY) values (2436,8,3250,27,22,18);
Insert into  ORDER_ITEMS (ORDER_ID,LINE_ITEM_ID,PRODUCT_ID,UNIT_PRICE,DISCOUNT_PRICE,QUANTITY) values (2437,8,2462,76,71,19);
Insert into  ORDER_ITEMS (ORDER_ID,LINE_ITEM_ID,PRODUCT_ID,UNIT_PRICE,DISCOUNT_PRICE,QUANTITY) values (2440,8,2330,1.1,0.8,13);
Insert into  ORDER_ITEMS (ORDER_ID,LINE_ITEM_ID,PRODUCT_ID,UNIT_PRICE,DISCOUNT_PRICE,QUANTITY) values (2443,7,3143,15,12,17);
Insert into  ORDER_ITEMS (ORDER_ID,LINE_ITEM_ID,PRODUCT_ID,UNIT_PRICE,DISCOUNT_PRICE,QUANTITY) values (2444,8,3155,43,38,104);
Insert into  ORDER_ITEMS (ORDER_ID,LINE_ITEM_ID,PRODUCT_ID,UNIT_PRICE,DISCOUNT_PRICE,QUANTITY) values (2448,7,3139,20,17,15);
Insert into  ORDER_ITEMS (ORDER_ID,LINE_ITEM_ID,PRODUCT_ID,UNIT_PRICE,DISCOUNT_PRICE,QUANTITY) values (2450,7,3220,41,38,14);
Insert into  ORDER_ITEMS (ORDER_ID,LINE_ITEM_ID,PRODUCT_ID,UNIT_PRICE,DISCOUNT_PRICE,QUANTITY) values (2451,7,1948,470.8,439,22);
Insert into  ORDER_ITEMS (ORDER_ID,LINE_ITEM_ID,PRODUCT_ID,UNIT_PRICE,DISCOUNT_PRICE,QUANTITY) values (2452,8,3150,17,14,13);
Insert into  ORDER_ITEMS (ORDER_ID,LINE_ITEM_ID,PRODUCT_ID,UNIT_PRICE,DISCOUNT_PRICE,QUANTITY) values (2454,7,2316,21,17,13);
Insert into  ORDER_ITEMS (ORDER_ID,LINE_ITEM_ID,PRODUCT_ID,UNIT_PRICE,DISCOUNT_PRICE,QUANTITY) values (2457,8,3150,17,15,27);
Insert into  ORDER_ITEMS (ORDER_ID,LINE_ITEM_ID,PRODUCT_ID,UNIT_PRICE,DISCOUNT_PRICE,QUANTITY) values (2458,7,3143,15,12,129);
Insert into  ORDER_ITEMS (ORDER_ID,LINE_ITEM_ID,PRODUCT_ID,UNIT_PRICE,DISCOUNT_PRICE,QUANTITY) values (2354,9,3165,37,32,64);
Insert into  ORDER_ITEMS (ORDER_ID,LINE_ITEM_ID,PRODUCT_ID,UNIT_PRICE,DISCOUNT_PRICE,QUANTITY) values (2355,8,2326,1.1,0.8,192);
Insert into  ORDER_ITEMS (ORDER_ID,LINE_ITEM_ID,PRODUCT_ID,UNIT_PRICE,DISCOUNT_PRICE,QUANTITY) values (2356,9,2316,22,18,55);
Insert into  ORDER_ITEMS (ORDER_ID,LINE_ITEM_ID,PRODUCT_ID,UNIT_PRICE,DISCOUNT_PRICE,QUANTITY) values (2357,9,2257,371.8,345,29);
Insert into  ORDER_ITEMS (ORDER_ID,LINE_ITEM_ID,PRODUCT_ID,UNIT_PRICE,DISCOUNT_PRICE,QUANTITY) values (2360,8,2093,7.7,6.7,42);
Insert into  ORDER_ITEMS (ORDER_ID,LINE_ITEM_ID,PRODUCT_ID,UNIT_PRICE,DISCOUNT_PRICE,QUANTITY) values (2361,9,2334,3.3,2.7,198);
Insert into  ORDER_ITEMS (ORDER_ID,LINE_ITEM_ID,PRODUCT_ID,UNIT_PRICE,DISCOUNT_PRICE,QUANTITY) values (2362,9,2339,25,22,179);
Insert into  ORDER_ITEMS (ORDER_ID,LINE_ITEM_ID,PRODUCT_ID,UNIT_PRICE,DISCOUNT_PRICE,QUANTITY) values (2363,9,2311,86.9,83,29);
Insert into  ORDER_ITEMS (ORDER_ID,LINE_ITEM_ID,PRODUCT_ID,UNIT_PRICE,DISCOUNT_PRICE,QUANTITY) values (2364,8,1948,470.8,459,20);
Insert into  ORDER_ITEMS (ORDER_ID,LINE_ITEM_ID,PRODUCT_ID,UNIT_PRICE,DISCOUNT_PRICE,QUANTITY) values (2365,9,2326,1.1,0.8,44);
Insert into  ORDER_ITEMS (ORDER_ID,LINE_ITEM_ID,PRODUCT_ID,UNIT_PRICE,DISCOUNT_PRICE,QUANTITY) values (2366,9,2406,195.8,187,20);
Insert into  ORDER_ITEMS (ORDER_ID,LINE_ITEM_ID,PRODUCT_ID,UNIT_PRICE,DISCOUNT_PRICE,QUANTITY) values (2367,8,2322,22,20,45);
Insert into  ORDER_ITEMS (ORDER_ID,LINE_ITEM_ID,PRODUCT_ID,UNIT_PRICE,DISCOUNT_PRICE,QUANTITY) values (2369,8,3176,113.3,104,24);
Insert into  ORDER_ITEMS (ORDER_ID,LINE_ITEM_ID,PRODUCT_ID,UNIT_PRICE,DISCOUNT_PRICE,QUANTITY) values (2371,8,2316,21,17,21);
Insert into  ORDER_ITEMS (ORDER_ID,LINE_ITEM_ID,PRODUCT_ID,UNIT_PRICE,DISCOUNT_PRICE,QUANTITY) values (2375,9,3155,45,41,98);
Insert into  ORDER_ITEMS (ORDER_ID,LINE_ITEM_ID,PRODUCT_ID,UNIT_PRICE,DISCOUNT_PRICE,QUANTITY) values (2376,9,2316,21,17,27);
Insert into  ORDER_ITEMS (ORDER_ID,LINE_ITEM_ID,PRODUCT_ID,UNIT_PRICE,DISCOUNT_PRICE,QUANTITY) values (2377,8,2319,25,18,131);
Insert into  ORDER_ITEMS (ORDER_ID,LINE_ITEM_ID,PRODUCT_ID,UNIT_PRICE,DISCOUNT_PRICE,QUANTITY) values (2380,9,3155,45,41,33);
Insert into  ORDER_ITEMS (ORDER_ID,LINE_ITEM_ID,PRODUCT_ID,UNIT_PRICE,DISCOUNT_PRICE,QUANTITY) values (2381,8,3163,35,30,55);
Insert into  ORDER_ITEMS (ORDER_ID,LINE_ITEM_ID,PRODUCT_ID,UNIT_PRICE,DISCOUNT_PRICE,QUANTITY) values (2382,9,3143,15,13,82);
Insert into  ORDER_ITEMS (ORDER_ID,LINE_ITEM_ID,PRODUCT_ID,UNIT_PRICE,DISCOUNT_PRICE,QUANTITY) values (2385,9,2319,25,22,97);
Insert into  ORDER_ITEMS (ORDER_ID,LINE_ITEM_ID,PRODUCT_ID,UNIT_PRICE,DISCOUNT_PRICE,QUANTITY) values (2386,8,2365,77,72,27);
Insert into  ORDER_ITEMS (ORDER_ID,LINE_ITEM_ID,PRODUCT_ID,UNIT_PRICE,DISCOUNT_PRICE,QUANTITY) values (2387,9,2252,788.7,745,27);
Insert into  ORDER_ITEMS (ORDER_ID,LINE_ITEM_ID,PRODUCT_ID,UNIT_PRICE,DISCOUNT_PRICE,QUANTITY) values (2389,8,3155,46,42,33);
Insert into  ORDER_ITEMS (ORDER_ID,LINE_ITEM_ID,PRODUCT_ID,UNIT_PRICE,DISCOUNT_PRICE,QUANTITY) values (2392,9,3150,18,15,72);
Insert into  ORDER_ITEMS (ORDER_ID,LINE_ITEM_ID,PRODUCT_ID,UNIT_PRICE,DISCOUNT_PRICE,QUANTITY) values (2393,9,3091,278,267,19);
Insert into  ORDER_ITEMS (ORDER_ID,LINE_ITEM_ID,PRODUCT_ID,UNIT_PRICE,DISCOUNT_PRICE,QUANTITY) values (2396,9,3140,19,16,93);
Insert into  ORDER_ITEMS (ORDER_ID,LINE_ITEM_ID,PRODUCT_ID,UNIT_PRICE,DISCOUNT_PRICE,QUANTITY) values (2399,9,2330,1.1,0.8,28);
Insert into  ORDER_ITEMS (ORDER_ID,LINE_ITEM_ID,PRODUCT_ID,UNIT_PRICE,DISCOUNT_PRICE,QUANTITY) values (2406,8,2761,26,22,19);
Insert into  ORDER_ITEMS (ORDER_ID,LINE_ITEM_ID,PRODUCT_ID,UNIT_PRICE,DISCOUNT_PRICE,QUANTITY) values (2407,9,2761,26,22,21);
Insert into  ORDER_ITEMS (ORDER_ID,LINE_ITEM_ID,PRODUCT_ID,UNIT_PRICE,DISCOUNT_PRICE,QUANTITY) values (2410,7,3003,2866.6,2544,15);
Insert into  ORDER_ITEMS (ORDER_ID,LINE_ITEM_ID,PRODUCT_ID,UNIT_PRICE,DISCOUNT_PRICE,QUANTITY) values (2411,8,3123,75,71,17);
Insert into  ORDER_ITEMS (ORDER_ID,LINE_ITEM_ID,PRODUCT_ID,UNIT_PRICE,DISCOUNT_PRICE,QUANTITY) values (2414,9,3260,50,45,24);
Insert into  ORDER_ITEMS (ORDER_ID,LINE_ITEM_ID,PRODUCT_ID,UNIT_PRICE,DISCOUNT_PRICE,QUANTITY) values (2420,8,3143,15,11,39);
Insert into  ORDER_ITEMS (ORDER_ID,LINE_ITEM_ID,PRODUCT_ID,UNIT_PRICE,DISCOUNT_PRICE,QUANTITY) values (2422,8,3150,17,13,25);
Insert into  ORDER_ITEMS (ORDER_ID,LINE_ITEM_ID,PRODUCT_ID,UNIT_PRICE,DISCOUNT_PRICE,QUANTITY) values (2423,8,3258,78,72,21);
Insert into  ORDER_ITEMS (ORDER_ID,LINE_ITEM_ID,PRODUCT_ID,UNIT_PRICE,DISCOUNT_PRICE,QUANTITY) values (2428,9,3150,17,14,16);
Insert into  ORDER_ITEMS (ORDER_ID,LINE_ITEM_ID,PRODUCT_ID,UNIT_PRICE,DISCOUNT_PRICE,QUANTITY) values (2429,8,3150,17,14,55);
Insert into  ORDER_ITEMS (ORDER_ID,LINE_ITEM_ID,PRODUCT_ID,UNIT_PRICE,DISCOUNT_PRICE,QUANTITY) values (2434,9,2254,408.1,392,92);
Insert into  ORDER_ITEMS (ORDER_ID,LINE_ITEM_ID,PRODUCT_ID,UNIT_PRICE,DISCOUNT_PRICE,QUANTITY) values (2435,9,2339,25,22,19);
Insert into  ORDER_ITEMS (ORDER_ID,LINE_ITEM_ID,PRODUCT_ID,UNIT_PRICE,DISCOUNT_PRICE,QUANTITY) values (2436,9,3256,36,32,18);
Insert into  ORDER_ITEMS (ORDER_ID,LINE_ITEM_ID,PRODUCT_ID,UNIT_PRICE,DISCOUNT_PRICE,QUANTITY) values (2437,9,2464,64,57,21);
Insert into  ORDER_ITEMS (ORDER_ID,LINE_ITEM_ID,PRODUCT_ID,UNIT_PRICE,DISCOUNT_PRICE,QUANTITY) values (2440,9,2334,3.3,2.7,15);
Insert into  ORDER_ITEMS (ORDER_ID,LINE_ITEM_ID,PRODUCT_ID,UNIT_PRICE,DISCOUNT_PRICE,QUANTITY) values (2442,9,2459,624.8,612,40);
Insert into  ORDER_ITEMS (ORDER_ID,LINE_ITEM_ID,PRODUCT_ID,UNIT_PRICE,DISCOUNT_PRICE,QUANTITY) values (2443,8,3150,18,15,17);
Insert into  ORDER_ITEMS (ORDER_ID,LINE_ITEM_ID,PRODUCT_ID,UNIT_PRICE,DISCOUNT_PRICE,QUANTITY) values (2447,8,2293,97,92,34);
Insert into  ORDER_ITEMS (ORDER_ID,LINE_ITEM_ID,PRODUCT_ID,UNIT_PRICE,DISCOUNT_PRICE,QUANTITY) values (2448,8,3143,16,13,16);
Insert into  ORDER_ITEMS (ORDER_ID,LINE_ITEM_ID,PRODUCT_ID,UNIT_PRICE,DISCOUNT_PRICE,QUANTITY) values (2450,8,3224,32,27,16);
Insert into  ORDER_ITEMS (ORDER_ID,LINE_ITEM_ID,PRODUCT_ID,UNIT_PRICE,DISCOUNT_PRICE,QUANTITY) values (2452,9,3155,44,41,13);
Insert into  ORDER_ITEMS (ORDER_ID,LINE_ITEM_ID,PRODUCT_ID,UNIT_PRICE,DISCOUNT_PRICE,QUANTITY) values (2454,8,2323,18,15,16);
Insert into  ORDER_ITEMS (ORDER_ID,LINE_ITEM_ID,PRODUCT_ID,UNIT_PRICE,DISCOUNT_PRICE,QUANTITY) values (2457,9,3155,44,40,32);
Insert into  ORDER_ITEMS (ORDER_ID,LINE_ITEM_ID,PRODUCT_ID,UNIT_PRICE,DISCOUNT_PRICE,QUANTITY) values (2354,10,3167,51,48,68);
Insert into  ORDER_ITEMS (ORDER_ID,LINE_ITEM_ID,PRODUCT_ID,UNIT_PRICE,DISCOUNT_PRICE,QUANTITY) values (2355,9,2330,1.1,0.8,197);
commit;
Insert into  ORDER_ITEMS (ORDER_ID,LINE_ITEM_ID,PRODUCT_ID,UNIT_PRICE,DISCOUNT_PRICE,QUANTITY) values (2356,10,2323,18,14,55);
Insert into  ORDER_ITEMS (ORDER_ID,LINE_ITEM_ID,PRODUCT_ID,UNIT_PRICE,DISCOUNT_PRICE,QUANTITY) values (2357,10,2262,95,90,29);
Insert into  ORDER_ITEMS (ORDER_ID,LINE_ITEM_ID,PRODUCT_ID,UNIT_PRICE,DISCOUNT_PRICE,QUANTITY) values (2359,8,2370,91,86,17);
Insert into  ORDER_ITEMS (ORDER_ID,LINE_ITEM_ID,PRODUCT_ID,UNIT_PRICE,DISCOUNT_PRICE,QUANTITY) values (2363,10,2319,24,21,31);
Insert into  ORDER_ITEMS (ORDER_ID,LINE_ITEM_ID,PRODUCT_ID,UNIT_PRICE,DISCOUNT_PRICE,QUANTITY) values (2365,10,2335,97,93,45);
Insert into  ORDER_ITEMS (ORDER_ID,LINE_ITEM_ID,PRODUCT_ID,UNIT_PRICE,DISCOUNT_PRICE,QUANTITY) values (2366,10,2409,194.7,183,22);
Insert into  ORDER_ITEMS (ORDER_ID,LINE_ITEM_ID,PRODUCT_ID,UNIT_PRICE,DISCOUNT_PRICE,QUANTITY) values (2367,9,2326,1.1,0.6,48);
Insert into  ORDER_ITEMS (ORDER_ID,LINE_ITEM_ID,PRODUCT_ID,UNIT_PRICE,DISCOUNT_PRICE,QUANTITY) values (2368,9,3143,16,11,75);
Insert into  ORDER_ITEMS (ORDER_ID,LINE_ITEM_ID,PRODUCT_ID,UNIT_PRICE,DISCOUNT_PRICE,QUANTITY) values (2369,9,3187,2.2,1.5,24);
Insert into  ORDER_ITEMS (ORDER_ID,LINE_ITEM_ID,PRODUCT_ID,UNIT_PRICE,DISCOUNT_PRICE,QUANTITY) values (2371,9,2323,17,13,24);
Insert into  ORDER_ITEMS (ORDER_ID,LINE_ITEM_ID,PRODUCT_ID,UNIT_PRICE,DISCOUNT_PRICE,QUANTITY) values (2375,10,3163,30,27,99);
Insert into  ORDER_ITEMS (ORDER_ID,LINE_ITEM_ID,PRODUCT_ID,UNIT_PRICE,DISCOUNT_PRICE,QUANTITY) values (2376,10,2319,25,21,32);
Insert into  ORDER_ITEMS (ORDER_ID,LINE_ITEM_ID,PRODUCT_ID,UNIT_PRICE,DISCOUNT_PRICE,QUANTITY) values (2377,9,2326,1.1,0.8,132);
Insert into  ORDER_ITEMS (ORDER_ID,LINE_ITEM_ID,PRODUCT_ID,UNIT_PRICE,DISCOUNT_PRICE,QUANTITY) values (2379,10,3139,21,17,34);
Insert into  ORDER_ITEMS (ORDER_ID,LINE_ITEM_ID,PRODUCT_ID,UNIT_PRICE,DISCOUNT_PRICE,QUANTITY) values (2380,10,3163,32,27,36);
Insert into  ORDER_ITEMS (ORDER_ID,LINE_ITEM_ID,PRODUCT_ID,UNIT_PRICE,DISCOUNT_PRICE,QUANTITY) values (2383,10,2457,4.4,3.6,62);
Insert into  ORDER_ITEMS (ORDER_ID,LINE_ITEM_ID,PRODUCT_ID,UNIT_PRICE,DISCOUNT_PRICE,QUANTITY) values (2386,9,2370,90,86,28);
Insert into  ORDER_ITEMS (ORDER_ID,LINE_ITEM_ID,PRODUCT_ID,UNIT_PRICE,DISCOUNT_PRICE,QUANTITY) values (2387,10,2253,354.2,322,32);
Insert into  ORDER_ITEMS (ORDER_ID,LINE_ITEM_ID,PRODUCT_ID,UNIT_PRICE,DISCOUNT_PRICE,QUANTITY) values (2388,10,2330,1.1,0.8,105);
Insert into  ORDER_ITEMS (ORDER_ID,LINE_ITEM_ID,PRODUCT_ID,UNIT_PRICE,DISCOUNT_PRICE,QUANTITY) values (2392,10,3155,49,42,77);
Insert into  ORDER_ITEMS (ORDER_ID,LINE_ITEM_ID,PRODUCT_ID,UNIT_PRICE,DISCOUNT_PRICE,QUANTITY) values (2393,10,3099,3.3,2.7,19);
Insert into  ORDER_ITEMS (ORDER_ID,LINE_ITEM_ID,PRODUCT_ID,UNIT_PRICE,DISCOUNT_PRICE,QUANTITY) values (2394,10,3155,49,45,61);
Insert into  ORDER_ITEMS (ORDER_ID,LINE_ITEM_ID,PRODUCT_ID,UNIT_PRICE,DISCOUNT_PRICE,QUANTITY) values (2395,9,2255,690.8,679,34);
Insert into  ORDER_ITEMS (ORDER_ID,LINE_ITEM_ID,PRODUCT_ID,UNIT_PRICE,DISCOUNT_PRICE,QUANTITY) values (2396,10,3150,17,15,93);
Insert into  ORDER_ITEMS (ORDER_ID,LINE_ITEM_ID,PRODUCT_ID,UNIT_PRICE,DISCOUNT_PRICE,QUANTITY) values (2399,10,2335,100,89,33);
Insert into  ORDER_ITEMS (ORDER_ID,LINE_ITEM_ID,PRODUCT_ID,UNIT_PRICE,DISCOUNT_PRICE,QUANTITY) values (2411,9,3124,84,81,17);
Insert into  ORDER_ITEMS (ORDER_ID,LINE_ITEM_ID,PRODUCT_ID,UNIT_PRICE,DISCOUNT_PRICE,QUANTITY) values (2419,8,3150,17,15,69);
Insert into  ORDER_ITEMS (ORDER_ID,LINE_ITEM_ID,PRODUCT_ID,UNIT_PRICE,DISCOUNT_PRICE,QUANTITY) values (2421,9,3143,15,11,176);
Insert into  ORDER_ITEMS (ORDER_ID,LINE_ITEM_ID,PRODUCT_ID,UNIT_PRICE,DISCOUNT_PRICE,QUANTITY) values (2422,9,3155,43,39,29);
Insert into  ORDER_ITEMS (ORDER_ID,LINE_ITEM_ID,PRODUCT_ID,UNIT_PRICE,DISCOUNT_PRICE,QUANTITY) values (2434,10,2257,371.8,355,94);
Insert into  ORDER_ITEMS (ORDER_ID,LINE_ITEM_ID,PRODUCT_ID,UNIT_PRICE,DISCOUNT_PRICE,QUANTITY) values (2435,10,2350,2341.9,2087,24);
Insert into  ORDER_ITEMS (ORDER_ID,LINE_ITEM_ID,PRODUCT_ID,UNIT_PRICE,DISCOUNT_PRICE,QUANTITY) values (2440,10,2337,270.6,260,19);
Insert into  ORDER_ITEMS (ORDER_ID,LINE_ITEM_ID,PRODUCT_ID,UNIT_PRICE,DISCOUNT_PRICE,QUANTITY) values (2442,10,2467,80,76,44);
Insert into  ORDER_ITEMS (ORDER_ID,LINE_ITEM_ID,PRODUCT_ID,UNIT_PRICE,DISCOUNT_PRICE,QUANTITY) values (2443,9,3155,43,40,21);
Insert into  ORDER_ITEMS (ORDER_ID,LINE_ITEM_ID,PRODUCT_ID,UNIT_PRICE,DISCOUNT_PRICE,QUANTITY) values (2445,9,2311,95,89,24);
Insert into  ORDER_ITEMS (ORDER_ID,LINE_ITEM_ID,PRODUCT_ID,UNIT_PRICE,DISCOUNT_PRICE,QUANTITY) values (2446,9,2326,1.1,0.8,34);
Insert into  ORDER_ITEMS (ORDER_ID,LINE_ITEM_ID,PRODUCT_ID,UNIT_PRICE,DISCOUNT_PRICE,QUANTITY) values (2447,9,2299,76,72,35);
Insert into  ORDER_ITEMS (ORDER_ID,LINE_ITEM_ID,PRODUCT_ID,UNIT_PRICE,DISCOUNT_PRICE,QUANTITY) values (2452,10,3165,34,30,18);
Insert into  ORDER_ITEMS (ORDER_ID,LINE_ITEM_ID,PRODUCT_ID,UNIT_PRICE,DISCOUNT_PRICE,QUANTITY) values (2454,9,2334,3.3,2.7,18);
Insert into  ORDER_ITEMS (ORDER_ID,LINE_ITEM_ID,PRODUCT_ID,UNIT_PRICE,DISCOUNT_PRICE,QUANTITY) values (2354,11,3170,145.2,132,70);
Insert into  ORDER_ITEMS (ORDER_ID,LINE_ITEM_ID,PRODUCT_ID,UNIT_PRICE,DISCOUNT_PRICE,QUANTITY) values (2355,10,2339,25,22,199);
Insert into  ORDER_ITEMS (ORDER_ID,LINE_ITEM_ID,PRODUCT_ID,UNIT_PRICE,DISCOUNT_PRICE,QUANTITY) values (2357,11,2268,75,72,32);
Insert into  ORDER_ITEMS (ORDER_ID,LINE_ITEM_ID,PRODUCT_ID,UNIT_PRICE,DISCOUNT_PRICE,QUANTITY) values (2359,9,2373,6,5,17);
Insert into  ORDER_ITEMS (ORDER_ID,LINE_ITEM_ID,PRODUCT_ID,UNIT_PRICE,DISCOUNT_PRICE,QUANTITY) values (2363,11,2323,18,15,34);
Insert into  ORDER_ITEMS (ORDER_ID,LINE_ITEM_ID,PRODUCT_ID,UNIT_PRICE,DISCOUNT_PRICE,QUANTITY) values (2365,11,2339,25,22,50);
Insert into  ORDER_ITEMS (ORDER_ID,LINE_ITEM_ID,PRODUCT_ID,UNIT_PRICE,DISCOUNT_PRICE,QUANTITY) values (2366,11,2415,339.9,321,24);
Insert into  ORDER_ITEMS (ORDER_ID,LINE_ITEM_ID,PRODUCT_ID,UNIT_PRICE,DISCOUNT_PRICE,QUANTITY) values (2367,10,2330,1.1,0.8,52);
Insert into  ORDER_ITEMS (ORDER_ID,LINE_ITEM_ID,PRODUCT_ID,UNIT_PRICE,DISCOUNT_PRICE,QUANTITY) values (2368,10,3155,45,41,75);
Insert into  ORDER_ITEMS (ORDER_ID,LINE_ITEM_ID,PRODUCT_ID,UNIT_PRICE,DISCOUNT_PRICE,QUANTITY) values (2369,10,3193,2.2,1.7,28);
Insert into  ORDER_ITEMS (ORDER_ID,LINE_ITEM_ID,PRODUCT_ID,UNIT_PRICE,DISCOUNT_PRICE,QUANTITY) values (2371,10,2334,3.3,2.8,26);
Insert into  ORDER_ITEMS (ORDER_ID,LINE_ITEM_ID,PRODUCT_ID,UNIT_PRICE,DISCOUNT_PRICE,QUANTITY) values (2372,10,3163,30,25,30);
Insert into  ORDER_ITEMS (ORDER_ID,LINE_ITEM_ID,PRODUCT_ID,UNIT_PRICE,DISCOUNT_PRICE,QUANTITY) values (2375,11,3165,36,32,103);
Insert into  ORDER_ITEMS (ORDER_ID,LINE_ITEM_ID,PRODUCT_ID,UNIT_PRICE,DISCOUNT_PRICE,QUANTITY) values (2376,11,2326,1.1,0.8,33);
Insert into  ORDER_ITEMS (ORDER_ID,LINE_ITEM_ID,PRODUCT_ID,UNIT_PRICE,DISCOUNT_PRICE,QUANTITY) values (2377,10,2330,1.1,0.8,136);
Insert into  ORDER_ITEMS (ORDER_ID,LINE_ITEM_ID,PRODUCT_ID,UNIT_PRICE,DISCOUNT_PRICE,QUANTITY) values (2379,11,3140,19,15,35);
Insert into  ORDER_ITEMS (ORDER_ID,LINE_ITEM_ID,PRODUCT_ID,UNIT_PRICE,DISCOUNT_PRICE,QUANTITY) values (2380,11,3167,52,48,37);
Insert into  ORDER_ITEMS (ORDER_ID,LINE_ITEM_ID,PRODUCT_ID,UNIT_PRICE,DISCOUNT_PRICE,QUANTITY) values (2383,11,2462,75,70,63);
Insert into  ORDER_ITEMS (ORDER_ID,LINE_ITEM_ID,PRODUCT_ID,UNIT_PRICE,DISCOUNT_PRICE,QUANTITY) values (2386,10,2375,73,68,32);
Insert into  ORDER_ITEMS (ORDER_ID,LINE_ITEM_ID,PRODUCT_ID,UNIT_PRICE,DISCOUNT_PRICE,QUANTITY) values (2395,10,2264,199.1,178,34);
Insert into  ORDER_ITEMS (ORDER_ID,LINE_ITEM_ID,PRODUCT_ID,UNIT_PRICE,DISCOUNT_PRICE,QUANTITY) values (2396,11,3155,47,44,98);
Insert into  ORDER_ITEMS (ORDER_ID,LINE_ITEM_ID,PRODUCT_ID,UNIT_PRICE,DISCOUNT_PRICE,QUANTITY) values (2398,11,2537,193.6,176,23);
Insert into  ORDER_ITEMS (ORDER_ID,LINE_ITEM_ID,PRODUCT_ID,UNIT_PRICE,DISCOUNT_PRICE,QUANTITY) values (2411,10,3127,488.4,460,18);
Insert into  ORDER_ITEMS (ORDER_ID,LINE_ITEM_ID,PRODUCT_ID,UNIT_PRICE,DISCOUNT_PRICE,QUANTITY) values (2413,11,3155,47,42,62);
Insert into  ORDER_ITEMS (ORDER_ID,LINE_ITEM_ID,PRODUCT_ID,UNIT_PRICE,DISCOUNT_PRICE,QUANTITY) values (2418,11,3140,20,16,31);
Insert into  ORDER_ITEMS (ORDER_ID,LINE_ITEM_ID,PRODUCT_ID,UNIT_PRICE,DISCOUNT_PRICE,QUANTITY) values (2419,9,3155,47,42,72);
commit;
REM INSERTING into  ORDERS
SET DEFINE OFF;
Insert into  ORDERS (ORDER_ID,ORDER_DATE,ORDER_MODE,CUSTOMER_ID,ORDER_STATUS,ORDER_TOTAL,SALES_REP_ID,PROMOTION_ID) values (2458,to_date('16-08-2004','DD-MM-RRRR'),'direct',101,0,78279.6,153,null);
Insert into  ORDERS (ORDER_ID,ORDER_DATE,ORDER_MODE,CUSTOMER_ID,ORDER_STATUS,ORDER_TOTAL,SALES_REP_ID,PROMOTION_ID) values (2397,to_date('19-11-2004','DD-MM-RRRR'),'direct',102,1,42283.2,154,null);
Insert into  ORDERS (ORDER_ID,ORDER_DATE,ORDER_MODE,CUSTOMER_ID,ORDER_STATUS,ORDER_TOTAL,SALES_REP_ID,PROMOTION_ID) values (2454,to_date('02-10-2004','DD-MM-RRRR'),'direct',103,1,6653.4,154,null);
Insert into  ORDERS (ORDER_ID,ORDER_DATE,ORDER_MODE,CUSTOMER_ID,ORDER_STATUS,ORDER_TOTAL,SALES_REP_ID,PROMOTION_ID) values (2354,to_date('14-07-2002','DD-MM-RRRR'),'direct',104,0,46257,155,null);
Insert into  ORDERS (ORDER_ID,ORDER_DATE,ORDER_MODE,CUSTOMER_ID,ORDER_STATUS,ORDER_TOTAL,SALES_REP_ID,PROMOTION_ID) values (2358,to_date('08-01-2002','DD-MM-RRRR'),'direct',105,2,7826,155,null);
Insert into  ORDERS (ORDER_ID,ORDER_DATE,ORDER_MODE,CUSTOMER_ID,ORDER_STATUS,ORDER_TOTAL,SALES_REP_ID,PROMOTION_ID) values (2381,to_date('14-05-2002','DD-MM-RRRR'),'direct',106,3,23034.6,156,null);
Insert into  ORDERS (ORDER_ID,ORDER_DATE,ORDER_MODE,CUSTOMER_ID,ORDER_STATUS,ORDER_TOTAL,SALES_REP_ID,PROMOTION_ID) values (2440,to_date('31-08-2004','DD-MM-RRRR'),'direct',107,3,70576.9,156,null);
Insert into  ORDERS (ORDER_ID,ORDER_DATE,ORDER_MODE,CUSTOMER_ID,ORDER_STATUS,ORDER_TOTAL,SALES_REP_ID,PROMOTION_ID) values (2357,to_date('08-01-2003','DD-MM-RRRR'),'direct',108,5,59872.4,158,null);
Insert into  ORDERS (ORDER_ID,ORDER_DATE,ORDER_MODE,CUSTOMER_ID,ORDER_STATUS,ORDER_TOTAL,SALES_REP_ID,PROMOTION_ID) values (2394,to_date('10-02-2002','DD-MM-RRRR'),'direct',109,5,21863,158,null);
Insert into  ORDERS (ORDER_ID,ORDER_DATE,ORDER_MODE,CUSTOMER_ID,ORDER_STATUS,ORDER_TOTAL,SALES_REP_ID,PROMOTION_ID) values (2435,to_date('02-09-2004','DD-MM-RRRR'),'direct',144,6,62303,159,null);
Insert into  ORDERS (ORDER_ID,ORDER_DATE,ORDER_MODE,CUSTOMER_ID,ORDER_STATUS,ORDER_TOTAL,SALES_REP_ID,PROMOTION_ID) values (2455,to_date('20-09-2004','DD-MM-RRRR'),'direct',145,7,14087.5,160,null);
Insert into  ORDERS (ORDER_ID,ORDER_DATE,ORDER_MODE,CUSTOMER_ID,ORDER_STATUS,ORDER_TOTAL,SALES_REP_ID,PROMOTION_ID) values (2379,to_date('16-05-2004','DD-MM-RRRR'),'direct',146,8,17848.2,161,null);
Insert into  ORDERS (ORDER_ID,ORDER_DATE,ORDER_MODE,CUSTOMER_ID,ORDER_STATUS,ORDER_TOTAL,SALES_REP_ID,PROMOTION_ID) values (2396,to_date('02-02-2003','DD-MM-RRRR'),'direct',147,8,34930,161,null);
Insert into  ORDERS (ORDER_ID,ORDER_DATE,ORDER_MODE,CUSTOMER_ID,ORDER_STATUS,ORDER_TOTAL,SALES_REP_ID,PROMOTION_ID) values (2406,to_date('29-06-2004','DD-MM-RRRR'),'direct',148,8,2854.2,161,null);
Insert into  ORDERS (ORDER_ID,ORDER_DATE,ORDER_MODE,CUSTOMER_ID,ORDER_STATUS,ORDER_TOTAL,SALES_REP_ID,PROMOTION_ID) values (2434,to_date('13-09-2004','DD-MM-RRRR'),'direct',149,8,268651.8,161,null);
Insert into  ORDERS (ORDER_ID,ORDER_DATE,ORDER_MODE,CUSTOMER_ID,ORDER_STATUS,ORDER_TOTAL,SALES_REP_ID,PROMOTION_ID) values (2436,to_date('02-09-2004','DD-MM-RRRR'),'direct',116,8,6394.8,161,null);
Insert into  ORDERS (ORDER_ID,ORDER_DATE,ORDER_MODE,CUSTOMER_ID,ORDER_STATUS,ORDER_TOTAL,SALES_REP_ID,PROMOTION_ID) values (2446,to_date('27-07-2004','DD-MM-RRRR'),'direct',117,8,103679.3,161,null);
Insert into  ORDERS (ORDER_ID,ORDER_DATE,ORDER_MODE,CUSTOMER_ID,ORDER_STATUS,ORDER_TOTAL,SALES_REP_ID,PROMOTION_ID) values (2447,to_date('27-07-2002','DD-MM-RRRR'),'direct',101,8,33893.6,161,null);
Insert into  ORDERS (ORDER_ID,ORDER_DATE,ORDER_MODE,CUSTOMER_ID,ORDER_STATUS,ORDER_TOTAL,SALES_REP_ID,PROMOTION_ID) values (2432,to_date('14-09-2004','DD-MM-RRRR'),'direct',102,10,10523,163,null);
Insert into  ORDERS (ORDER_ID,ORDER_DATE,ORDER_MODE,CUSTOMER_ID,ORDER_STATUS,ORDER_TOTAL,SALES_REP_ID,PROMOTION_ID) values (2433,to_date('13-09-2004','DD-MM-RRRR'),'direct',103,10,78,163,null);
Insert into  ORDERS (ORDER_ID,ORDER_DATE,ORDER_MODE,CUSTOMER_ID,ORDER_STATUS,ORDER_TOTAL,SALES_REP_ID,PROMOTION_ID) values (2355,to_date('26-01-2003','DD-MM-RRRR'),'online',104,8,94513.5,null,null);
Insert into  ORDERS (ORDER_ID,ORDER_DATE,ORDER_MODE,CUSTOMER_ID,ORDER_STATUS,ORDER_TOTAL,SALES_REP_ID,PROMOTION_ID) values (2356,to_date('26-01-2002','DD-MM-RRRR'),'online',105,5,29473.8,null,null);
Insert into  ORDERS (ORDER_ID,ORDER_DATE,ORDER_MODE,CUSTOMER_ID,ORDER_STATUS,ORDER_TOTAL,SALES_REP_ID,PROMOTION_ID) values (2359,to_date('08-01-2003','DD-MM-RRRR'),'online',106,9,5543.1,null,null);
Insert into  ORDERS (ORDER_ID,ORDER_DATE,ORDER_MODE,CUSTOMER_ID,ORDER_STATUS,ORDER_TOTAL,SALES_REP_ID,PROMOTION_ID) values (2360,to_date('14-11-2004','DD-MM-RRRR'),'online',107,4,990.4,null,null);
Insert into  ORDERS (ORDER_ID,ORDER_DATE,ORDER_MODE,CUSTOMER_ID,ORDER_STATUS,ORDER_TOTAL,SALES_REP_ID,PROMOTION_ID) values (2361,to_date('13-11-2004','DD-MM-RRRR'),'online',108,8,120131.3,null,null);
Insert into  ORDERS (ORDER_ID,ORDER_DATE,ORDER_MODE,CUSTOMER_ID,ORDER_STATUS,ORDER_TOTAL,SALES_REP_ID,PROMOTION_ID) values (2362,to_date('13-11-2004','DD-MM-RRRR'),'online',109,4,92829.4,null,null);
Insert into  ORDERS (ORDER_ID,ORDER_DATE,ORDER_MODE,CUSTOMER_ID,ORDER_STATUS,ORDER_TOTAL,SALES_REP_ID,PROMOTION_ID) values (2363,to_date('23-10-2004','DD-MM-RRRR'),'online',144,0,10082.3,null,null);
Insert into  ORDERS (ORDER_ID,ORDER_DATE,ORDER_MODE,CUSTOMER_ID,ORDER_STATUS,ORDER_TOTAL,SALES_REP_ID,PROMOTION_ID) values (2364,to_date('28-08-2004','DD-MM-RRRR'),'online',145,4,9500,null,null);
Insert into  ORDERS (ORDER_ID,ORDER_DATE,ORDER_MODE,CUSTOMER_ID,ORDER_STATUS,ORDER_TOTAL,SALES_REP_ID,PROMOTION_ID) values (2365,to_date('28-08-2004','DD-MM-RRRR'),'online',146,9,27455.3,null,null);
Insert into  ORDERS (ORDER_ID,ORDER_DATE,ORDER_MODE,CUSTOMER_ID,ORDER_STATUS,ORDER_TOTAL,SALES_REP_ID,PROMOTION_ID) values (2366,to_date('28-08-2004','DD-MM-RRRR'),'online',147,5,37319.4,null,null);
Insert into  ORDERS (ORDER_ID,ORDER_DATE,ORDER_MODE,CUSTOMER_ID,ORDER_STATUS,ORDER_TOTAL,SALES_REP_ID,PROMOTION_ID) values (2367,to_date('27-06-2002','DD-MM-RRRR'),'online',148,10,144054.8,null,null);
Insert into  ORDERS (ORDER_ID,ORDER_DATE,ORDER_MODE,CUSTOMER_ID,ORDER_STATUS,ORDER_TOTAL,SALES_REP_ID,PROMOTION_ID) values (2368,to_date('26-06-2002','DD-MM-RRRR'),'online',149,10,60065,null,null);
Insert into  ORDERS (ORDER_ID,ORDER_DATE,ORDER_MODE,CUSTOMER_ID,ORDER_STATUS,ORDER_TOTAL,SALES_REP_ID,PROMOTION_ID) values (2369,to_date('26-06-2004','DD-MM-RRRR'),'online',116,0,11097.4,null,null);
Insert into  ORDERS (ORDER_ID,ORDER_DATE,ORDER_MODE,CUSTOMER_ID,ORDER_STATUS,ORDER_TOTAL,SALES_REP_ID,PROMOTION_ID) values (2370,to_date('26-06-2002','DD-MM-RRRR'),'online',117,4,126,null,null);
Insert into  ORDERS (ORDER_ID,ORDER_DATE,ORDER_MODE,CUSTOMER_ID,ORDER_STATUS,ORDER_TOTAL,SALES_REP_ID,PROMOTION_ID) values (2371,to_date('16-05-2004','DD-MM-RRRR'),'online',118,6,79405.6,null,null);
Insert into  ORDERS (ORDER_ID,ORDER_DATE,ORDER_MODE,CUSTOMER_ID,ORDER_STATUS,ORDER_TOTAL,SALES_REP_ID,PROMOTION_ID) values (2372,to_date('27-02-2004','DD-MM-RRRR'),'online',119,9,16447.2,null,null);
Insert into  ORDERS (ORDER_ID,ORDER_DATE,ORDER_MODE,CUSTOMER_ID,ORDER_STATUS,ORDER_TOTAL,SALES_REP_ID,PROMOTION_ID) values (2373,to_date('27-02-2002','DD-MM-RRRR'),'online',120,4,416,null,null);
Insert into  ORDERS (ORDER_ID,ORDER_DATE,ORDER_MODE,CUSTOMER_ID,ORDER_STATUS,ORDER_TOTAL,SALES_REP_ID,PROMOTION_ID) values (2374,to_date('27-02-2002','DD-MM-RRRR'),'online',121,0,4797,null,null);
Insert into  ORDERS (ORDER_ID,ORDER_DATE,ORDER_MODE,CUSTOMER_ID,ORDER_STATUS,ORDER_TOTAL,SALES_REP_ID,PROMOTION_ID) values (2375,to_date('26-02-2004','DD-MM-RRRR'),'online',122,2,103834.4,null,null);
Insert into  ORDERS (ORDER_ID,ORDER_DATE,ORDER_MODE,CUSTOMER_ID,ORDER_STATUS,ORDER_TOTAL,SALES_REP_ID,PROMOTION_ID) values (2376,to_date('07-06-2004','DD-MM-RRRR'),'online',123,6,11006.2,null,null);
Insert into  ORDERS (ORDER_ID,ORDER_DATE,ORDER_MODE,CUSTOMER_ID,ORDER_STATUS,ORDER_TOTAL,SALES_REP_ID,PROMOTION_ID) values (2377,to_date('07-06-2004','DD-MM-RRRR'),'online',141,5,38017.8,null,null);
Insert into  ORDERS (ORDER_ID,ORDER_DATE,ORDER_MODE,CUSTOMER_ID,ORDER_STATUS,ORDER_TOTAL,SALES_REP_ID,PROMOTION_ID) values (2378,to_date('24-05-2004','DD-MM-RRRR'),'online',142,5,25691.3,null,null);
Insert into  ORDERS (ORDER_ID,ORDER_DATE,ORDER_MODE,CUSTOMER_ID,ORDER_STATUS,ORDER_TOTAL,SALES_REP_ID,PROMOTION_ID) values (2380,to_date('16-05-2004','DD-MM-RRRR'),'online',143,3,27132.6,null,null);
Insert into  ORDERS (ORDER_ID,ORDER_DATE,ORDER_MODE,CUSTOMER_ID,ORDER_STATUS,ORDER_TOTAL,SALES_REP_ID,PROMOTION_ID) values (2382,to_date('14-05-2002','DD-MM-RRRR'),'online',144,8,71173,null,null);
Insert into  ORDERS (ORDER_ID,ORDER_DATE,ORDER_MODE,CUSTOMER_ID,ORDER_STATUS,ORDER_TOTAL,SALES_REP_ID,PROMOTION_ID) values (2383,to_date('12-05-2002','DD-MM-RRRR'),'online',145,8,36374.7,null,null);
Insert into  ORDERS (ORDER_ID,ORDER_DATE,ORDER_MODE,CUSTOMER_ID,ORDER_STATUS,ORDER_TOTAL,SALES_REP_ID,PROMOTION_ID) values (2384,to_date('12-05-2002','DD-MM-RRRR'),'online',146,3,29249.1,null,null);
Insert into  ORDERS (ORDER_ID,ORDER_DATE,ORDER_MODE,CUSTOMER_ID,ORDER_STATUS,ORDER_TOTAL,SALES_REP_ID,PROMOTION_ID) values (2385,to_date('08-12-2004','DD-MM-RRRR'),'online',147,4,295892,null,null);
Insert into  ORDERS (ORDER_ID,ORDER_DATE,ORDER_MODE,CUSTOMER_ID,ORDER_STATUS,ORDER_TOTAL,SALES_REP_ID,PROMOTION_ID) values (2386,to_date('06-12-2004','DD-MM-RRRR'),'online',148,10,21116.9,null,null);
Insert into  ORDERS (ORDER_ID,ORDER_DATE,ORDER_MODE,CUSTOMER_ID,ORDER_STATUS,ORDER_TOTAL,SALES_REP_ID,PROMOTION_ID) values (2387,to_date('11-03-2004','DD-MM-RRRR'),'online',149,5,52758.9,null,null);
Insert into  ORDERS (ORDER_ID,ORDER_DATE,ORDER_MODE,CUSTOMER_ID,ORDER_STATUS,ORDER_TOTAL,SALES_REP_ID,PROMOTION_ID) values (2388,to_date('04-06-2004','DD-MM-RRRR'),'online',150,4,282694.3,null,null);
Insert into  ORDERS (ORDER_ID,ORDER_DATE,ORDER_MODE,CUSTOMER_ID,ORDER_STATUS,ORDER_TOTAL,SALES_REP_ID,PROMOTION_ID) values (2389,to_date('04-06-2002','DD-MM-RRRR'),'online',151,4,17620,null,null);
Insert into  ORDERS (ORDER_ID,ORDER_DATE,ORDER_MODE,CUSTOMER_ID,ORDER_STATUS,ORDER_TOTAL,SALES_REP_ID,PROMOTION_ID) values (2390,to_date('18-11-2004','DD-MM-RRRR'),'online',152,9,7616.8,null,null);
Insert into  ORDERS (ORDER_ID,ORDER_DATE,ORDER_MODE,CUSTOMER_ID,ORDER_STATUS,ORDER_TOTAL,SALES_REP_ID,PROMOTION_ID) values (2391,to_date('27-02-2003','DD-MM-RRRR'),'direct',153,2,48070.6,156,null);
Insert into  ORDERS (ORDER_ID,ORDER_DATE,ORDER_MODE,CUSTOMER_ID,ORDER_STATUS,ORDER_TOTAL,SALES_REP_ID,PROMOTION_ID) values (2392,to_date('21-07-2004','DD-MM-RRRR'),'direct',154,9,26632,161,null);
Insert into  ORDERS (ORDER_ID,ORDER_DATE,ORDER_MODE,CUSTOMER_ID,ORDER_STATUS,ORDER_TOTAL,SALES_REP_ID,PROMOTION_ID) values (2393,to_date('10-02-2002','DD-MM-RRRR'),'direct',155,4,23431.9,161,null);
Insert into  ORDERS (ORDER_ID,ORDER_DATE,ORDER_MODE,CUSTOMER_ID,ORDER_STATUS,ORDER_TOTAL,SALES_REP_ID,PROMOTION_ID) values (2395,to_date('02-02-2003','DD-MM-RRRR'),'direct',156,3,68501,163,null);
Insert into  ORDERS (ORDER_ID,ORDER_DATE,ORDER_MODE,CUSTOMER_ID,ORDER_STATUS,ORDER_TOTAL,SALES_REP_ID,PROMOTION_ID) values (2398,to_date('19-11-2004','DD-MM-RRRR'),'direct',157,9,7110.3,163,null);
Insert into  ORDERS (ORDER_ID,ORDER_DATE,ORDER_MODE,CUSTOMER_ID,ORDER_STATUS,ORDER_TOTAL,SALES_REP_ID,PROMOTION_ID) values (2399,to_date('19-11-2004','DD-MM-RRRR'),'direct',158,0,25270.3,161,null);
Insert into  ORDERS (ORDER_ID,ORDER_DATE,ORDER_MODE,CUSTOMER_ID,ORDER_STATUS,ORDER_TOTAL,SALES_REP_ID,PROMOTION_ID) values (2400,to_date('10-07-2004','DD-MM-RRRR'),'direct',159,2,69286.4,161,null);
Insert into  ORDERS (ORDER_ID,ORDER_DATE,ORDER_MODE,CUSTOMER_ID,ORDER_STATUS,ORDER_TOTAL,SALES_REP_ID,PROMOTION_ID) values (2401,to_date('10-07-2004','DD-MM-RRRR'),'direct',160,3,969.2,163,null);
Insert into  ORDERS (ORDER_ID,ORDER_DATE,ORDER_MODE,CUSTOMER_ID,ORDER_STATUS,ORDER_TOTAL,SALES_REP_ID,PROMOTION_ID) values (2402,to_date('02-07-2004','DD-MM-RRRR'),'direct',161,8,600,154,null);
Insert into  ORDERS (ORDER_ID,ORDER_DATE,ORDER_MODE,CUSTOMER_ID,ORDER_STATUS,ORDER_TOTAL,SALES_REP_ID,PROMOTION_ID) values (2403,to_date('01-07-2004','DD-MM-RRRR'),'direct',162,0,220,154,null);
Insert into  ORDERS (ORDER_ID,ORDER_DATE,ORDER_MODE,CUSTOMER_ID,ORDER_STATUS,ORDER_TOTAL,SALES_REP_ID,PROMOTION_ID) values (2404,to_date('01-07-2004','DD-MM-RRRR'),'direct',163,6,510,158,null);
Insert into  ORDERS (ORDER_ID,ORDER_DATE,ORDER_MODE,CUSTOMER_ID,ORDER_STATUS,ORDER_TOTAL,SALES_REP_ID,PROMOTION_ID) values (2405,to_date('01-07-2004','DD-MM-RRRR'),'direct',164,5,1233,159,null);
Insert into  ORDERS (ORDER_ID,ORDER_DATE,ORDER_MODE,CUSTOMER_ID,ORDER_STATUS,ORDER_TOTAL,SALES_REP_ID,PROMOTION_ID) values (2407,to_date('29-06-2004','DD-MM-RRRR'),'direct',165,9,2519,155,null);
Insert into  ORDERS (ORDER_ID,ORDER_DATE,ORDER_MODE,CUSTOMER_ID,ORDER_STATUS,ORDER_TOTAL,SALES_REP_ID,PROMOTION_ID) values (2408,to_date('29-06-2004','DD-MM-RRRR'),'direct',166,1,309,158,null);
Insert into  ORDERS (ORDER_ID,ORDER_DATE,ORDER_MODE,CUSTOMER_ID,ORDER_STATUS,ORDER_TOTAL,SALES_REP_ID,PROMOTION_ID) values (2409,to_date('29-06-2004','DD-MM-RRRR'),'direct',167,2,48,154,null);
Insert into  ORDERS (ORDER_ID,ORDER_DATE,ORDER_MODE,CUSTOMER_ID,ORDER_STATUS,ORDER_TOTAL,SALES_REP_ID,PROMOTION_ID) values (2410,to_date('24-05-2002','DD-MM-RRRR'),'direct',168,6,45175,156,null);
Insert into  ORDERS (ORDER_ID,ORDER_DATE,ORDER_MODE,CUSTOMER_ID,ORDER_STATUS,ORDER_TOTAL,SALES_REP_ID,PROMOTION_ID) values (2411,to_date('24-05-2004','DD-MM-RRRR'),'direct',169,8,15760.5,156,null);
Insert into  ORDERS (ORDER_ID,ORDER_DATE,ORDER_MODE,CUSTOMER_ID,ORDER_STATUS,ORDER_TOTAL,SALES_REP_ID,PROMOTION_ID) values (2412,to_date('29-03-2003','DD-MM-RRRR'),'direct',170,9,66816,158,null);
Insert into  ORDERS (ORDER_ID,ORDER_DATE,ORDER_MODE,CUSTOMER_ID,ORDER_STATUS,ORDER_TOTAL,SALES_REP_ID,PROMOTION_ID) values (2413,to_date('29-03-2002','DD-MM-RRRR'),'direct',101,5,48552,161,null);
Insert into  ORDERS (ORDER_ID,ORDER_DATE,ORDER_MODE,CUSTOMER_ID,ORDER_STATUS,ORDER_TOTAL,SALES_REP_ID,PROMOTION_ID) values (2414,to_date('29-03-2004','DD-MM-RRRR'),'direct',102,8,10794.6,153,null);
Insert into  ORDERS (ORDER_ID,ORDER_DATE,ORDER_MODE,CUSTOMER_ID,ORDER_STATUS,ORDER_TOTAL,SALES_REP_ID,PROMOTION_ID) values (2415,to_date('29-03-2001','DD-MM-RRRR'),'direct',103,6,310,161,null);
Insert into  ORDERS (ORDER_ID,ORDER_DATE,ORDER_MODE,CUSTOMER_ID,ORDER_STATUS,ORDER_TOTAL,SALES_REP_ID,PROMOTION_ID) values (2416,to_date('29-03-2004','DD-MM-RRRR'),'direct',104,6,384,160,null);
Insert into  ORDERS (ORDER_ID,ORDER_DATE,ORDER_MODE,CUSTOMER_ID,ORDER_STATUS,ORDER_TOTAL,SALES_REP_ID,PROMOTION_ID) values (2417,to_date('20-03-2004','DD-MM-RRRR'),'direct',105,5,1926.6,163,null);
Insert into  ORDERS (ORDER_ID,ORDER_DATE,ORDER_MODE,CUSTOMER_ID,ORDER_STATUS,ORDER_TOTAL,SALES_REP_ID,PROMOTION_ID) values (2418,to_date('20-03-2000','DD-MM-RRRR'),'direct',106,4,5546.6,163,null);
Insert into  ORDERS (ORDER_ID,ORDER_DATE,ORDER_MODE,CUSTOMER_ID,ORDER_STATUS,ORDER_TOTAL,SALES_REP_ID,PROMOTION_ID) values (2419,to_date('20-03-2004','DD-MM-RRRR'),'direct',107,3,31574,160,null);
Insert into  ORDERS (ORDER_ID,ORDER_DATE,ORDER_MODE,CUSTOMER_ID,ORDER_STATUS,ORDER_TOTAL,SALES_REP_ID,PROMOTION_ID) values (2420,to_date('13-03-2004','DD-MM-RRRR'),'direct',108,2,29750,160,null);
Insert into  ORDERS (ORDER_ID,ORDER_DATE,ORDER_MODE,CUSTOMER_ID,ORDER_STATUS,ORDER_TOTAL,SALES_REP_ID,PROMOTION_ID) values (2421,to_date('12-03-2004','DD-MM-RRRR'),'direct',109,1,72836,null,null);
Insert into  ORDERS (ORDER_ID,ORDER_DATE,ORDER_MODE,CUSTOMER_ID,ORDER_STATUS,ORDER_TOTAL,SALES_REP_ID,PROMOTION_ID) values (2422,to_date('16-12-2004','DD-MM-RRRR'),'direct',144,2,11188.5,153,null);
Insert into  ORDERS (ORDER_ID,ORDER_DATE,ORDER_MODE,CUSTOMER_ID,ORDER_STATUS,ORDER_TOTAL,SALES_REP_ID,PROMOTION_ID) values (2423,to_date('21-11-2004','DD-MM-RRRR'),'direct',145,3,10367.7,160,null);
Insert into  ORDERS (ORDER_ID,ORDER_DATE,ORDER_MODE,CUSTOMER_ID,ORDER_STATUS,ORDER_TOTAL,SALES_REP_ID,PROMOTION_ID) values (2424,to_date('21-11-2004','DD-MM-RRRR'),'direct',146,4,13824,153,null);
Insert into  ORDERS (ORDER_ID,ORDER_DATE,ORDER_MODE,CUSTOMER_ID,ORDER_STATUS,ORDER_TOTAL,SALES_REP_ID,PROMOTION_ID) values (2425,to_date('17-11-2003','DD-MM-RRRR'),'direct',147,5,1500.8,163,null);
Insert into  ORDERS (ORDER_ID,ORDER_DATE,ORDER_MODE,CUSTOMER_ID,ORDER_STATUS,ORDER_TOTAL,SALES_REP_ID,PROMOTION_ID) values (2426,to_date('17-11-2003','DD-MM-RRRR'),'direct',148,6,7200,null,null);
Insert into  ORDERS (ORDER_ID,ORDER_DATE,ORDER_MODE,CUSTOMER_ID,ORDER_STATUS,ORDER_TOTAL,SALES_REP_ID,PROMOTION_ID) values (2427,to_date('10-11-2004','DD-MM-RRRR'),'direct',149,7,9055,163,null);
Insert into  ORDERS (ORDER_ID,ORDER_DATE,ORDER_MODE,CUSTOMER_ID,ORDER_STATUS,ORDER_TOTAL,SALES_REP_ID,PROMOTION_ID) values (2428,to_date('10-11-2004','DD-MM-RRRR'),'direct',116,8,14685.8,null,null);
Insert into  ORDERS (ORDER_ID,ORDER_DATE,ORDER_MODE,CUSTOMER_ID,ORDER_STATUS,ORDER_TOTAL,SALES_REP_ID,PROMOTION_ID) values (2429,to_date('10-11-2004','DD-MM-RRRR'),'direct',117,9,50125,154,null);
Insert into  ORDERS (ORDER_ID,ORDER_DATE,ORDER_MODE,CUSTOMER_ID,ORDER_STATUS,ORDER_TOTAL,SALES_REP_ID,PROMOTION_ID) values (2430,to_date('02-10-2004','DD-MM-RRRR'),'direct',101,8,29669.9,159,null);
Insert into  ORDERS (ORDER_ID,ORDER_DATE,ORDER_MODE,CUSTOMER_ID,ORDER_STATUS,ORDER_TOTAL,SALES_REP_ID,PROMOTION_ID) values (2431,to_date('14-09-2003','DD-MM-RRRR'),'direct',102,1,5610.6,163,null);
Insert into  ORDERS (ORDER_ID,ORDER_DATE,ORDER_MODE,CUSTOMER_ID,ORDER_STATUS,ORDER_TOTAL,SALES_REP_ID,PROMOTION_ID) values (2437,to_date('01-09-2003','DD-MM-RRRR'),'direct',103,4,13550,163,null);
Insert into  ORDERS (ORDER_ID,ORDER_DATE,ORDER_MODE,CUSTOMER_ID,ORDER_STATUS,ORDER_TOTAL,SALES_REP_ID,PROMOTION_ID) values (2438,to_date('01-09-2004','DD-MM-RRRR'),'direct',104,0,5451,154,null);
Insert into  ORDERS (ORDER_ID,ORDER_DATE,ORDER_MODE,CUSTOMER_ID,ORDER_STATUS,ORDER_TOTAL,SALES_REP_ID,PROMOTION_ID) values (2439,to_date('31-08-2004','DD-MM-RRRR'),'direct',105,1,22150.1,159,null);
Insert into  ORDERS (ORDER_ID,ORDER_DATE,ORDER_MODE,CUSTOMER_ID,ORDER_STATUS,ORDER_TOTAL,SALES_REP_ID,PROMOTION_ID) values (2441,to_date('01-08-2002','DD-MM-RRRR'),'direct',106,5,2075.2,160,null);
Insert into  ORDERS (ORDER_ID,ORDER_DATE,ORDER_MODE,CUSTOMER_ID,ORDER_STATUS,ORDER_TOTAL,SALES_REP_ID,PROMOTION_ID) values (2442,to_date('27-07-1999','DD-MM-RRRR'),'direct',107,9,52471.9,154,null);
Insert into  ORDERS (ORDER_ID,ORDER_DATE,ORDER_MODE,CUSTOMER_ID,ORDER_STATUS,ORDER_TOTAL,SALES_REP_ID,PROMOTION_ID) values (2443,to_date('27-07-1999','DD-MM-RRRR'),'direct',108,0,3646,154,null);
Insert into  ORDERS (ORDER_ID,ORDER_DATE,ORDER_MODE,CUSTOMER_ID,ORDER_STATUS,ORDER_TOTAL,SALES_REP_ID,PROMOTION_ID) values (2444,to_date('27-07-2004','DD-MM-RRRR'),'direct',109,1,77727.2,155,null);
Insert into  ORDERS (ORDER_ID,ORDER_DATE,ORDER_MODE,CUSTOMER_ID,ORDER_STATUS,ORDER_TOTAL,SALES_REP_ID,PROMOTION_ID) values (2445,to_date('27-07-1999','DD-MM-RRRR'),'direct',144,8,5537.8,158,null);
Insert into  ORDERS (ORDER_ID,ORDER_DATE,ORDER_MODE,CUSTOMER_ID,ORDER_STATUS,ORDER_TOTAL,SALES_REP_ID,PROMOTION_ID) values (2448,to_date('18-06-2004','DD-MM-RRRR'),'direct',145,5,1388,158,null);
Insert into  ORDERS (ORDER_ID,ORDER_DATE,ORDER_MODE,CUSTOMER_ID,ORDER_STATUS,ORDER_TOTAL,SALES_REP_ID,PROMOTION_ID) values (2449,to_date('13-06-2004','DD-MM-RRRR'),'direct',146,6,86,155,null);
Insert into  ORDERS (ORDER_ID,ORDER_DATE,ORDER_MODE,CUSTOMER_ID,ORDER_STATUS,ORDER_TOTAL,SALES_REP_ID,PROMOTION_ID) values (2450,to_date('11-04-2004','DD-MM-RRRR'),'direct',147,3,1636,159,null);
commit;
Insert into  ORDERS (ORDER_ID,ORDER_DATE,ORDER_MODE,CUSTOMER_ID,ORDER_STATUS,ORDER_TOTAL,SALES_REP_ID,PROMOTION_ID) values (2451,to_date('17-12-2004','DD-MM-RRRR'),'direct',148,7,10474.6,154,null);
Insert into  ORDERS (ORDER_ID,ORDER_DATE,ORDER_MODE,CUSTOMER_ID,ORDER_STATUS,ORDER_TOTAL,SALES_REP_ID,PROMOTION_ID) values (2452,to_date('06-10-2004','DD-MM-RRRR'),'direct',149,5,12589,159,null);
Insert into  ORDERS (ORDER_ID,ORDER_DATE,ORDER_MODE,CUSTOMER_ID,ORDER_STATUS,ORDER_TOTAL,SALES_REP_ID,PROMOTION_ID) values (2453,to_date('04-10-2004','DD-MM-RRRR'),'direct',116,0,129,153,null);
Insert into  ORDERS (ORDER_ID,ORDER_DATE,ORDER_MODE,CUSTOMER_ID,ORDER_STATUS,ORDER_TOTAL,SALES_REP_ID,PROMOTION_ID) values (2456,to_date('07-11-2003','DD-MM-RRRR'),'direct',117,0,3878.4,163,null);
Insert into  ORDERS (ORDER_ID,ORDER_DATE,ORDER_MODE,CUSTOMER_ID,ORDER_STATUS,ORDER_TOTAL,SALES_REP_ID,PROMOTION_ID) values (2457,to_date('31-10-2004','DD-MM-RRRR'),'direct',118,5,21586.2,159,null);
commit;
REM INSERTING into  PRODUCT_INFORMATION
SET DEFINE OFF;
Insert into  PRODUCT_INFORMATION (PRODUCT_ID,PRODUCT_NAME,PRODUCT_DESCRIPTION,CATEGORY_ID,WEIGHT_CLASS,SUPPLIER_ID,PRODUCT_STATUS,LIST_PRICE,MIN_PRICE,CATALOG_URL) values (2459,'LaserPro 1200/8/BW','Professional black and white laserprinter, resolution 1200 dpi, 8 pages per second. Dimensions (HxWxD): 22.37 x 19.86 x 21.92 inch. Software: Enhanced driver support for SPNIX v4.0; MS-DOS Built-in printer drivers: ZoomSmart scaling technology, billboard, handout, mirror, watermark, print preview, quick sets, emulate laserprinter margins.',12,5,102099,'under development',699,568,'http://www.supp-102099.com/cat/hw/p2459.html');
Insert into  PRODUCT_INFORMATION (PRODUCT_ID,PRODUCT_NAME,PRODUCT_DESCRIPTION,CATEGORY_ID,WEIGHT_CLASS,SUPPLIER_ID,PRODUCT_STATUS,LIST_PRICE,MIN_PRICE,CATALOG_URL) values (3127,'LaserPro 600/6/BW','Standard black and white laserprinter, resolution 600 dpi, 6 pages per second. Interface: Centronics parallel, IEEE 1284 compliant. Memory: 8MB 96KB receiver buffer. MS-DOS ToolBox utilities for SPNIX AutoCAM v.17 compatible driver.',12,4,102087,'orderable',498,444,'http://www.supp-102087.com/cat/hw/p3127.html');
Insert into  PRODUCT_INFORMATION (PRODUCT_ID,PRODUCT_NAME,PRODUCT_DESCRIPTION,CATEGORY_ID,WEIGHT_CLASS,SUPPLIER_ID,PRODUCT_STATUS,LIST_PRICE,MIN_PRICE,CATALOG_URL) values (2254,'HD 10GB /I','10GB capacity hard disk drive (internal). These drives are intended for use in today''s demanding, data-critical enterprise environments and are ideal for use in RAID applications. Universal option kits are configured and pre-mounted in the appropriate hot plug tray for immediate installation into your corporate server or storage system.',13,2,102071,'obsolete',453,371,'http://www.supp-102071.com/cat/hw/p2254.html');
Insert into  PRODUCT_INFORMATION (PRODUCT_ID,PRODUCT_NAME,PRODUCT_DESCRIPTION,CATEGORY_ID,WEIGHT_CLASS,SUPPLIER_ID,PRODUCT_STATUS,LIST_PRICE,MIN_PRICE,CATALOG_URL) values (3353,'HD 10GB /R','10GB Removable hard disk drive for 10GB Removable HD drive. Supra7 disk drives provide the latest technology to improve enterprise performance, increasing the maximum data transfer rate up to 160MB/s.',13,1,102071,'obsolete',489,413,'http://www.supp-102071.com/cat/hw/p3353.html');
Insert into  PRODUCT_INFORMATION (PRODUCT_ID,PRODUCT_NAME,PRODUCT_DESCRIPTION,CATEGORY_ID,WEIGHT_CLASS,SUPPLIER_ID,PRODUCT_STATUS,LIST_PRICE,MIN_PRICE,CATALOG_URL) values (3069,'HD 10GB /S','10GB hard disk drive for Standard Mount. Backward compatible with Supra5 systems, users are free to deploy and re-deploy these drives to quickly deliver increased storage capacity. Supra drives eliminate the risk of firmware incompatibility.',13,1,102051,'obsolete',436,350,'http://www.supp-102051.com/cat/hw/p3069.html');
Insert into  PRODUCT_INFORMATION (PRODUCT_ID,PRODUCT_NAME,PRODUCT_DESCRIPTION,CATEGORY_ID,WEIGHT_CLASS,SUPPLIER_ID,PRODUCT_STATUS,LIST_PRICE,MIN_PRICE,CATALOG_URL) values (2253,'HD 10GB @5400 /SE','10GB capacity hard disk drive (external) SCSI interface, 5400 RPM. Universal option kits are configured and pre-mounted in the appropriate hot plug tray for immediate installation into your corporate server or storage system. Supra drives eliminate the risk of firmware incompatibility.',13,2,102069,'obsolete',399,322,'http://www.supp-102069.com/cat/hw/p2253.html');
Insert into  PRODUCT_INFORMATION (PRODUCT_ID,PRODUCT_NAME,PRODUCT_DESCRIPTION,CATEGORY_ID,WEIGHT_CLASS,SUPPLIER_ID,PRODUCT_STATUS,LIST_PRICE,MIN_PRICE,CATALOG_URL) values (3354,'HD 12GB /I','12GB capacity harddisk drive (internal). Supra drives eliminate the risk of firmware incompatibility. Backward compatibility: You can mix or match Supra2 and Supra3 devices for optimized solutions and future growth.',13,2,102066,'orderable',543,478,'http://www.supp-102066.com/cat/hw/p3354.html');
Insert into  PRODUCT_INFORMATION (PRODUCT_ID,PRODUCT_NAME,PRODUCT_DESCRIPTION,CATEGORY_ID,WEIGHT_CLASS,SUPPLIER_ID,PRODUCT_STATUS,LIST_PRICE,MIN_PRICE,CATALOG_URL) values (3072,'HD 12GB /N','12GB hard disk drive for Narrow Mount. Supra9 hot pluggable hard disk drives provide the ability to install or remove drives on-line. Our hot pluggable hard disk drives are required to meet our rigorous standards for reliability and performance.',13,1,102061,'orderable',567,507,'http://www.supp-102061.com/cat/hw/p3072.html');
Insert into  PRODUCT_INFORMATION (PRODUCT_ID,PRODUCT_NAME,PRODUCT_DESCRIPTION,CATEGORY_ID,WEIGHT_CLASS,SUPPLIER_ID,PRODUCT_STATUS,LIST_PRICE,MIN_PRICE,CATALOG_URL) values (3334,'HD 12GB /R','12GB Removable hard disk drive. With compatibility across many enterprise platforms, you are free to deploy and re-deploy this drive to quickly deliver increased storage capacity. Supra7 Universal disk drives are the second generation of high performance hot plug drives sharing compatibility across corporate servers and external storage enclosures.',13,2,102090,'orderable',612,512,'http://www.supp-102090.com/cat/hw/p3334.html');
Insert into  PRODUCT_INFORMATION (PRODUCT_ID,PRODUCT_NAME,PRODUCT_DESCRIPTION,CATEGORY_ID,WEIGHT_CLASS,SUPPLIER_ID,PRODUCT_STATUS,LIST_PRICE,MIN_PRICE,CATALOG_URL) values (3071,'HD 12GB /S','12GB hard disk drive for Standard Mount. Supra9 hot pluggable hard disk drives provide the ability to install or remove drives on-line. Our hot pluggable hard disk drives are required to meet our rigorous standards for reliability and performance.',13,1,102071,'orderable',633,553,'http://www.supp-102071.com/cat/hw/p3071.html');
Insert into  PRODUCT_INFORMATION (PRODUCT_ID,PRODUCT_NAME,PRODUCT_DESCRIPTION,CATEGORY_ID,WEIGHT_CLASS,SUPPLIER_ID,PRODUCT_STATUS,LIST_PRICE,MIN_PRICE,CATALOG_URL) values (2255,'HD 12GB @7200 /SE','12GB capacity hard disk drive (external) SCSI, 7200 RPM. These drives are intended for use in today''s demanding, data-critical enterprise environments and can be used in RAID applications. Universal option kits are configured and pre-mounted in the appropriate hot plug tray for immediate installation into your corporate server or storage system.',13,2,102057,'orderable',775,628,'http://www.supp-102057.com/cat/hw/p2255.html');
Insert into  PRODUCT_INFORMATION (PRODUCT_ID,PRODUCT_NAME,PRODUCT_DESCRIPTION,CATEGORY_ID,WEIGHT_CLASS,SUPPLIER_ID,PRODUCT_STATUS,LIST_PRICE,MIN_PRICE,CATALOG_URL) values (1743,'HD 18.2GB @10000 /E','External hard drive disk - 18.2 GB, rated up to 10,000 RPM. These drives are intended for use in today''s demanding, data-critical enterprise environments and are ideal for use in RAID applications.',13,3,102078,'planned',800,661,'http://www.supp-102078.com/cat/hw/p1743.html');
Insert into  PRODUCT_INFORMATION (PRODUCT_ID,PRODUCT_NAME,PRODUCT_DESCRIPTION,CATEGORY_ID,WEIGHT_CLASS,SUPPLIER_ID,PRODUCT_STATUS,LIST_PRICE,MIN_PRICE,CATALOG_URL) values (2382,'HD 18.2GB@10000 /I','18.2 GB SCSI hard disk @ 10000 RPM (internal). Supra7 Universal disk drives provide an unequaled level of investment protection and simplification for customers by enabling drive compatibility across many enterprise platforms.',13,3,102050,'under development',850,731,'http://www.supp-102050.com/cat/hw/p2382.html');
Insert into  PRODUCT_INFORMATION (PRODUCT_ID,PRODUCT_NAME,PRODUCT_DESCRIPTION,CATEGORY_ID,WEIGHT_CLASS,SUPPLIER_ID,PRODUCT_STATUS,LIST_PRICE,MIN_PRICE,CATALOG_URL) values (3399,'HD 18GB /SE','18GB SCSI external hard disk drive. Supra5 Universal hard disk drives provide the ability to hot plug between various servers, RAID arrays, and external storage shelves.',13,3,102083,'under development',815,706,'http://www.supp-999999.com/cat/hw/p3333.html');
Insert into  PRODUCT_INFORMATION (PRODUCT_ID,PRODUCT_NAME,PRODUCT_DESCRIPTION,CATEGORY_ID,WEIGHT_CLASS,SUPPLIER_ID,PRODUCT_STATUS,LIST_PRICE,MIN_PRICE,CATALOG_URL) values (3073,'HD 6GB /I','6GB capacity hard disk drive (internal). Supra drives eliminate the risk of firmware incompatibility.',13,2,102072,'obsolete',224,197,'http://www.supp-102083.com/cat/hw/p3073.html');
Insert into  PRODUCT_INFORMATION (PRODUCT_ID,PRODUCT_NAME,PRODUCT_DESCRIPTION,CATEGORY_ID,WEIGHT_CLASS,SUPPLIER_ID,PRODUCT_STATUS,LIST_PRICE,MIN_PRICE,CATALOG_URL) values (1768,'HD 8.2GB @5400','Hard drive disk - 8.2 GB, rated up to 5,400 RPM. Supra drives eliminate the risk of firmware incompatibility. Standard serial RS-232 interface.',13,2,102093,'orderable',345,306,'http://www.supp-102093.com/cat/hw/p1768.html');
Insert into  PRODUCT_INFORMATION (PRODUCT_ID,PRODUCT_NAME,PRODUCT_DESCRIPTION,CATEGORY_ID,WEIGHT_CLASS,SUPPLIER_ID,PRODUCT_STATUS,LIST_PRICE,MIN_PRICE,CATALOG_URL) values (2410,'HD 8.4GB @5400','8.4 GB hard disk @ 5400 RPM. Reduced cost of ownership: Drives can be utilized across enterprise platforms. This hot pluggable hard disk drive is required to meet your rigorous standards for reliability and performance.',13,2,102061,'orderable',357,319,'http://www.supp-102061.com/cat/hw/p2410.html');
Insert into  PRODUCT_INFORMATION (PRODUCT_ID,PRODUCT_NAME,PRODUCT_DESCRIPTION,CATEGORY_ID,WEIGHT_CLASS,SUPPLIER_ID,PRODUCT_STATUS,LIST_PRICE,MIN_PRICE,CATALOG_URL) values (2257,'HD 8GB /I','8GB capacity hard disk drive (internal). Supra9 hot pluggable hard disk drives provide the ability to install or remove drives on-line. Backward compatibility: You can mix Supra2 and Supra3 devices for optimized solutions and future growth.',13,1,102061,'orderable',399,338,'http://www.supp-102061.com/cat/hw/p2257.html');
Insert into  PRODUCT_INFORMATION (PRODUCT_ID,PRODUCT_NAME,PRODUCT_DESCRIPTION,CATEGORY_ID,WEIGHT_CLASS,SUPPLIER_ID,PRODUCT_STATUS,LIST_PRICE,MIN_PRICE,CATALOG_URL) values (3400,'HD 8GB /SE','8GB capacity SCSI hard disk drive (external). Supra7 disk drives provide the latest technology to improve enterprise performance, increasing the maximum data transfer rate up to 255MB/s.',13,2,102063,'orderable',389,337,'http://www.supp-102063.com/cat/hw/p3400.html');
Insert into  PRODUCT_INFORMATION (PRODUCT_ID,PRODUCT_NAME,PRODUCT_DESCRIPTION,CATEGORY_ID,WEIGHT_CLASS,SUPPLIER_ID,PRODUCT_STATUS,LIST_PRICE,MIN_PRICE,CATALOG_URL) values (3355,'HD 8GB /SI','8GB SCSI hard disk drive, internal. With compatibility across many enterprise platforms, you are free to deploy and re-deploy this drive to quickly deliver increased storage capacity. ',13,1,102050,'orderable',null,null,'http://www.supp-102050.com/cat/hw/p3355.html');
Insert into  PRODUCT_INFORMATION (PRODUCT_ID,PRODUCT_NAME,PRODUCT_DESCRIPTION,CATEGORY_ID,WEIGHT_CLASS,SUPPLIER_ID,PRODUCT_STATUS,LIST_PRICE,MIN_PRICE,CATALOG_URL) values (1772,'HD 9.1GB @10000','Hard disk drive - 9.1 GB, rated up to 10,000 RPM. These drives are intended for use in data-critical enterprise environments. Ease of doing business: you can easily select the drives you need regardless of the application in which they will be deployed.',13,3,102070,'orderable',456,393,'http://www.supp-102070.com/cat/hw/p1772.html');
Insert into  PRODUCT_INFORMATION (PRODUCT_ID,PRODUCT_NAME,PRODUCT_DESCRIPTION,CATEGORY_ID,WEIGHT_CLASS,SUPPLIER_ID,PRODUCT_STATUS,LIST_PRICE,MIN_PRICE,CATALOG_URL) values (2414,'HD 9.1GB @10000 /I','9.1 GB SCSI hard disk @ 10000 RPM (internal). Supra7 disk drives are available in 10,000 RPM spindle speeds and capacities of 18GB and 9.1 GB. SCSI and RS-232 interfaces.',13,3,102098,'orderable',454,399,'http://www.supp-102098.com/cat/hw/p2414.html');
Insert into  PRODUCT_INFORMATION (PRODUCT_ID,PRODUCT_NAME,PRODUCT_DESCRIPTION,CATEGORY_ID,WEIGHT_CLASS,SUPPLIER_ID,PRODUCT_STATUS,LIST_PRICE,MIN_PRICE,CATALOG_URL) values (2415,'HD 9.1GB @7200','9.1 GB hard disk @ 7200 RPM. Universal option kits are configured and pre-mounted in the appropriate hot plug tray for immediate installation into your corporate server or storage system.',13,3,102063,'orderable',359,309,'http://www.supp-102063.com/cat/hw/p2415.html');
Insert into  PRODUCT_INFORMATION (PRODUCT_ID,PRODUCT_NAME,PRODUCT_DESCRIPTION,CATEGORY_ID,WEIGHT_CLASS,SUPPLIER_ID,PRODUCT_STATUS,LIST_PRICE,MIN_PRICE,CATALOG_URL) values (2395,'32MB Cache /M','32MB Mirrored cache memory (100-MHz Registered SDRAM)',14,1,102093,'orderable',123,109,'http://www.supp-102093.com/cat/hw/p2395.html');
Insert into  PRODUCT_INFORMATION (PRODUCT_ID,PRODUCT_NAME,PRODUCT_DESCRIPTION,CATEGORY_ID,WEIGHT_CLASS,SUPPLIER_ID,PRODUCT_STATUS,LIST_PRICE,MIN_PRICE,CATALOG_URL) values (1755,'32MB Cache /NM','32MB Non-Mirrored cache memory',14,1,102076,'orderable',121,99,'http://www.supp-102076.com/cat/hw/p1755.html');
Insert into  PRODUCT_INFORMATION (PRODUCT_ID,PRODUCT_NAME,PRODUCT_DESCRIPTION,CATEGORY_ID,WEIGHT_CLASS,SUPPLIER_ID,PRODUCT_STATUS,LIST_PRICE,MIN_PRICE,CATALOG_URL) values (2406,'64MB Cache /M','64MB Mirrored cache memory',14,1,102059,'orderable',223,178,'http://www.supp-102059.com/cat/hw/p2406.html');
Insert into  PRODUCT_INFORMATION (PRODUCT_ID,PRODUCT_NAME,PRODUCT_DESCRIPTION,CATEGORY_ID,WEIGHT_CLASS,SUPPLIER_ID,PRODUCT_STATUS,LIST_PRICE,MIN_PRICE,CATALOG_URL) values (2404,'64MB Cache /NM','64 MB Non-mirrored cache memory. FPM memory chips are implemented on 5 volt SIMMs, but are also available on 3.3 volt DIMMs.',14,1,102087,'orderable',221,180,'http://www.supp-102087.com/cat/hw/p2404.html');
Insert into  PRODUCT_INFORMATION (PRODUCT_ID,PRODUCT_NAME,PRODUCT_DESCRIPTION,CATEGORY_ID,WEIGHT_CLASS,SUPPLIER_ID,PRODUCT_STATUS,LIST_PRICE,MIN_PRICE,CATALOG_URL) values (1770,'8MB Cache /NM','8MB Non-Mirrored Cache Memory (100-MHz Registered SDRAM)',14,1,102050,'orderable',null,73,'http://www.supp-102050.com/cat/hw/p1770.html');
Insert into  PRODUCT_INFORMATION (PRODUCT_ID,PRODUCT_NAME,PRODUCT_DESCRIPTION,CATEGORY_ID,WEIGHT_CLASS,SUPPLIER_ID,PRODUCT_STATUS,LIST_PRICE,MIN_PRICE,CATALOG_URL) values (2412,'8MB EDO Memory','8 MB 8x32 EDO SIM memory. Extended Data Out memory differs from FPM in a small, but significant design change. Unlike FPM, the data output drivers for EDO remain on when the memory controller removes the column address to begin the next cycle. Therefore, a new data cycle can begin before the previous cycle has completed. EDO is available on SIMMs and DIMMs, in 3.3 and 5 volt varieties.',14,1,102058,'obsolete',98,83,'http://www.supp-102058.com/cat/hw/p2412.html');
Insert into  PRODUCT_INFORMATION (PRODUCT_ID,PRODUCT_NAME,PRODUCT_DESCRIPTION,CATEGORY_ID,WEIGHT_CLASS,SUPPLIER_ID,PRODUCT_STATUS,LIST_PRICE,MIN_PRICE,CATALOG_URL) values (2378,'DIMM - 128 MB','128 MB DIMM memory. The main reason for the change from SIMMs to DIMMs is to support the higher bus widths of 64-bit processors. DIMMs are 64- or 72-bits wide; SIMMs are only 32- or 36-bits wide (with parity).',14,1,102050,'orderable',305,247,'http://www.supp-102050.com/cat/hw/p2378.html');
Insert into  PRODUCT_INFORMATION (PRODUCT_ID,PRODUCT_NAME,PRODUCT_DESCRIPTION,CATEGORY_ID,WEIGHT_CLASS,SUPPLIER_ID,PRODUCT_STATUS,LIST_PRICE,MIN_PRICE,CATALOG_URL) values (3087,'DIMM - 16 MB','Citrus OLX DIMM - 16 MB capacity.',14,1,102081,'obsolete',124,99,'http://www.supp-102081.com/cat/hw/p3087.html');
Insert into  PRODUCT_INFORMATION (PRODUCT_ID,PRODUCT_NAME,PRODUCT_DESCRIPTION,CATEGORY_ID,WEIGHT_CLASS,SUPPLIER_ID,PRODUCT_STATUS,LIST_PRICE,MIN_PRICE,CATALOG_URL) values (2384,'DIMM - 1GB','Memory DIMM: RAM - 1 GB capacity.',14,1,102074,'under development',599,479,'http://www.supp-102074.com/cat/hw/p2384.html');
Insert into  PRODUCT_INFORMATION (PRODUCT_ID,PRODUCT_NAME,PRODUCT_DESCRIPTION,CATEGORY_ID,WEIGHT_CLASS,SUPPLIER_ID,PRODUCT_STATUS,LIST_PRICE,MIN_PRICE,CATALOG_URL) values (1749,'DIMM - 256MB','Memory DIMM: RAM 256 MB. (100-MHz Registered SDRAM)',14,1,102053,'orderable',337,300,'http://www.supp-102053.com/cat/hw/p1749.html');
Insert into  PRODUCT_INFORMATION (PRODUCT_ID,PRODUCT_NAME,PRODUCT_DESCRIPTION,CATEGORY_ID,WEIGHT_CLASS,SUPPLIER_ID,PRODUCT_STATUS,LIST_PRICE,MIN_PRICE,CATALOG_URL) values (1750,'DIMM - 2GB','Memory DIMM: RAM, 2 GB capacity.',14,1,102052,'orderable',699,560,'http://www.supp-102052.com/cat/hw/p1750.html');
Insert into  PRODUCT_INFORMATION (PRODUCT_ID,PRODUCT_NAME,PRODUCT_DESCRIPTION,CATEGORY_ID,WEIGHT_CLASS,SUPPLIER_ID,PRODUCT_STATUS,LIST_PRICE,MIN_PRICE,CATALOG_URL) values (2394,'DIMM - 32MB','32 MB DIMM Memory upgrade',14,1,102054,'orderable',128,106,'http://www.supp-102054.com/cat/hw/p2394.html');
Insert into  PRODUCT_INFORMATION (PRODUCT_ID,PRODUCT_NAME,PRODUCT_DESCRIPTION,CATEGORY_ID,WEIGHT_CLASS,SUPPLIER_ID,PRODUCT_STATUS,LIST_PRICE,MIN_PRICE,CATALOG_URL) values (2400,'DIMM - 512 MB','512 MB DIMM memory. Improved memory upgrade granularity: Fewer DIMMs are required to upgrade a system than it would require if using SIMMs in the same system. Increased maximum memory ceilings: Given the same number of memory slots, the maximum memory of a system using DIMMs is more than one using SIMMs. DIMMs have separate contacts on each side of the board, which provide two times the data rate as one SIMM.',14,1,102098,'under development',448,380,'http://www.supp-102098.com/cat/hw/p2400.html');
Insert into  PRODUCT_INFORMATION (PRODUCT_ID,PRODUCT_NAME,PRODUCT_DESCRIPTION,CATEGORY_ID,WEIGHT_CLASS,SUPPLIER_ID,PRODUCT_STATUS,LIST_PRICE,MIN_PRICE,CATALOG_URL) values (1763,'DIMM - 64MB','Memory DIMM: RAM, 64MB (100-MHz Unregistered ECC SDRAM)',14,1,102069,'orderable',247,202,'http://www.supp-102069.com/cat/hw/p1763.html');
Insert into  PRODUCT_INFORMATION (PRODUCT_ID,PRODUCT_NAME,PRODUCT_DESCRIPTION,CATEGORY_ID,WEIGHT_CLASS,SUPPLIER_ID,PRODUCT_STATUS,LIST_PRICE,MIN_PRICE,CATALOG_URL) values (2396,'EDO - 32MB','Memory EDO SIM: RAM, 32 MB (100-MHz Unregistered ECC SDRAM). Like FPM, EDO is available on SIMMs and DIMMs, in 3.3 and 5 volt varieties If EDO memory is installed in a computer that was not designed to support it, the memory may not work.',14,1,102051,'orderable',179,149,'http://www.supp-102051.com/cat/hw/p2396.html');
Insert into  PRODUCT_INFORMATION (PRODUCT_ID,PRODUCT_NAME,PRODUCT_DESCRIPTION,CATEGORY_ID,WEIGHT_CLASS,SUPPLIER_ID,PRODUCT_STATUS,LIST_PRICE,MIN_PRICE,CATALOG_URL) values (2272,'RAM - 16 MB','Memory SIMM: RAM - 16 MB capacity.',14,1,102074,'obsolete',135,110,'http://www.supp-102074.com/cat/hw/p2272.html');
Insert into  PRODUCT_INFORMATION (PRODUCT_ID,PRODUCT_NAME,PRODUCT_DESCRIPTION,CATEGORY_ID,WEIGHT_CLASS,SUPPLIER_ID,PRODUCT_STATUS,LIST_PRICE,MIN_PRICE,CATALOG_URL) values (2274,'RAM - 32 MB','Memory SIMM: RAM - 32 MB capacity.',14,1,102064,'orderable',161,135,'http://www.supp-102064.com/cat/hw/p2274.html');
Insert into  PRODUCT_INFORMATION (PRODUCT_ID,PRODUCT_NAME,PRODUCT_DESCRIPTION,CATEGORY_ID,WEIGHT_CLASS,SUPPLIER_ID,PRODUCT_STATUS,LIST_PRICE,MIN_PRICE,CATALOG_URL) values (3090,'RAM - 48 MB','Random Access Memory, SIMM - 48 MB capacity.',14,1,102084,'orderable',193,170,'http://www.supp-102084.com/cat/hw/p3090.html');
Insert into  PRODUCT_INFORMATION (PRODUCT_ID,PRODUCT_NAME,PRODUCT_DESCRIPTION,CATEGORY_ID,WEIGHT_CLASS,SUPPLIER_ID,PRODUCT_STATUS,LIST_PRICE,MIN_PRICE,CATALOG_URL) values (1739,'SDRAM - 128 MB','SDRAM memory, 128 MB capacity. SDRAM can access data at speeds up to 100 MHz, which is up to four times as fast as standard DRAMs. The advantages of SDRAM can be fully realized, however, only by computers designed to support SDRAM. SDRAM is available on 5 and 3.3 volt DIMMs.',14,1,102077,'orderable',299,248,'http://www.supp-102077.com/cat/hw/p1739.html');
Insert into  PRODUCT_INFORMATION (PRODUCT_ID,PRODUCT_NAME,PRODUCT_DESCRIPTION,CATEGORY_ID,WEIGHT_CLASS,SUPPLIER_ID,PRODUCT_STATUS,LIST_PRICE,MIN_PRICE,CATALOG_URL) values (3359,'SDRAM - 16 MB','SDRAM memory upgrade module, 16 MB. Synchronous Dynamic Random Access Memory was introduced after EDO. Its architecture and operation are based on those of the standard DRAM, but SDRAM provides a revolutionary change to main memory that further reduces data retrieval times. SDRAM is synchronized to the system clock that controls the CPU. This means that the system clock controlling the functions of the microprocessor also controls the SDRAM functions. This enables the memory controller to know on which clock cycle a data request will be ready, and therefore eliminates timing delays.',14,1,102059,'orderable',111,99,'http://www.supp-102059.com/cat/hw/p3359.html');
Insert into  PRODUCT_INFORMATION (PRODUCT_ID,PRODUCT_NAME,PRODUCT_DESCRIPTION,CATEGORY_ID,WEIGHT_CLASS,SUPPLIER_ID,PRODUCT_STATUS,LIST_PRICE,MIN_PRICE,CATALOG_URL) values (3088,'SDRAM - 32 MB','SDRAM module with ECC - 32 MB capacity. SDRAM has multiple memory banks that can work simultaneously. Switching between banks allows for a continuous data flow.',14,1,102057,'orderable',258,220,'http://www.supp-102057.com/cat/hw/p3088.html');
Insert into  PRODUCT_INFORMATION (PRODUCT_ID,PRODUCT_NAME,PRODUCT_DESCRIPTION,CATEGORY_ID,WEIGHT_CLASS,SUPPLIER_ID,PRODUCT_STATUS,LIST_PRICE,MIN_PRICE,CATALOG_URL) values (2276,'SDRAM - 48 MB','Memory SIMM: RAM - 48 MB. SDRAM can operate in burst mode. In burst mode, when a single data address is accessed, an entire block of data is retrieved rather than just the one piece. The assumption is that the next piece of data that will be requested will be sequential to the previous. Since this is usually the case, data is held readily available.',14,1,102058,'orderable',269,215,'http://www.supp-102058.com/cat/hw/p2276.html');
Insert into  PRODUCT_INFORMATION (PRODUCT_ID,PRODUCT_NAME,PRODUCT_DESCRIPTION,CATEGORY_ID,WEIGHT_CLASS,SUPPLIER_ID,PRODUCT_STATUS,LIST_PRICE,MIN_PRICE,CATALOG_URL) values (3086,'VRAM - 16 MB','Citrus Video RAM module - 16 MB capacity. VRAM is used by the video system in a computer to store video information and is reserved exclusively for video operations. It was developed to provide continuous streams of serial data for refreshing video screens.',14,1,102056,'orderable',211,186,'http://www.supp-102056.com/cat/hw/p3086.html');
Insert into  PRODUCT_INFORMATION (PRODUCT_ID,PRODUCT_NAME,PRODUCT_DESCRIPTION,CATEGORY_ID,WEIGHT_CLASS,SUPPLIER_ID,PRODUCT_STATUS,LIST_PRICE,MIN_PRICE,CATALOG_URL) values (3091,'VRAM - 64 MB','Citrus Video RAM memory module - 64 MB capacity. Physically, VRAM looks just like DRAM with added hardware called a shift register. The special feature of VRAM is that it can transfer one entire row of data (up to 256 bits) into this shift register in a single clock cycle. This ability significantly reduces retrieval time, since the number of fetches is reduced from a possible 256 to a single fetch. The main benefit of having a shift register available for data dumps is that it frees the CPU to refresh the screen rather than retrieve data, thereby doubling the data bandwidth. For this reason, VRAM is often referred to as being dual-ported. However, the shift register will only be used when the VRAM chip is given special instructions to do so. The command to use the shift register is built into the graphics controller.',14,1,102098,'orderable',279,243,'http://www.supp-102098.com/cat/hw/p3091.html');
Insert into  PRODUCT_INFORMATION (PRODUCT_ID,PRODUCT_NAME,PRODUCT_DESCRIPTION,CATEGORY_ID,WEIGHT_CLASS,SUPPLIER_ID,PRODUCT_STATUS,LIST_PRICE,MIN_PRICE,CATALOG_URL) values (1787,'CPU D300','Dual CPU @ 300Mhz. For light personal processing only, or file servers with less than 5 concurrent users. This product will probably become obsolete soon.',15,1,102097,'orderable',101,90,'http://www.supp-102097.com/cat/hw/p1787.html');
Insert into  PRODUCT_INFORMATION (PRODUCT_ID,PRODUCT_NAME,PRODUCT_DESCRIPTION,CATEGORY_ID,WEIGHT_CLASS,SUPPLIER_ID,PRODUCT_STATUS,LIST_PRICE,MIN_PRICE,CATALOG_URL) values (2439,'CPU D400','Dual CPU @ 400Mhz. Good price/performance ratio; for mid-size LAN file servers (up to 100 concurrent users).',15,1,102092,'orderable',123,105,'http://www.supp-102092.com/cat/hw/p2439.html');
Insert into  PRODUCT_INFORMATION (PRODUCT_ID,PRODUCT_NAME,PRODUCT_DESCRIPTION,CATEGORY_ID,WEIGHT_CLASS,SUPPLIER_ID,PRODUCT_STATUS,LIST_PRICE,MIN_PRICE,CATALOG_URL) values (1788,'CPU D600','Dual CPU @ 600Mhz. State of the art, high clock speed; for heavy load WAN servers (up to 200 concurrent users).',15,1,102067,'orderable',178,149,'http://www.supp-102067.com/cat/hw/p1788.html');
Insert into  PRODUCT_INFORMATION (PRODUCT_ID,PRODUCT_NAME,PRODUCT_DESCRIPTION,CATEGORY_ID,WEIGHT_CLASS,SUPPLIER_ID,PRODUCT_STATUS,LIST_PRICE,MIN_PRICE,CATALOG_URL) values (2375,'GP 1024x768','Graphics Processor, resolution 1024 X 768 pixels. Outstanding price/performance for 2D and 3D applications under SPNIX v3.3 and v4.0. Double your viewing power by running two monitors from this single card. Two 17 inch monitors have more screen area than one 21 inch monitor. Excellent option for users that multi-task frequently or access data from multiple sources often.',15,1,102063,'orderable',78,69,'http://www.supp-102063.com/cat/hw/p2375.html');
Insert into  PRODUCT_INFORMATION (PRODUCT_ID,PRODUCT_NAME,PRODUCT_DESCRIPTION,CATEGORY_ID,WEIGHT_CLASS,SUPPLIER_ID,PRODUCT_STATUS,LIST_PRICE,MIN_PRICE,CATALOG_URL) values (2411,'GP 1280x1024','Graphics Processor, resolution 1280 X 1024 pixels. High end 3D performance at a mid range price: 15 million Gouraud shaded triangles per second, Optimized 3D drivers for MCAD and DCC applications, with user-customizable settings. 64MB DDR SDRAM unified frame buffer supporting true color at all supported standard resolutions.',15,1,102061,'orderable',98,78,'http://www.supp-102061.com/cat/hw/p2411.html');
Insert into  PRODUCT_INFORMATION (PRODUCT_ID,PRODUCT_NAME,PRODUCT_DESCRIPTION,CATEGORY_ID,WEIGHT_CLASS,SUPPLIER_ID,PRODUCT_STATUS,LIST_PRICE,MIN_PRICE,CATALOG_URL) values (1769,'GP 800x600','Graphics processor, resolution 800 x 600 pixels. Remarkable value for users requiring great 2D capabilities or general 3D support for advanced applications. Drives incredible performance in highly complex models and frees the customer to focus on the design, instead of the rendering process.',15,1,102050,'orderable',48,null,'http://www.supp-102050.com/cat/hw/p1769.html');
Insert into  PRODUCT_INFORMATION (PRODUCT_ID,PRODUCT_NAME,PRODUCT_DESCRIPTION,CATEGORY_ID,WEIGHT_CLASS,SUPPLIER_ID,PRODUCT_STATUS,LIST_PRICE,MIN_PRICE,CATALOG_URL) values (2049,'MB - S300','PC type motherboard, 300 Series.',15,2,102082,'obsolete',55,47,'http://www.supp-102082.com/cat/hw/p2049.html');
Insert into  PRODUCT_INFORMATION (PRODUCT_ID,PRODUCT_NAME,PRODUCT_DESCRIPTION,CATEGORY_ID,WEIGHT_CLASS,SUPPLIER_ID,PRODUCT_STATUS,LIST_PRICE,MIN_PRICE,CATALOG_URL) values (2751,'MB - S450','PC type motherboard, 450 Series.',15,2,102072,'orderable',66,54,'http://www.supp-102072.com/cat/hw/p2751.html');
Insert into  PRODUCT_INFORMATION (PRODUCT_ID,PRODUCT_NAME,PRODUCT_DESCRIPTION,CATEGORY_ID,WEIGHT_CLASS,SUPPLIER_ID,PRODUCT_STATUS,LIST_PRICE,MIN_PRICE,CATALOG_URL) values (3112,'MB - S500','PC type motherboard, 500 Series.',15,2,102086,'orderable',77,66,'http://www.supp-102086.com/cat/hw/p3112.html');
Insert into  PRODUCT_INFORMATION (PRODUCT_ID,PRODUCT_NAME,PRODUCT_DESCRIPTION,CATEGORY_ID,WEIGHT_CLASS,SUPPLIER_ID,PRODUCT_STATUS,LIST_PRICE,MIN_PRICE,CATALOG_URL) values (2752,'MB - S550','PC type motherboard for the 550 Series.',15,2,102086,'orderable',88,76,'http://www.supp-102086.com/cat/hw/p2752.html');
Insert into  PRODUCT_INFORMATION (PRODUCT_ID,PRODUCT_NAME,PRODUCT_DESCRIPTION,CATEGORY_ID,WEIGHT_CLASS,SUPPLIER_ID,PRODUCT_STATUS,LIST_PRICE,MIN_PRICE,CATALOG_URL) values (2293,'MB - S600','Motherboard, 600 Series.',15,2,102086,'orderable',99,87,'http://www.supp-102086.com/cat/hw/p2293.html');
Insert into  PRODUCT_INFORMATION (PRODUCT_ID,PRODUCT_NAME,PRODUCT_DESCRIPTION,CATEGORY_ID,WEIGHT_CLASS,SUPPLIER_ID,PRODUCT_STATUS,LIST_PRICE,MIN_PRICE,CATALOG_URL) values (3114,'MB - S900/650+','PC motherboard, 900 Series; standard motherboard for all models 650 and up.',15,3,102086,'under development',101,88,'http://www.supp-102086.com/cat/hw/p3114.html');
Insert into  PRODUCT_INFORMATION (PRODUCT_ID,PRODUCT_NAME,PRODUCT_DESCRIPTION,CATEGORY_ID,WEIGHT_CLASS,SUPPLIER_ID,PRODUCT_STATUS,LIST_PRICE,MIN_PRICE,CATALOG_URL) values (3129,'Sound Card STD','Sound Card - standard version, with MIDI interface, line in/out, low impedance microphone input.',15,1,102090,'orderable',46,39,'http://www.supp-102090.com/cat/hw/p3129.html');
Insert into  PRODUCT_INFORMATION (PRODUCT_ID,PRODUCT_NAME,PRODUCT_DESCRIPTION,CATEGORY_ID,WEIGHT_CLASS,SUPPLIER_ID,PRODUCT_STATUS,LIST_PRICE,MIN_PRICE,CATALOG_URL) values (3133,'Video Card /32','Video Card, with 32MB cache memory.',15,2,102076,'orderable',48,41,'http://www.supp-102076.com/cat/hw/p3133.html');
Insert into  PRODUCT_INFORMATION (PRODUCT_ID,PRODUCT_NAME,PRODUCT_DESCRIPTION,CATEGORY_ID,WEIGHT_CLASS,SUPPLIER_ID,PRODUCT_STATUS,LIST_PRICE,MIN_PRICE,CATALOG_URL) values (2308,'Video Card /E32','3-D ELSA Video Card, with 32 MB memory.',15,2,102087,'orderable',58,48,'http://www.supp-102087.com/cat/hw/p2308.html');
Insert into  PRODUCT_INFORMATION (PRODUCT_ID,PRODUCT_NAME,PRODUCT_DESCRIPTION,CATEGORY_ID,WEIGHT_CLASS,SUPPLIER_ID,PRODUCT_STATUS,LIST_PRICE,MIN_PRICE,CATALOG_URL) values (2496,'WSP DA-130','Wide storage processor DA-130 for storage subunits.',15,2,102067,'planned',299,244,'http://www.supp-102067.com/cat/hw/p2496.html');
Insert into  PRODUCT_INFORMATION (PRODUCT_ID,PRODUCT_NAME,PRODUCT_DESCRIPTION,CATEGORY_ID,WEIGHT_CLASS,SUPPLIER_ID,PRODUCT_STATUS,LIST_PRICE,MIN_PRICE,CATALOG_URL) values (2497,'WSP DA-290','Wide storage processor (model DA-290).',15,3,102053,'planned',399,355,'http://www.supp-102053.com/cat/hw/p2497.html');
Insert into  PRODUCT_INFORMATION (PRODUCT_ID,PRODUCT_NAME,PRODUCT_DESCRIPTION,CATEGORY_ID,WEIGHT_CLASS,SUPPLIER_ID,PRODUCT_STATUS,LIST_PRICE,MIN_PRICE,CATALOG_URL) values (3106,'KB 101/EN','Standard PC/AT Enhanced Keyboard (101/102-Key). Input locale: English (US).',16,1,102066,'orderable',48,41,'http://www.supp-102066.com/cat/hw/p3106.html');
Insert into  PRODUCT_INFORMATION (PRODUCT_ID,PRODUCT_NAME,PRODUCT_DESCRIPTION,CATEGORY_ID,WEIGHT_CLASS,SUPPLIER_ID,PRODUCT_STATUS,LIST_PRICE,MIN_PRICE,CATALOG_URL) values (2289,'KB 101/ES','Standard PC/AT Enhanced Keyboard (101/102-Key). Input locale: Spanish.',16,1,102055,'orderable',48,38,'http://www.supp-102055.com/cat/hw/p2289.html');
Insert into  PRODUCT_INFORMATION (PRODUCT_ID,PRODUCT_NAME,PRODUCT_DESCRIPTION,CATEGORY_ID,WEIGHT_CLASS,SUPPLIER_ID,PRODUCT_STATUS,LIST_PRICE,MIN_PRICE,CATALOG_URL) values (3110,'KB 101/FR','Standard PC/AT Enhanced Keyboard (101/102-Key). Input locale: French.',16,1,102055,'orderable',48,39,'http://www.supp-102055.com/cat/hw/p3110.html');
Insert into  PRODUCT_INFORMATION (PRODUCT_ID,PRODUCT_NAME,PRODUCT_DESCRIPTION,CATEGORY_ID,WEIGHT_CLASS,SUPPLIER_ID,PRODUCT_STATUS,LIST_PRICE,MIN_PRICE,CATALOG_URL) values (3108,'KB E/EN','Ergonomic Keyboard with two separate key areas, detachable numeric pad. Key layout: English (US).',16,2,102055,'orderable',78,63,'http://www.supp-102055.com/cat/hw/p3108.html');
Insert into  PRODUCT_INFORMATION (PRODUCT_ID,PRODUCT_NAME,PRODUCT_DESCRIPTION,CATEGORY_ID,WEIGHT_CLASS,SUPPLIER_ID,PRODUCT_STATUS,LIST_PRICE,MIN_PRICE,CATALOG_URL) values (2058,'Mouse +WP','Combination of a mouse and a wrist pad for more comfortable typing and mouse operation.',16,1,102055,'orderable',23,19,'http://www.supp-102055.com/cat/hw/p2058.html');
Insert into  PRODUCT_INFORMATION (PRODUCT_ID,PRODUCT_NAME,PRODUCT_DESCRIPTION,CATEGORY_ID,WEIGHT_CLASS,SUPPLIER_ID,PRODUCT_STATUS,LIST_PRICE,MIN_PRICE,CATALOG_URL) values (2761,'Mouse +WP/CL','Set consisting of a mouse and wrist pad, with corporate logo',16,1,102099,'planned',27,23,'http://www.supp-102099.com/cat/hw/p2761.html');
Insert into  PRODUCT_INFORMATION (PRODUCT_ID,PRODUCT_NAME,PRODUCT_DESCRIPTION,CATEGORY_ID,WEIGHT_CLASS,SUPPLIER_ID,PRODUCT_STATUS,LIST_PRICE,MIN_PRICE,CATALOG_URL) values (3117,'Mouse C/E','Ergonomic, cordless mouse. With track-ball for maximum comfort and ease of use.',16,1,102099,'orderable',41,35,'http://www.supp-102099.com/cat/hw/p3117.html');
Insert into  PRODUCT_INFORMATION (PRODUCT_ID,PRODUCT_NAME,PRODUCT_DESCRIPTION,CATEGORY_ID,WEIGHT_CLASS,SUPPLIER_ID,PRODUCT_STATUS,LIST_PRICE,MIN_PRICE,CATALOG_URL) values (2056,'Mouse Pad /CL','Standard mouse pad, with corporate logo',16,1,102099,'planned',8,6,'http://www.supp-102099.com/cat/hw/p2056.html');
Insert into  PRODUCT_INFORMATION (PRODUCT_ID,PRODUCT_NAME,PRODUCT_DESCRIPTION,CATEGORY_ID,WEIGHT_CLASS,SUPPLIER_ID,PRODUCT_STATUS,LIST_PRICE,MIN_PRICE,CATALOG_URL) values (2211,'Wrist Pad','A foam strip to support your wrists when using a keyboard',16,1,102072,'orderable',4,3,'http://www.supp-102072.com/cat/hw/p2211.html');
Insert into  PRODUCT_INFORMATION (PRODUCT_ID,PRODUCT_NAME,PRODUCT_DESCRIPTION,CATEGORY_ID,WEIGHT_CLASS,SUPPLIER_ID,PRODUCT_STATUS,LIST_PRICE,MIN_PRICE,CATALOG_URL) values (2944,'Wrist Pad /CL','Wrist Pad with corporate logo',16,1,102063,'under development',3,2,'http://www.supp-102063.com/cat/hw/p2944.html');
Insert into  PRODUCT_INFORMATION (PRODUCT_ID,PRODUCT_NAME,PRODUCT_DESCRIPTION,CATEGORY_ID,WEIGHT_CLASS,SUPPLIER_ID,PRODUCT_STATUS,LIST_PRICE,MIN_PRICE,CATALOG_URL) values (1742,'CD-ROM 500/16x','CD drive, read only, speed 16x, maximum capacity 500 MB.',17,1,102052,'orderable',101,81,'http://www.supp-102052.com/cat/hw/p1742.html');
Insert into  PRODUCT_INFORMATION (PRODUCT_ID,PRODUCT_NAME,PRODUCT_DESCRIPTION,CATEGORY_ID,WEIGHT_CLASS,SUPPLIER_ID,PRODUCT_STATUS,LIST_PRICE,MIN_PRICE,CATALOG_URL) values (2402,'CD-ROM 600/E/24x','600 MB external 24x speed CD-ROM drive (read only).',17,2,102052,'orderable',127,113,'http://www.supp-102052.com/cat/hw/p2402.html');
Insert into  PRODUCT_INFORMATION (PRODUCT_ID,PRODUCT_NAME,PRODUCT_DESCRIPTION,CATEGORY_ID,WEIGHT_CLASS,SUPPLIER_ID,PRODUCT_STATUS,LIST_PRICE,MIN_PRICE,CATALOG_URL) values (2403,'CD-ROM 600/I/24x','600 MB internal read only CD-ROM drive, reading speed 24x',17,2,102052,'orderable',117,103,'http://www.supp-102052.com/cat/hw/p2403.html');
Insert into  PRODUCT_INFORMATION (PRODUCT_ID,PRODUCT_NAME,PRODUCT_DESCRIPTION,CATEGORY_ID,WEIGHT_CLASS,SUPPLIER_ID,PRODUCT_STATUS,LIST_PRICE,MIN_PRICE,CATALOG_URL) values (1761,'CD-ROM 600/I/32x','600 MB Internal CD-ROM Drive, speed 32x (read only).',17,2,102052,'under development',134,119,'http://www.supp-102052.com/cat/hw/p1761.html');
Insert into  PRODUCT_INFORMATION (PRODUCT_ID,PRODUCT_NAME,PRODUCT_DESCRIPTION,CATEGORY_ID,WEIGHT_CLASS,SUPPLIER_ID,PRODUCT_STATUS,LIST_PRICE,MIN_PRICE,CATALOG_URL) values (2381,'CD-ROM 8x','CD Writer, read only, speed 8x',17,1,102052,'obsolete',99,82,'http://www.supp-102052.com/cat/hw/p2381.html');
Insert into  PRODUCT_INFORMATION (PRODUCT_ID,PRODUCT_NAME,PRODUCT_DESCRIPTION,CATEGORY_ID,WEIGHT_CLASS,SUPPLIER_ID,PRODUCT_STATUS,LIST_PRICE,MIN_PRICE,CATALOG_URL) values (2424,'CDW 12/24','CD Writer, speed 12x write, 24x read. Warning: will become obsolete very soon; this speed is not high enough anymore, and better alternatives are available for a reasonable price.',17,2,102075,'orderable',221,198,'http://www.supp-102075.com/cat/hw/p2424.html');
Insert into  PRODUCT_INFORMATION (PRODUCT_ID,PRODUCT_NAME,PRODUCT_DESCRIPTION,CATEGORY_ID,WEIGHT_CLASS,SUPPLIER_ID,PRODUCT_STATUS,LIST_PRICE,MIN_PRICE,CATALOG_URL) values (1781,'CDW 20/48/E','CD Writer, read 48x, write 20x',17,2,102060,'orderable',233,206,'http://www.supp-102060.com/cat/hw/p1781.html');
Insert into  PRODUCT_INFORMATION (PRODUCT_ID,PRODUCT_NAME,PRODUCT_DESCRIPTION,CATEGORY_ID,WEIGHT_CLASS,SUPPLIER_ID,PRODUCT_STATUS,LIST_PRICE,MIN_PRICE,CATALOG_URL) values (2264,'CDW 20/48/I','CD-ROM drive: read 20x, write 48x (internal)',17,2,102060,'orderable',223,181,'http://www.supp-102060.com/cat/hw/p2264.html');
Insert into  PRODUCT_INFORMATION (PRODUCT_ID,PRODUCT_NAME,PRODUCT_DESCRIPTION,CATEGORY_ID,WEIGHT_CLASS,SUPPLIER_ID,PRODUCT_STATUS,LIST_PRICE,MIN_PRICE,CATALOG_URL) values (2260,'DFD 1.44/3.5','Dual Floppy Drive - 1.44 MB - 3.5',17,2,102062,'orderable',67,54,'http://www.supp-102062.com/cat/hw/p2260.html');
Insert into  PRODUCT_INFORMATION (PRODUCT_ID,PRODUCT_NAME,PRODUCT_DESCRIPTION,CATEGORY_ID,WEIGHT_CLASS,SUPPLIER_ID,PRODUCT_STATUS,LIST_PRICE,MIN_PRICE,CATALOG_URL) values (2266,'DVD 12x','DVD-ROM drive: speed 12x',17,3,102099,'orderable',333,270,'http://www.supp-102099.com/cat/hw/p2266.html');
Insert into  PRODUCT_INFORMATION (PRODUCT_ID,PRODUCT_NAME,PRODUCT_DESCRIPTION,CATEGORY_ID,WEIGHT_CLASS,SUPPLIER_ID,PRODUCT_STATUS,LIST_PRICE,MIN_PRICE,CATALOG_URL) values (3077,'DVD 8x','DVD - ROM drive, 8x speed. Will probably become obsolete pretty soon...',17,3,102099,'orderable',274,237,'http://www.supp-102099.com/cat/hw/p3077.html');
Insert into  PRODUCT_INFORMATION (PRODUCT_ID,PRODUCT_NAME,PRODUCT_DESCRIPTION,CATEGORY_ID,WEIGHT_CLASS,SUPPLIER_ID,PRODUCT_STATUS,LIST_PRICE,MIN_PRICE,CATALOG_URL) values (2259,'FD 1.44/3.5','Floppy Drive - 1.44 MB High Density capacity - 3.5 inch chassis',17,1,102086,'orderable',39,32,'http://www.supp-102086.com/cat/hw/p2259.html');
Insert into  PRODUCT_INFORMATION (PRODUCT_ID,PRODUCT_NAME,PRODUCT_DESCRIPTION,CATEGORY_ID,WEIGHT_CLASS,SUPPLIER_ID,PRODUCT_STATUS,LIST_PRICE,MIN_PRICE,CATALOG_URL) values (2261,'FD 1.44/3.5/E','Floppy disk drive - 1.44 MB (high density) capacity - 3.5 inch (external)',17,2,102086,'orderable',42,37,'http://www.supp-102086.com/cat/hw/p2261.html');
Insert into  PRODUCT_INFORMATION (PRODUCT_ID,PRODUCT_NAME,PRODUCT_DESCRIPTION,CATEGORY_ID,WEIGHT_CLASS,SUPPLIER_ID,PRODUCT_STATUS,LIST_PRICE,MIN_PRICE,CATALOG_URL) values (3082,'Modem - 56/90/E','Modem - 56kb per second, v.90 PCI Global compliant. External; for power supply 110V.',17,1,102068,'orderable',81,72,'http://www.supp-102068.com/cat/hw/p3082.html');
Insert into  PRODUCT_INFORMATION (PRODUCT_ID,PRODUCT_NAME,PRODUCT_DESCRIPTION,CATEGORY_ID,WEIGHT_CLASS,SUPPLIER_ID,PRODUCT_STATUS,LIST_PRICE,MIN_PRICE,CATALOG_URL) values (2270,'Modem - 56/90/I','Modem - 56kb per second, v.90 PCI Global compliant. Internal, for standard chassis (3.5 inch).',17,1,102068,'orderable',66,56,'http://www.supp-102068.com/cat/hw/p2270.html');
Insert into  PRODUCT_INFORMATION (PRODUCT_ID,PRODUCT_NAME,PRODUCT_DESCRIPTION,CATEGORY_ID,WEIGHT_CLASS,SUPPLIER_ID,PRODUCT_STATUS,LIST_PRICE,MIN_PRICE,CATALOG_URL) values (2268,'Modem - 56/H/E','Standard Hayes compatible modem - 56kb per second, external. Power supply: 220V.',17,1,102068,'obsolete',77,67,'http://www.supp-102068.com/cat/hw/p2268.html');
Insert into  PRODUCT_INFORMATION (PRODUCT_ID,PRODUCT_NAME,PRODUCT_DESCRIPTION,CATEGORY_ID,WEIGHT_CLASS,SUPPLIER_ID,PRODUCT_STATUS,LIST_PRICE,MIN_PRICE,CATALOG_URL) values (3083,'Modem - 56/H/I','Standard Hayes modem - 56kb per second, internal, for  standard 3.5 inch chassis.',17,1,102068,'orderable',67,56,'http://www.supp-102068.com/cat/hw/p3083.html');
Insert into  PRODUCT_INFORMATION (PRODUCT_ID,PRODUCT_NAME,PRODUCT_DESCRIPTION,CATEGORY_ID,WEIGHT_CLASS,SUPPLIER_ID,PRODUCT_STATUS,LIST_PRICE,MIN_PRICE,CATALOG_URL) values (2374,'Modem - C/100','DOCSIS/EURODOCSIS 1.0/1.1-compliant external cable modem',17,2,102064,'orderable',65,54,'http://www.supp-102064.com/cat/hw/p2374.html');
Insert into  PRODUCT_INFORMATION (PRODUCT_ID,PRODUCT_NAME,PRODUCT_DESCRIPTION,CATEGORY_ID,WEIGHT_CLASS,SUPPLIER_ID,PRODUCT_STATUS,LIST_PRICE,MIN_PRICE,CATALOG_URL) values (1740,'TD 12GB/DAT','Tape drive - 12 gigabyte capacity, DAT format.',17,2,102075,'orderable',134,111,'http://www.supp-102075.com/cat/hw/p1740.html');
Insert into  PRODUCT_INFORMATION (PRODUCT_ID,PRODUCT_NAME,PRODUCT_DESCRIPTION,CATEGORY_ID,WEIGHT_CLASS,SUPPLIER_ID,PRODUCT_STATUS,LIST_PRICE,MIN_PRICE,CATALOG_URL) values (2409,'TD 7GB/8','Tape drive, 7GB capacity, 8mm cartridge tape.',17,2,102054,'orderable',210,177,'http://www.supp-102054.com/cat/hw/p2409.html');
Insert into  PRODUCT_INFORMATION (PRODUCT_ID,PRODUCT_NAME,PRODUCT_DESCRIPTION,CATEGORY_ID,WEIGHT_CLASS,SUPPLIER_ID,PRODUCT_STATUS,LIST_PRICE,MIN_PRICE,CATALOG_URL) values (2262,'ZIP 100','ZIP Drive, 100 MB capacity (external) plus cable for parallel port connection',17,2,102054,'orderable',98,81,'http://www.supp-102054.com/cat/hw/p2262.html');
Insert into  PRODUCT_INFORMATION (PRODUCT_ID,PRODUCT_NAME,PRODUCT_DESCRIPTION,CATEGORY_ID,WEIGHT_CLASS,SUPPLIER_ID,PRODUCT_STATUS,LIST_PRICE,MIN_PRICE,CATALOG_URL) values (2522,'Battery - EL','Extended life battery, for laptop computers',19,2,102078,'orderable',44,39,'http://www.supp-102078.com/cat/hw/p2522.html');
Insert into  PRODUCT_INFORMATION (PRODUCT_ID,PRODUCT_NAME,PRODUCT_DESCRIPTION,CATEGORY_ID,WEIGHT_CLASS,SUPPLIER_ID,PRODUCT_STATUS,LIST_PRICE,MIN_PRICE,CATALOG_URL) values (2278,'Battery - NiHM','Rechargeable NiHM battery for laptop computers',19,1,102078,'orderable',55,48,'http://www.supp-102078.com/cat/hw/p2278.html');
Insert into  PRODUCT_INFORMATION (PRODUCT_ID,PRODUCT_NAME,PRODUCT_DESCRIPTION,CATEGORY_ID,WEIGHT_CLASS,SUPPLIER_ID,PRODUCT_STATUS,LIST_PRICE,MIN_PRICE,CATALOG_URL) values (2418,'Battery Backup (DA-130)','Single-battery charger with LED indicators',19,1,102074,'orderable',61,52,'http://www.supp-102074.com/cat/hw/p2418.html');
Insert into  PRODUCT_INFORMATION (PRODUCT_ID,PRODUCT_NAME,PRODUCT_DESCRIPTION,CATEGORY_ID,WEIGHT_CLASS,SUPPLIER_ID,PRODUCT_STATUS,LIST_PRICE,MIN_PRICE,CATALOG_URL) values (2419,'Battery Backup (DA-290)','Two-battery charger with LED indicators',19,1,102074,'orderable',72,60,'http://www.supp-102074.com/cat/hw/p2419.html');
Insert into  PRODUCT_INFORMATION (PRODUCT_ID,PRODUCT_NAME,PRODUCT_DESCRIPTION,CATEGORY_ID,WEIGHT_CLASS,SUPPLIER_ID,PRODUCT_STATUS,LIST_PRICE,MIN_PRICE,CATALOG_URL) values (3097,'Cable Connector - 32R','Cable Connector - 32 pin ribbon',19,1,102055,'orderable',3,2,'http://www.supp-102055.com/cat/hw/p3097.html');
commit;
Insert into  PRODUCT_INFORMATION (PRODUCT_ID,PRODUCT_NAME,PRODUCT_DESCRIPTION,CATEGORY_ID,WEIGHT_CLASS,SUPPLIER_ID,PRODUCT_STATUS,LIST_PRICE,MIN_PRICE,CATALOG_URL) values (3099,'Cable Harness','Cable harness to organize and bundle computer wiring',19,1,102055,'orderable',4,3,'http://www.supp-102055.com/cat/hw/p3099.html');
Insert into  PRODUCT_INFORMATION (PRODUCT_ID,PRODUCT_NAME,PRODUCT_DESCRIPTION,CATEGORY_ID,WEIGHT_CLASS,SUPPLIER_ID,PRODUCT_STATUS,LIST_PRICE,MIN_PRICE,CATALOG_URL) values (2380,'Cable PR/15/P','15 foot parallel printer cable',19,2,102055,'orderable',6,5,'http://www.supp-102055.com/cat/hw/p2380.html');
Insert into  PRODUCT_INFORMATION (PRODUCT_ID,PRODUCT_NAME,PRODUCT_DESCRIPTION,CATEGORY_ID,WEIGHT_CLASS,SUPPLIER_ID,PRODUCT_STATUS,LIST_PRICE,MIN_PRICE,CATALOG_URL) values (2408,'Cable PR/P/6','Standard Centronics 6ft printer cable, parallel port',19,1,102055,'orderable',4,3,'http://www.supp-102055.com/cat/hw/p2408.html');
Insert into  PRODUCT_INFORMATION (PRODUCT_ID,PRODUCT_NAME,PRODUCT_DESCRIPTION,CATEGORY_ID,WEIGHT_CLASS,SUPPLIER_ID,PRODUCT_STATUS,LIST_PRICE,MIN_PRICE,CATALOG_URL) values (2457,'Cable PR/S/6','Standard RS232 serial printer cable, 6 feet',19,1,102055,'orderable',5,4,'http://www.supp-102055.com/cat/hw/p2457.html');
Insert into  PRODUCT_INFORMATION (PRODUCT_ID,PRODUCT_NAME,PRODUCT_DESCRIPTION,CATEGORY_ID,WEIGHT_CLASS,SUPPLIER_ID,PRODUCT_STATUS,LIST_PRICE,MIN_PRICE,CATALOG_URL) values (2373,'Cable RS232 10/AF','10 ft RS232 cable with F/F and 9F/25F adapters',19,2,102055,'orderable',6,4,'http://www.supp-102055.com/cat/hw/p2373.html');
Insert into  PRODUCT_INFORMATION (PRODUCT_ID,PRODUCT_NAME,PRODUCT_DESCRIPTION,CATEGORY_ID,WEIGHT_CLASS,SUPPLIER_ID,PRODUCT_STATUS,LIST_PRICE,MIN_PRICE,CATALOG_URL) values (1734,'Cable RS232 10/AM','10 ft RS232 cable with M/M and 9M/25M adapters',19,2,102055,'orderable',6,5,'http://www.supp-102055.com/cat/hw/p1734.html');
Insert into  PRODUCT_INFORMATION (PRODUCT_ID,PRODUCT_NAME,PRODUCT_DESCRIPTION,CATEGORY_ID,WEIGHT_CLASS,SUPPLIER_ID,PRODUCT_STATUS,LIST_PRICE,MIN_PRICE,CATALOG_URL) values (1737,'Cable SCSI 10/FW/ADS','10ft SCSI2 F/W Adapt to DSxx0 Cable',19,2,102095,'orderable',8,6,'http://www.supp-102095.com/cat/hw/p1737.html');
Insert into  PRODUCT_INFORMATION (PRODUCT_ID,PRODUCT_NAME,PRODUCT_DESCRIPTION,CATEGORY_ID,WEIGHT_CLASS,SUPPLIER_ID,PRODUCT_STATUS,LIST_PRICE,MIN_PRICE,CATALOG_URL) values (1745,'Cable SCSI 20/WD->D','20ft SCSI2 Wide Disk Store to Disk Store Cable',19,2,102095,'orderable',9,7,'http://www.supp-102095.com/cat/hw/p1745.html');
Insert into  PRODUCT_INFORMATION (PRODUCT_ID,PRODUCT_NAME,PRODUCT_DESCRIPTION,CATEGORY_ID,WEIGHT_CLASS,SUPPLIER_ID,PRODUCT_STATUS,LIST_PRICE,MIN_PRICE,CATALOG_URL) values (2982,'Drive Mount - A','Drive Mount assembly kit',19,2,102057,'orderable',44,35,'http://www.supp-102057.com/cat/hw/p2982.html');
Insert into  PRODUCT_INFORMATION (PRODUCT_ID,PRODUCT_NAME,PRODUCT_DESCRIPTION,CATEGORY_ID,WEIGHT_CLASS,SUPPLIER_ID,PRODUCT_STATUS,LIST_PRICE,MIN_PRICE,CATALOG_URL) values (3277,'Drive Mount - A/T','Drive Mount assembly kit for tower PC',19,2,102057,'orderable',36,29,'http://www.supp-102057.com/cat/hw/p3277.html');
Insert into  PRODUCT_INFORMATION (PRODUCT_ID,PRODUCT_NAME,PRODUCT_DESCRIPTION,CATEGORY_ID,WEIGHT_CLASS,SUPPLIER_ID,PRODUCT_STATUS,LIST_PRICE,MIN_PRICE,CATALOG_URL) values (2976,'Drive Mount - D','Drive Mount for desktop PC',19,2,102057,'orderable',52,44,'http://www.supp-102057.com/cat/hw/p2976.html');
Insert into  PRODUCT_INFORMATION (PRODUCT_ID,PRODUCT_NAME,PRODUCT_DESCRIPTION,CATEGORY_ID,WEIGHT_CLASS,SUPPLIER_ID,PRODUCT_STATUS,LIST_PRICE,MIN_PRICE,CATALOG_URL) values (3204,'Envoy DS','Envoy Docking Station',19,3,102060,'orderable',126,107,'http://www.supp-102060.com/cat/hw/p3204.html');
Insert into  PRODUCT_INFORMATION (PRODUCT_ID,PRODUCT_NAME,PRODUCT_DESCRIPTION,CATEGORY_ID,WEIGHT_CLASS,SUPPLIER_ID,PRODUCT_STATUS,LIST_PRICE,MIN_PRICE,CATALOG_URL) values (2638,'Envoy DS/E','Enhanced Envoy Docking Station',19,3,102060,'orderable',137,111,'http://www.supp-102060.com/cat/hw/p2638.html');
Insert into  PRODUCT_INFORMATION (PRODUCT_ID,PRODUCT_NAME,PRODUCT_DESCRIPTION,CATEGORY_ID,WEIGHT_CLASS,SUPPLIER_ID,PRODUCT_STATUS,LIST_PRICE,MIN_PRICE,CATALOG_URL) values (3020,'Envoy IC','Envoy Internet Computer, Plug&Play',19,4,102060,'orderable',449,366,'http://www.supp-102060.com/cat/hw/p3020.html');
Insert into  PRODUCT_INFORMATION (PRODUCT_ID,PRODUCT_NAME,PRODUCT_DESCRIPTION,CATEGORY_ID,WEIGHT_CLASS,SUPPLIER_ID,PRODUCT_STATUS,LIST_PRICE,MIN_PRICE,CATALOG_URL) values (1948,'Envoy IC/58','Internet computer with built-in 58K modem',19,4,102060,'orderable',498,428,'http://www.supp-102060.com/cat/hw/p1948.html');
Insert into  PRODUCT_INFORMATION (PRODUCT_ID,PRODUCT_NAME,PRODUCT_DESCRIPTION,CATEGORY_ID,WEIGHT_CLASS,SUPPLIER_ID,PRODUCT_STATUS,LIST_PRICE,MIN_PRICE,CATALOG_URL) values (3003,'Laptop 128/12/56/v90/110','Envoy Laptop, 128MB memory, 12GB hard disk, v90 modem, 110V power supply.',19,4,102060,'orderable',3219,2606,'http://www.supp-102060.com/cat/hw/p3003.html');
Insert into  PRODUCT_INFORMATION (PRODUCT_ID,PRODUCT_NAME,PRODUCT_DESCRIPTION,CATEGORY_ID,WEIGHT_CLASS,SUPPLIER_ID,PRODUCT_STATUS,LIST_PRICE,MIN_PRICE,CATALOG_URL) values (2999,'Laptop 16/8/110','Envoy Laptop, 16MB memory, 8GB hard disk, 110V power supply (US only).',19,3,102060,'obsolete',999,800,'http://www.supp-102060.com/cat/hw/p2999.html');
Insert into  PRODUCT_INFORMATION (PRODUCT_ID,PRODUCT_NAME,PRODUCT_DESCRIPTION,CATEGORY_ID,WEIGHT_CLASS,SUPPLIER_ID,PRODUCT_STATUS,LIST_PRICE,MIN_PRICE,CATALOG_URL) values (3000,'Laptop 32/10/56','Envoy Laptop, 32MB memory, 10GB hard disk, 56K Modem, universal power supply (switchable).',19,4,102060,'orderable',1749,1542,'http://www.supp-102060.com/cat/hw/p3000.html');
Insert into  PRODUCT_INFORMATION (PRODUCT_ID,PRODUCT_NAME,PRODUCT_DESCRIPTION,CATEGORY_ID,WEIGHT_CLASS,SUPPLIER_ID,PRODUCT_STATUS,LIST_PRICE,MIN_PRICE,CATALOG_URL) values (3001,'Laptop 48/10/56/110','Envoy Laptop, 48MB memory, 10GB hard disk, 56K modem, 110V power supply.',19,4,102060,'obsolete',2556,2073,'http://www.supp-102060.com/cat/hw/p3001.html');
Insert into  PRODUCT_INFORMATION (PRODUCT_ID,PRODUCT_NAME,PRODUCT_DESCRIPTION,CATEGORY_ID,WEIGHT_CLASS,SUPPLIER_ID,PRODUCT_STATUS,LIST_PRICE,MIN_PRICE,CATALOG_URL) values (3004,'Laptop 64/10/56/220','Envoy Laptop, 64MB memory, 10GB hard disk, 56K modem, 220V power supply.',19,4,102060,'orderable',2768,2275,'http://www.supp-102060.com/cat/hw/p3004.html');
Insert into  PRODUCT_INFORMATION (PRODUCT_ID,PRODUCT_NAME,PRODUCT_DESCRIPTION,CATEGORY_ID,WEIGHT_CLASS,SUPPLIER_ID,PRODUCT_STATUS,LIST_PRICE,MIN_PRICE,CATALOG_URL) values (3391,'PS 110/220','Power Supply - switchable, 110V/220V',19,2,102062,'orderable',85,75,'http://www.supp-102062.com/cat/hw/p3391.html');
Insert into  PRODUCT_INFORMATION (PRODUCT_ID,PRODUCT_NAME,PRODUCT_DESCRIPTION,CATEGORY_ID,WEIGHT_CLASS,SUPPLIER_ID,PRODUCT_STATUS,LIST_PRICE,MIN_PRICE,CATALOG_URL) values (3124,'PS 110V /T','Power supply for tower PC, 110V',19,2,102062,'orderable',84,70,'http://www.supp-102062.com/cat/hw/p3124.html');
Insert into  PRODUCT_INFORMATION (PRODUCT_ID,PRODUCT_NAME,PRODUCT_DESCRIPTION,CATEGORY_ID,WEIGHT_CLASS,SUPPLIER_ID,PRODUCT_STATUS,LIST_PRICE,MIN_PRICE,CATALOG_URL) values (1738,'PS 110V /US','110 V Power Supply - US compatible',19,2,102062,'orderable',86,70,'http://www.supp-102062.com/cat/hw/p1738.html');
Insert into  PRODUCT_INFORMATION (PRODUCT_ID,PRODUCT_NAME,PRODUCT_DESCRIPTION,CATEGORY_ID,WEIGHT_CLASS,SUPPLIER_ID,PRODUCT_STATUS,LIST_PRICE,MIN_PRICE,CATALOG_URL) values (2377,'PS 110V HS/US','110 V hot swappable power supply - US compatible',19,2,102062,'orderable',97,82,'http://www.supp-102062.com/cat/hw/p2377.html');
Insert into  PRODUCT_INFORMATION (PRODUCT_ID,PRODUCT_NAME,PRODUCT_DESCRIPTION,CATEGORY_ID,WEIGHT_CLASS,SUPPLIER_ID,PRODUCT_STATUS,LIST_PRICE,MIN_PRICE,CATALOG_URL) values (2299,'PS 12V /P','Power Supply - 12v portable',19,2,102062,'orderable',76,64,'http://www.supp-102062.com/cat/hw/p2299.html');
Insert into  PRODUCT_INFORMATION (PRODUCT_ID,PRODUCT_NAME,PRODUCT_DESCRIPTION,CATEGORY_ID,WEIGHT_CLASS,SUPPLIER_ID,PRODUCT_STATUS,LIST_PRICE,MIN_PRICE,CATALOG_URL) values (3123,'PS 220V /D','Standard power supply, 220V, for desktop computers.',19,2,102062,'orderable',81,65,'http://www.supp-102062.com/cat/hw/p3123.html');
Insert into  PRODUCT_INFORMATION (PRODUCT_ID,PRODUCT_NAME,PRODUCT_DESCRIPTION,CATEGORY_ID,WEIGHT_CLASS,SUPPLIER_ID,PRODUCT_STATUS,LIST_PRICE,MIN_PRICE,CATALOG_URL) values (1748,'PS 220V /EUR','220 Volt Power supply type - Europe',19,2,102053,'orderable',83,70,'http://www.supp-102053.com/cat/hw/p1748.html');
Insert into  PRODUCT_INFORMATION (PRODUCT_ID,PRODUCT_NAME,PRODUCT_DESCRIPTION,CATEGORY_ID,WEIGHT_CLASS,SUPPLIER_ID,PRODUCT_STATUS,LIST_PRICE,MIN_PRICE,CATALOG_URL) values (2387,'PS 220V /FR','220V Power supply type - France',19,2,102053,'orderable',83,66,'http://www.supp-102053.com/cat/hw/p2387.html');
Insert into  PRODUCT_INFORMATION (PRODUCT_ID,PRODUCT_NAME,PRODUCT_DESCRIPTION,CATEGORY_ID,WEIGHT_CLASS,SUPPLIER_ID,PRODUCT_STATUS,LIST_PRICE,MIN_PRICE,CATALOG_URL) values (2370,'PS 220V /HS/FR','220V hot swappable power supply, for France.',19,2,102053,'orderable',91,75,'http://www.supp-102053.com/cat/hw/p2370.html');
Insert into  PRODUCT_INFORMATION (PRODUCT_ID,PRODUCT_NAME,PRODUCT_DESCRIPTION,CATEGORY_ID,WEIGHT_CLASS,SUPPLIER_ID,PRODUCT_STATUS,LIST_PRICE,MIN_PRICE,CATALOG_URL) values (2311,'PS 220V /L','Power supply for laptop computers, 220V',19,2,102053,'orderable',95,79,'http://www.supp-102053.com/cat/hw/p2311.html');
Insert into  PRODUCT_INFORMATION (PRODUCT_ID,PRODUCT_NAME,PRODUCT_DESCRIPTION,CATEGORY_ID,WEIGHT_CLASS,SUPPLIER_ID,PRODUCT_STATUS,LIST_PRICE,MIN_PRICE,CATALOG_URL) values (1733,'PS 220V /UK','220V Power supply type - United Kingdom',19,2,102080,'orderable',89,76,'http://www.supp-102080.com/cat/hw/p1733.html');
Insert into  PRODUCT_INFORMATION (PRODUCT_ID,PRODUCT_NAME,PRODUCT_DESCRIPTION,CATEGORY_ID,WEIGHT_CLASS,SUPPLIER_ID,PRODUCT_STATUS,LIST_PRICE,MIN_PRICE,CATALOG_URL) values (2878,'Router - ASR/2W','Special ALS Router - Approved Supplier required item with 2-way match',19,3,102063,'orderable',345,305,'http://www.supp-102063.com/cat/hw/p2878.html');
Insert into  PRODUCT_INFORMATION (PRODUCT_ID,PRODUCT_NAME,PRODUCT_DESCRIPTION,CATEGORY_ID,WEIGHT_CLASS,SUPPLIER_ID,PRODUCT_STATUS,LIST_PRICE,MIN_PRICE,CATALOG_URL) values (2879,'Router - ASR/3W','Special ALS Router - Approved Supplier required item with 3-way match',19,3,102063,'orderable',456,384,'http://www.supp-102063.com/cat/hw/p2879.html');
Insert into  PRODUCT_INFORMATION (PRODUCT_ID,PRODUCT_NAME,PRODUCT_DESCRIPTION,CATEGORY_ID,WEIGHT_CLASS,SUPPLIER_ID,PRODUCT_STATUS,LIST_PRICE,MIN_PRICE,CATALOG_URL) values (2152,'Router - DTMF4','DTMF 4 port router',19,3,102063,'obsolete',231,191,'http://www.supp-102063.com/cat/hw/p2152.html');
Insert into  PRODUCT_INFORMATION (PRODUCT_ID,PRODUCT_NAME,PRODUCT_DESCRIPTION,CATEGORY_ID,WEIGHT_CLASS,SUPPLIER_ID,PRODUCT_STATUS,LIST_PRICE,MIN_PRICE,CATALOG_URL) values (3301,'Screws <B.28.P>','Screws: Brass, size 28mm, Phillips head. Plastic box, contents 500.',19,2,102071,'orderable',15,12,'http://www.supp-102071.com/cat/hw/p3301.html');
Insert into  PRODUCT_INFORMATION (PRODUCT_ID,PRODUCT_NAME,PRODUCT_DESCRIPTION,CATEGORY_ID,WEIGHT_CLASS,SUPPLIER_ID,PRODUCT_STATUS,LIST_PRICE,MIN_PRICE,CATALOG_URL) values (3143,'Screws <B.28.S>','Screws: Brass, size 28mm, straight. Plastic box, contents 500.',19,2,102071,'orderable',16,13,'http://www.supp-102071.com/cat/hw/p3143.html');
Insert into  PRODUCT_INFORMATION (PRODUCT_ID,PRODUCT_NAME,PRODUCT_DESCRIPTION,CATEGORY_ID,WEIGHT_CLASS,SUPPLIER_ID,PRODUCT_STATUS,LIST_PRICE,MIN_PRICE,CATALOG_URL) values (2323,'Screws <B.32.P>','Screws: Brass, size 32mm, Phillips head. Plastic box, contents 400.',19,3,102071,'orderable',18,14,'http://www.supp-102071.com/cat/hw/p2323.html');
Insert into  PRODUCT_INFORMATION (PRODUCT_ID,PRODUCT_NAME,PRODUCT_DESCRIPTION,CATEGORY_ID,WEIGHT_CLASS,SUPPLIER_ID,PRODUCT_STATUS,LIST_PRICE,MIN_PRICE,CATALOG_URL) values (1726,'LCD Monitor 11/PM','Liquid Cristal Display 11 inch passive monitor. The virtually-flat, high-resolution screen delivers outstanding image quality with reduced glare.',11,3,102067,'under development',259,208,'http://www.www.supp-102067.com/cat/hw/p1726.html');
Insert into  PRODUCT_INFORMATION (PRODUCT_ID,PRODUCT_NAME,PRODUCT_DESCRIPTION,CATEGORY_ID,WEIGHT_CLASS,SUPPLIER_ID,PRODUCT_STATUS,LIST_PRICE,MIN_PRICE,CATALOG_URL) values (2359,'LCD Monitor 9/PM','Liquid Cristal Display 9 inch passive monitor. Enjoy the productivity that a small monitor can bring via more workspace on your desk. Easy setup with plug-and-play compatibility.',11,3,102061,'orderable',249,206,'http://www.www.supp-102061.com/cat/hw/p2359.html');
Insert into  PRODUCT_INFORMATION (PRODUCT_ID,PRODUCT_NAME,PRODUCT_DESCRIPTION,CATEGORY_ID,WEIGHT_CLASS,SUPPLIER_ID,PRODUCT_STATUS,LIST_PRICE,MIN_PRICE,CATALOG_URL) values (3060,'Monitor 17/HR','CRT Monitor 17 inch (16 viewable) high resolution. Exceptional image performance and the benefit of additional screen space. This monitor offers sharp, color-rich monitor performance at an incredible value. With a host of leading features, including on-screen display controls.',11,4,102081,'orderable',299,250,'http://www.supp-102081.com/cat/hw/p3060.html');
Insert into  PRODUCT_INFORMATION (PRODUCT_ID,PRODUCT_NAME,PRODUCT_DESCRIPTION,CATEGORY_ID,WEIGHT_CLASS,SUPPLIER_ID,PRODUCT_STATUS,LIST_PRICE,MIN_PRICE,CATALOG_URL) values (2243,'Monitor 17/HR/F','Monitor 17 inch (16 viewable) high resolution, flat screen. High density photon gun with Enhanced Elliptical Correction System for more consistent, accurate focus across the screen, even in the corners.',11,4,102060,'orderable',350,302,'http://www.supp-102060.com/cat/hw/p2243.html');
Insert into  PRODUCT_INFORMATION (PRODUCT_ID,PRODUCT_NAME,PRODUCT_DESCRIPTION,CATEGORY_ID,WEIGHT_CLASS,SUPPLIER_ID,PRODUCT_STATUS,LIST_PRICE,MIN_PRICE,CATALOG_URL) values (3057,'Monitor 17/SD','CRT Monitor 17 inch (16 viewable) short depth. Delivers outstanding image clarity and precision. Gives professional color, technical engineering, and visualization/animation users the color fidelity they demand, plus a large desktop for enhanced productivity.',11,4,102055,'orderable',369,320,'http://www.supp-102055.com/cat/hw/p3057.html');
Insert into  PRODUCT_INFORMATION (PRODUCT_ID,PRODUCT_NAME,PRODUCT_DESCRIPTION,CATEGORY_ID,WEIGHT_CLASS,SUPPLIER_ID,PRODUCT_STATUS,LIST_PRICE,MIN_PRICE,CATALOG_URL) values (3061,'Monitor 19/SD','CRT Monitor 19 inch (18 viewable) short depth. High-contrast black screen coating: produces superior contrast and grayscale performance. The newly designed, amplified professional speakers with dynamic bass response bring all of your multimedia audio experiences to life with crisp, true-to-life sound and rich, deep bass tones. Plus, color-coded cables, simple plug-and-play setup and digital on-screen controls mean you are ready to set your sights on outrageous multimedia and the incredible Internet in just minutes.',11,5,102094,'orderable',499,437,'http://www.supp-102094.com/cat/hw/p3061.html');
Insert into  PRODUCT_INFORMATION (PRODUCT_ID,PRODUCT_NAME,PRODUCT_DESCRIPTION,CATEGORY_ID,WEIGHT_CLASS,SUPPLIER_ID,PRODUCT_STATUS,LIST_PRICE,MIN_PRICE,CATALOG_URL) values (2245,'Monitor 19/SD/M','Monitor 19 (18 Viewable) short depth, Monochrome. Outstanding image performance in a compact design. A simple, on-screen dislay menu helps you easily adjust screen dimensions, colors and image attributes. Just plug your monitor into your PC and you are ready to go.',11,5,102053,'orderable',512,420,'http://www.supp-102053.com/cat/hw/p2245.html');
Insert into  PRODUCT_INFORMATION (PRODUCT_ID,PRODUCT_NAME,PRODUCT_DESCRIPTION,CATEGORY_ID,WEIGHT_CLASS,SUPPLIER_ID,PRODUCT_STATUS,LIST_PRICE,MIN_PRICE,CATALOG_URL) values (3065,'Monitor 21/D','CRT Monitor 21 inch (20 viewable). Digital OptiScan technology: supports resolutions up to 1600 x 1200 at 75Hz. Dimensions (HxWxD): 8.3 x 18.5 x 15 inch. The detachable or attachable monitor-powered Platinum Series speakers offer crisp sound and the convenience of a digital audio player jack. Just plug in your digital audio player and listen to tunes without powering up your PC.',11,5,102051,'orderable',999,875,'http://www.supp-102051.com/cat/hw/p3065.html');
Insert into  PRODUCT_INFORMATION (PRODUCT_ID,PRODUCT_NAME,PRODUCT_DESCRIPTION,CATEGORY_ID,WEIGHT_CLASS,SUPPLIER_ID,PRODUCT_STATUS,LIST_PRICE,MIN_PRICE,CATALOG_URL) values (3331,'Monitor 21/HR','21 inch monitor (20 inch viewable) high resolution. This monitor is ideal for business, desktop publishing, and graphics-intensive applications. Enjoy the productivity that a large monitor can bring via more workspace for running applications.',11,5,102083,'orderable',879,785,'http://www.supp-102083.com/cat/hw/p3331.html');
Insert into  PRODUCT_INFORMATION (PRODUCT_ID,PRODUCT_NAME,PRODUCT_DESCRIPTION,CATEGORY_ID,WEIGHT_CLASS,SUPPLIER_ID,PRODUCT_STATUS,LIST_PRICE,MIN_PRICE,CATALOG_URL) values (2252,'Monitor 21/HR/M','Monitor 21 inch (20 viewable) high resolution, monochrome. Unit size: 35.6 x 29.6 x 33.3 cm (14.6 kg) Package: 40.53 x 31.24 x 35.39 cm (16.5 kg). Horizontal frequency 31.5 - 54 kHz, Vertical frequency 50 - 120 Hz. Universal power supply 90 - 132 V, 50 - 60 Hz.',11,5,102079,'obsolete',889,717,'http://www.supp-102079.com/cat/hw/p2252.html');
Insert into  PRODUCT_INFORMATION (PRODUCT_ID,PRODUCT_NAME,PRODUCT_DESCRIPTION,CATEGORY_ID,WEIGHT_CLASS,SUPPLIER_ID,PRODUCT_STATUS,LIST_PRICE,MIN_PRICE,CATALOG_URL) values (3064,'Monitor 21/SD','Monitor 21 inch (20 viewable) short depth. Features include a 0.25-0.28 Aperture Grille Pitch, resolution support up to 1920 x 1200 at 76Hz, on-screen displays, and a conductive anti-reflective film coating.',11,5,102096,'planned',1023,909,'http://www.supp-102096.com/cat/hw/p3064.html');
Insert into  PRODUCT_INFORMATION (PRODUCT_ID,PRODUCT_NAME,PRODUCT_DESCRIPTION,CATEGORY_ID,WEIGHT_CLASS,SUPPLIER_ID,PRODUCT_STATUS,LIST_PRICE,MIN_PRICE,CATALOG_URL) values (3155,'Monitor Hinge - HD','Monitor Hinge, heavy duty, maximum monitor weight 30 kg',11,4,102092,'orderable',49,42,'http://www.supp-102092.com/cat/hw/p3155.html');
Insert into  PRODUCT_INFORMATION (PRODUCT_ID,PRODUCT_NAME,PRODUCT_DESCRIPTION,CATEGORY_ID,WEIGHT_CLASS,SUPPLIER_ID,PRODUCT_STATUS,LIST_PRICE,MIN_PRICE,CATALOG_URL) values (3234,'Monitor Hinge - STD','Standard Monitor Hinge, maximum monitor weight 10 kg',11,3,102072,'orderable',39,34,'http://www.supp-102072.com/cat/hw/p3234.html');
Insert into  PRODUCT_INFORMATION (PRODUCT_ID,PRODUCT_NAME,PRODUCT_DESCRIPTION,CATEGORY_ID,WEIGHT_CLASS,SUPPLIER_ID,PRODUCT_STATUS,LIST_PRICE,MIN_PRICE,CATALOG_URL) values (3350,'Plasma Monitor 10/LE/VGA','10 inch low energy plasma monitor, VGA resolution',11,3,102068,'orderable',740,630,'http://www.supp-102068.com/cat/hw/p3350.html');
Insert into  PRODUCT_INFORMATION (PRODUCT_ID,PRODUCT_NAME,PRODUCT_DESCRIPTION,CATEGORY_ID,WEIGHT_CLASS,SUPPLIER_ID,PRODUCT_STATUS,LIST_PRICE,MIN_PRICE,CATALOG_URL) values (2236,'Plasma Monitor 10/TFT/XGA','10 inch TFT XGA flatscreen monitor for laptop computers',11,3,102090,'under development',964,863,'http://www.supp-102090.com/cat/hw/p2236.html');
Insert into  PRODUCT_INFORMATION (PRODUCT_ID,PRODUCT_NAME,PRODUCT_DESCRIPTION,CATEGORY_ID,WEIGHT_CLASS,SUPPLIER_ID,PRODUCT_STATUS,LIST_PRICE,MIN_PRICE,CATALOG_URL) values (3054,'Plasma Monitor 10/XGA','10 inch standard plasma monitor, XGA resolution. This virtually-flat, high-resolution screen delivers outstanding image quality with reduced glare.',11,3,102060,'orderable',600,519,'http://www.supp-102060.com/cat/hw/p3054.html');
Insert into  PRODUCT_INFORMATION (PRODUCT_ID,PRODUCT_NAME,PRODUCT_DESCRIPTION,CATEGORY_ID,WEIGHT_CLASS,SUPPLIER_ID,PRODUCT_STATUS,LIST_PRICE,MIN_PRICE,CATALOG_URL) values (1782,'Compact 400/DQ','400 characters per second high-speed draft printer. Dimensions (HxWxD): 17.34 x 24.26 x 26.32 inch. Interface: RS-232 serial (9-pin), no expansion slots. Paper size: A4, US Letter.',12,4,102088,'obsolete',125,108,'http://www.supp-102088.com/cat/hw/p1782.html');
Insert into  PRODUCT_INFORMATION (PRODUCT_ID,PRODUCT_NAME,PRODUCT_DESCRIPTION,CATEGORY_ID,WEIGHT_CLASS,SUPPLIER_ID,PRODUCT_STATUS,LIST_PRICE,MIN_PRICE,CATALOG_URL) values (2430,'Compact 400/LQ','400 characters per second high-speed letter-quality printer. Dimensions (HxWxD): 12.37 x 27.96 x 23.92 inch. Interface: RS-232 serial (25-pin), 3 expansion slots. Paper size: A2, A3, A4.',12,4,102087,'orderable',175,143,'http://www.supp-102087.com/cat/hw/p2430.html');
Insert into  PRODUCT_INFORMATION (PRODUCT_ID,PRODUCT_NAME,PRODUCT_DESCRIPTION,CATEGORY_ID,WEIGHT_CLASS,SUPPLIER_ID,PRODUCT_STATUS,LIST_PRICE,MIN_PRICE,CATALOG_URL) values (1792,'Industrial 600/DQ','Wide carriage color capability 600 characters per second high-speed draft printer. Dimensions (HxWxD): 22.31 x 25.73 x 20.12 inch. Paper size: 3x5 inch to 11x17 inch full bleed wide format.',12,4,102088,'orderable',225,180,'http://www.supp-102088.com/cat/hw/p1792.html');
Insert into  PRODUCT_INFORMATION (PRODUCT_ID,PRODUCT_NAME,PRODUCT_DESCRIPTION,CATEGORY_ID,WEIGHT_CLASS,SUPPLIER_ID,PRODUCT_STATUS,LIST_PRICE,MIN_PRICE,CATALOG_URL) values (1791,'Industrial 700/HD','700 characters per second dot-matrix printer with harder body and dust protection for industrial uses. Interface: Centronics parallel, IEEE 1284 compliant. Paper size: 3x5 inch to 11x17 inch full bleed wide format. Memory: 4MB. Dimensions (HxWxD): 9.3 x 16.5 x 13 inch.',12,5,102086,'orderable',275,239,'http://www.supp-102086.com/cat/hw/p1791.html');
Insert into  PRODUCT_INFORMATION (PRODUCT_ID,PRODUCT_NAME,PRODUCT_DESCRIPTION,CATEGORY_ID,WEIGHT_CLASS,SUPPLIER_ID,PRODUCT_STATUS,LIST_PRICE,MIN_PRICE,CATALOG_URL) values (2302,'Inkjet B/6','Inkjet Printer, black and white, 6 pages per minute, resolution 600x300 dpi. Interface: Centronics parallel, IEEE 1284 compliant. Dimensions (HxWxD): 7.3 x 17.5 x 14 inch. Paper size: A3, A4, US legal. No expansion slots.',12,3,102096,'orderable',150,121,'http://www.supp-102096.com/cat/hw/p2302.html');
Insert into  PRODUCT_INFORMATION (PRODUCT_ID,PRODUCT_NAME,PRODUCT_DESCRIPTION,CATEGORY_ID,WEIGHT_CLASS,SUPPLIER_ID,PRODUCT_STATUS,LIST_PRICE,MIN_PRICE,CATALOG_URL) values (2453,'Inkjet C/4','Inkjet Printer, color (with two separate ink cartridges), 6 pages per minute black and white, 4 pages per minute color, resolution 600x300 dpi. Interface: Biodirectional IEEE 1284 compliant parallel interface and RS-232 serial (9-pin) interface 2 open EIO expansion slots. Memory: 8MB 96KB receiver buffer.',12,3,102090,'orderable',195,174,'http://www.supp-102090.com/cat/hw/p2453.html');
Insert into  PRODUCT_INFORMATION (PRODUCT_ID,PRODUCT_NAME,PRODUCT_DESCRIPTION,CATEGORY_ID,WEIGHT_CLASS,SUPPLIER_ID,PRODUCT_STATUS,LIST_PRICE,MIN_PRICE,CATALOG_URL) values (1797,'Inkjet C/8/HQ','Inkjet printer, color, 8 pages per minute, high resolution (photo quality). Memory: 16MB. Dimensions (HxWxD): 7.3 x 17.5 x 14 inch. Paper size: A4, US Letter, envelopes. Interface: Centronics parallel, IEEE 1284 compliant.',12,3,102094,'orderable',349,288,'http://www.supp-102094.com/cat/hw/p1797.html');
Insert into  PRODUCT_INFORMATION (PRODUCT_ID,PRODUCT_NAME,PRODUCT_DESCRIPTION,CATEGORY_ID,WEIGHT_CLASS,SUPPLIER_ID,PRODUCT_STATUS,LIST_PRICE,MIN_PRICE,CATALOG_URL) values (3515,'Lead Replacement','Refill leads for mechanical pencils. Each pack contains 25 leads and a replacement eraser. Available in three lead sizes: .5mm (fine); .7mm (medium); and .9mm (thick).',32,1,103095,'orderable',2,1,'http://www.supp-103095.com/cat/off/p3515.html');
Insert into  PRODUCT_INFORMATION (PRODUCT_ID,PRODUCT_NAME,PRODUCT_DESCRIPTION,CATEGORY_ID,WEIGHT_CLASS,SUPPLIER_ID,PRODUCT_STATUS,LIST_PRICE,MIN_PRICE,CATALOG_URL) values (2986,'Manual - Vision OS/2x +','Manuals for Vision Operating System V 2.x and Vision Office Suite',33,3,103095,'orderable',125,111,'http://www.supp-103095.com/cat/off/p2986.html');
Insert into  PRODUCT_INFORMATION (PRODUCT_ID,PRODUCT_NAME,PRODUCT_DESCRIPTION,CATEGORY_ID,WEIGHT_CLASS,SUPPLIER_ID,PRODUCT_STATUS,LIST_PRICE,MIN_PRICE,CATALOG_URL) values (3163,'Manual - Vision Net6.3/US','Vision Networking V6.3 Reference Manual. US version with advanced encryption.',33,2,103083,'orderable',35,29,'http://www.supp-103083.com/cat/off/p3163.html');
Insert into  PRODUCT_INFORMATION (PRODUCT_ID,PRODUCT_NAME,PRODUCT_DESCRIPTION,CATEGORY_ID,WEIGHT_CLASS,SUPPLIER_ID,PRODUCT_STATUS,LIST_PRICE,MIN_PRICE,CATALOG_URL) values (3165,'Manual - Vision Tools2.0','Vision Business Tools Suite V2.0 Reference Manual. Includes installation, configuration, and user guide.',33,2,103083,'orderable',40,34,'http://www.supp-103083.com/cat/off/p3165.html');
Insert into  PRODUCT_INFORMATION (PRODUCT_ID,PRODUCT_NAME,PRODUCT_DESCRIPTION,CATEGORY_ID,WEIGHT_CLASS,SUPPLIER_ID,PRODUCT_STATUS,LIST_PRICE,MIN_PRICE,CATALOG_URL) values (3167,'Manual - Vision OS/2.x','Vision Operating System V2.0/2.1/2/3 Reference Manual. Complete installation, configuration, management, and tuning information for Vision system administration. Note that this manual replaces the individual Version 2.0 and 2.1 manuals.',33,2,103083,'orderable',55,47,'http://www.supp-103083.com/cat/off/p3167.html');
Insert into  PRODUCT_INFORMATION (PRODUCT_ID,PRODUCT_NAME,PRODUCT_DESCRIPTION,CATEGORY_ID,WEIGHT_CLASS,SUPPLIER_ID,PRODUCT_STATUS,LIST_PRICE,MIN_PRICE,CATALOG_URL) values (3216,'Manual - Vision Net6.3','Vision Networking V6.3 Reference Manual. Non-US version with basic encryption.',33,2,103083,'orderable',30,26,'http://www.supp-103083.com/cat/off/p3216.html');
Insert into  PRODUCT_INFORMATION (PRODUCT_ID,PRODUCT_NAME,PRODUCT_DESCRIPTION,CATEGORY_ID,WEIGHT_CLASS,SUPPLIER_ID,PRODUCT_STATUS,LIST_PRICE,MIN_PRICE,CATALOG_URL) values (3220,'Manual - Vision OS/1.2','Vision Operating System V1.2 Reference Manual. Complete installation, configuration, management, and tuning information for Vision system administration.',33,2,103083,'orderable',45,36,'http://www.supp-103083.com/cat/off/p3220.html');
Insert into  PRODUCT_INFORMATION (PRODUCT_ID,PRODUCT_NAME,PRODUCT_DESCRIPTION,CATEGORY_ID,WEIGHT_CLASS,SUPPLIER_ID,PRODUCT_STATUS,LIST_PRICE,MIN_PRICE,CATALOG_URL) values (1729,'Chemicals - RCP','Cleaning Chemicals - 3500 roller clean pads',39,2,103094,'orderable',80,66,'http://www.supp-103094.com/cat/off/p1729.html');
Insert into  PRODUCT_INFORMATION (PRODUCT_ID,PRODUCT_NAME,PRODUCT_DESCRIPTION,CATEGORY_ID,WEIGHT_CLASS,SUPPLIER_ID,PRODUCT_STATUS,LIST_PRICE,MIN_PRICE,CATALOG_URL) values (1910,'FG Stock - H','Fiberglass Stock - heavy duty, 1 thick',39,3,103083,'orderable',14,11,'http://www.supp-103083.com/cat/off/p1910.html');
Insert into  PRODUCT_INFORMATION (PRODUCT_ID,PRODUCT_NAME,PRODUCT_DESCRIPTION,CATEGORY_ID,WEIGHT_CLASS,SUPPLIER_ID,PRODUCT_STATUS,LIST_PRICE,MIN_PRICE,CATALOG_URL) values (1912,'SS Stock - 3mm','Stainless steel stock - 3mm. Can be predrilled for standard power supplies, motherboard holders, and hard drives. Please use appropriate template to identify model number, placement, and size of finished sheet when placing order for drilled sheet.',39,2,103083,'orderable',15,12,'http://www.supp-103083.com/cat/off/p1912.html');
Insert into  PRODUCT_INFORMATION (PRODUCT_ID,PRODUCT_NAME,PRODUCT_DESCRIPTION,CATEGORY_ID,WEIGHT_CLASS,SUPPLIER_ID,PRODUCT_STATUS,LIST_PRICE,MIN_PRICE,CATALOG_URL) values (1940,'ESD Bracelet/Clip','Electro static discharge bracelet with alligator clip for easy connection to computer chassis or other ground.',39,1,103095,'orderable',18,14,'http://www.supp-103095.com/cat/off/p1940.html');
Insert into  PRODUCT_INFORMATION (PRODUCT_ID,PRODUCT_NAME,PRODUCT_DESCRIPTION,CATEGORY_ID,WEIGHT_CLASS,SUPPLIER_ID,PRODUCT_STATUS,LIST_PRICE,MIN_PRICE,CATALOG_URL) values (2030,'Latex Gloves','Latex Gloves for assemblers, chemical handlers, fitters. Heavy duty, safety orange, with textured grip on fingers and thumb. Waterproof and shock-proof up to 220 volts/2 amps, 110 volts/5 amps. Acid proof for up to 5 minutes.',39,1,103097,'orderable',12,10,'http://www.supp-103097.com/cat/off/p2030.html');
Insert into  PRODUCT_INFORMATION (PRODUCT_ID,PRODUCT_NAME,PRODUCT_DESCRIPTION,CATEGORY_ID,WEIGHT_CLASS,SUPPLIER_ID,PRODUCT_STATUS,LIST_PRICE,MIN_PRICE,CATALOG_URL) values (2326,'Plastic Stock - Y','Plastic Stock - Yellow, standard quality.',39,1,103093,'orderable',2,1,'http://www.supp-103093.com/cat/off/p2326.html');
Insert into  PRODUCT_INFORMATION (PRODUCT_ID,PRODUCT_NAME,PRODUCT_DESCRIPTION,CATEGORY_ID,WEIGHT_CLASS,SUPPLIER_ID,PRODUCT_STATUS,LIST_PRICE,MIN_PRICE,CATALOG_URL) values (2330,'Plastic Stock - R','Plastic Stock - Red, standard quality.',39,1,103093,'orderable',2,1,'http://www.supp-103093.com/cat/off/p2330.html');
Insert into  PRODUCT_INFORMATION (PRODUCT_ID,PRODUCT_NAME,PRODUCT_DESCRIPTION,CATEGORY_ID,WEIGHT_CLASS,SUPPLIER_ID,PRODUCT_STATUS,LIST_PRICE,MIN_PRICE,CATALOG_URL) values (2334,'Resin','General purpose synthetic resin.',39,2,103087,'orderable',4,3,'http://www.supp-103087.com/cat/off/p2334.html');
Insert into  PRODUCT_INFORMATION (PRODUCT_ID,PRODUCT_NAME,PRODUCT_DESCRIPTION,CATEGORY_ID,WEIGHT_CLASS,SUPPLIER_ID,PRODUCT_STATUS,LIST_PRICE,MIN_PRICE,CATALOG_URL) values (2340,'Chemicals - SW','Cleaning Chemicals - 3500 staticide wipes',39,2,103094,'orderable',72,59,'http://www.supp-103094.com/cat/off/p2340.html');
Insert into  PRODUCT_INFORMATION (PRODUCT_ID,PRODUCT_NAME,PRODUCT_DESCRIPTION,CATEGORY_ID,WEIGHT_CLASS,SUPPLIER_ID,PRODUCT_STATUS,LIST_PRICE,MIN_PRICE,CATALOG_URL) values (2365,'Chemicals - TCS','Cleaning Chemical - 2500 transport cleaning sheets',39,3,103094,'orderable',78,69,'http://www.supp-103094.com/cat/off/p2365.html');
Insert into  PRODUCT_INFORMATION (PRODUCT_ID,PRODUCT_NAME,PRODUCT_DESCRIPTION,CATEGORY_ID,WEIGHT_CLASS,SUPPLIER_ID,PRODUCT_STATUS,LIST_PRICE,MIN_PRICE,CATALOG_URL) values (2594,'FG Stock - L','Fiberglass Stock - light weight for internal heat shielding, 1/4 thick',39,2,103098,'orderable',9,7,'http://www.supp-103098.com/cat/off/p2594.html');
Insert into  PRODUCT_INFORMATION (PRODUCT_ID,PRODUCT_NAME,PRODUCT_DESCRIPTION,CATEGORY_ID,WEIGHT_CLASS,SUPPLIER_ID,PRODUCT_STATUS,LIST_PRICE,MIN_PRICE,CATALOG_URL) values (2596,'SS Stock - 1mm','Stainless steel stock - 3mm. Can be predrilled for standard model motherboard and battery holders. Please use appropriate template to identify model number, placement, and size of finished sheet when placing order for drilled sheet.',39,2,103098,'orderable',12,10,'http://www.supp-103098.com/cat/off/p2596.html');
Insert into  PRODUCT_INFORMATION (PRODUCT_ID,PRODUCT_NAME,PRODUCT_DESCRIPTION,CATEGORY_ID,WEIGHT_CLASS,SUPPLIER_ID,PRODUCT_STATUS,LIST_PRICE,MIN_PRICE,CATALOG_URL) values (2631,'ESD Bracelet/QR','Electro Static Discharge Bracelet: 2 piece lead with quick release connector. One piece stays permanently attached to computer chassis with screw, the other is attached to the bracelet. Additional permanent ends available.',39,1,103085,'orderable',15,12,'http://www.supp-103085.com/cat/off/p2631.html');
Insert into  PRODUCT_INFORMATION (PRODUCT_ID,PRODUCT_NAME,PRODUCT_DESCRIPTION,CATEGORY_ID,WEIGHT_CLASS,SUPPLIER_ID,PRODUCT_STATUS,LIST_PRICE,MIN_PRICE,CATALOG_URL) values (2721,'PC Bag - L/S','Black Leather Computer Case - single laptop capacity with pockets for manuals, additional hardware, and work papers. Adjustable protective straps and removable pocket for power supply and cables.',39,2,103095,'orderable',87,70,'http://www.supp-103095.com/cat/off/p2721.html');
Insert into  PRODUCT_INFORMATION (PRODUCT_ID,PRODUCT_NAME,PRODUCT_DESCRIPTION,CATEGORY_ID,WEIGHT_CLASS,SUPPLIER_ID,PRODUCT_STATUS,LIST_PRICE,MIN_PRICE,CATALOG_URL) values (2722,'PC Bag - L/D','Black Leather Computer Case - double laptop capacity with pockets for additional hardware or manuals and work papers. Adjustable protective straps and removable pockets for power supplies and cables. Double wide shoulder strap for comfort.',39,2,103095,'orderable',112,99,'http://www.supp-103095.com/cat/off/p2722.html');
Insert into  PRODUCT_INFORMATION (PRODUCT_ID,PRODUCT_NAME,PRODUCT_DESCRIPTION,CATEGORY_ID,WEIGHT_CLASS,SUPPLIER_ID,PRODUCT_STATUS,LIST_PRICE,MIN_PRICE,CATALOG_URL) values (2725,'Machine Oil','Machine Oil for Lubrication of CD-ROM drive doors and slides. Self-cleaning adjustable nozzle for fine to medium flow.',39,1,103098,'orderable',4,3,'http://www.supp-103098.com/cat/off/p2725.html');
Insert into  PRODUCT_INFORMATION (PRODUCT_ID,PRODUCT_NAME,PRODUCT_DESCRIPTION,CATEGORY_ID,WEIGHT_CLASS,SUPPLIER_ID,PRODUCT_STATUS,LIST_PRICE,MIN_PRICE,CATALOG_URL) values (2782,'PC Bag - C/S','Canvas Computer Case - single laptop capacity with pockets for manuals, additional hardware, and work papers. Adjustable protective straps and removable pocket for power supply and cables. Outside pocket with snap closure for easy access while travelling.',39,2,103095,'orderable',62,50,'http://www.supp-103095.com/cat/off/p2782.html');
Insert into  PRODUCT_INFORMATION (PRODUCT_ID,PRODUCT_NAME,PRODUCT_DESCRIPTION,CATEGORY_ID,WEIGHT_CLASS,SUPPLIER_ID,PRODUCT_STATUS,LIST_PRICE,MIN_PRICE,CATALOG_URL) values (3187,'Plastic Stock - B/HD','Plastic Stock - Blue, high density.',39,1,103095,'orderable',3,2,'http://www.supp-103095.com/cat/off/p3187.html');
Insert into  PRODUCT_INFORMATION (PRODUCT_ID,PRODUCT_NAME,PRODUCT_DESCRIPTION,CATEGORY_ID,WEIGHT_CLASS,SUPPLIER_ID,PRODUCT_STATUS,LIST_PRICE,MIN_PRICE,CATALOG_URL) values (3189,'Plastic Stock - G','Plastic Stock - Green, standard density.',39,1,103095,'orderable',2,1,'http://www.supp-103095.com/cat/off/p3189.html');
Insert into  PRODUCT_INFORMATION (PRODUCT_ID,PRODUCT_NAME,PRODUCT_DESCRIPTION,CATEGORY_ID,WEIGHT_CLASS,SUPPLIER_ID,PRODUCT_STATUS,LIST_PRICE,MIN_PRICE,CATALOG_URL) values (3191,'Plastic Stock - O','Plastic Stock - Orange, standard density.',39,1,103095,'orderable',2,1,'http://www.supp-103095.com/cat/off/p3191.html');
Insert into  PRODUCT_INFORMATION (PRODUCT_ID,PRODUCT_NAME,PRODUCT_DESCRIPTION,CATEGORY_ID,WEIGHT_CLASS,SUPPLIER_ID,PRODUCT_STATUS,LIST_PRICE,MIN_PRICE,CATALOG_URL) values (3193,'Plastic Stock - W/HD','Plastic Stock - White, high density.',39,1,103095,'orderable',3,2,'http://www.supp-103095.com/cat/off/p3193.html');
Insert into  PRODUCT_INFORMATION (PRODUCT_ID,PRODUCT_NAME,PRODUCT_DESCRIPTION,CATEGORY_ID,WEIGHT_CLASS,SUPPLIER_ID,PRODUCT_STATUS,LIST_PRICE,MIN_PRICE,CATALOG_URL) values (3134,'Screws <B.32.S>','Screws: Brass, size 32mm, straight. Plastic box, contents 400.',19,3,102071,'orderable',18,15,'http://www.supp-102071.com/cat/hw/p3134.html');
Insert into  PRODUCT_INFORMATION (PRODUCT_ID,PRODUCT_NAME,PRODUCT_DESCRIPTION,CATEGORY_ID,WEIGHT_CLASS,SUPPLIER_ID,PRODUCT_STATUS,LIST_PRICE,MIN_PRICE,CATALOG_URL) values (3139,'Screws <S.16.S>','Screws: Steel, size 16 mm, straight. Carton box, contents 750.',19,2,102071,'orderable',21,17,'http://www.supp-102071.com/cat/hw/p3139.html');
Insert into  PRODUCT_INFORMATION (PRODUCT_ID,PRODUCT_NAME,PRODUCT_DESCRIPTION,CATEGORY_ID,WEIGHT_CLASS,SUPPLIER_ID,PRODUCT_STATUS,LIST_PRICE,MIN_PRICE,CATALOG_URL) values (3300,'Screws <S.32.P>','Screws: Steel, size 32mm, Phillips head. Plastic box, contents 400.',19,3,102071,'orderable',23,19,'http://www.supp-102071.com/cat/hw/p3300.html');
Insert into  PRODUCT_INFORMATION (PRODUCT_ID,PRODUCT_NAME,PRODUCT_DESCRIPTION,CATEGORY_ID,WEIGHT_CLASS,SUPPLIER_ID,PRODUCT_STATUS,LIST_PRICE,MIN_PRICE,CATALOG_URL) values (2316,'Screws <S.32.S>','Screws: Steel, size 32mm, straight. Plastic box, contents 500.',19,3,102074,'orderable',22,19,'http://www.supp-102074.com/cat/hw/p2316.html');
Insert into  PRODUCT_INFORMATION (PRODUCT_ID,PRODUCT_NAME,PRODUCT_DESCRIPTION,CATEGORY_ID,WEIGHT_CLASS,SUPPLIER_ID,PRODUCT_STATUS,LIST_PRICE,MIN_PRICE,CATALOG_URL) values (3140,'Screws <Z.16.S>','Screws: Zinc, length 16mm, straight. Carton box, contents 750.',19,2,102074,'orderable',24,19,'http://www.supp-102074.com/cat/hw/p3140.html');
Insert into  PRODUCT_INFORMATION (PRODUCT_ID,PRODUCT_NAME,PRODUCT_DESCRIPTION,CATEGORY_ID,WEIGHT_CLASS,SUPPLIER_ID,PRODUCT_STATUS,LIST_PRICE,MIN_PRICE,CATALOG_URL) values (2319,'Screws <Z.24.S>','Screws: Zinc, size 24mm, straight. Carton box, contents 500.',19,2,102074,'orderable',25,21,'http://www.supp-102074.com/cat/hw/p2319.html');
Insert into  PRODUCT_INFORMATION (PRODUCT_ID,PRODUCT_NAME,PRODUCT_DESCRIPTION,CATEGORY_ID,WEIGHT_CLASS,SUPPLIER_ID,PRODUCT_STATUS,LIST_PRICE,MIN_PRICE,CATALOG_URL) values (2322,'Screws <Z.28.P>','Screws: Zinc, size 28 mm, Phillips head. Carton box, contents 850.',19,2,102076,'orderable',23,18,'http://www.supp-102076.com/cat/hw/p2322.html');
Insert into  PRODUCT_INFORMATION (PRODUCT_ID,PRODUCT_NAME,PRODUCT_DESCRIPTION,CATEGORY_ID,WEIGHT_CLASS,SUPPLIER_ID,PRODUCT_STATUS,LIST_PRICE,MIN_PRICE,CATALOG_URL) values (3178,'Spreadsheet - SSP/V 2.0','SmartSpread Spreadsheet, Professional Edition Version 2.0, for Vision Release 11.1 and 11.2. Shrink wrap includes CD-ROM containing advanced software and online documentation, plus printed manual, tutorial, and license registration.',21,2,103080,'orderable',45,37,'http://www.supp-103080.com/cat/sw/p3178.html');
Insert into  PRODUCT_INFORMATION (PRODUCT_ID,PRODUCT_NAME,PRODUCT_DESCRIPTION,CATEGORY_ID,WEIGHT_CLASS,SUPPLIER_ID,PRODUCT_STATUS,LIST_PRICE,MIN_PRICE,CATALOG_URL) values (3179,'Spreadsheet - SSS/S 2.1','SmartSpread Spreadsheet, Standard Edition Version 2.1, for SPNIX Release 4.0. Shrink wrap includes CD-ROM containing software and online documentation, plus printed manual and license registration.',21,2,103080,'orderable',50,44,'http://www.supp-103080.com/cat/sw/p3179.html');
Insert into  PRODUCT_INFORMATION (PRODUCT_ID,PRODUCT_NAME,PRODUCT_DESCRIPTION,CATEGORY_ID,WEIGHT_CLASS,SUPPLIER_ID,PRODUCT_STATUS,LIST_PRICE,MIN_PRICE,CATALOG_URL) values (3182,'Word Processing - SWP/V 4.5','SmartWord Word Processor, Professional Edition Version 4.5, for Vision Release 11.x. Shrink wrap includes CD-ROM, containing advanced software, printed manual, and license registration.',22,2,103093,'orderable',65,54,'http://www.supp-103093.com/cat/sw/p3182.html');
Insert into  PRODUCT_INFORMATION (PRODUCT_ID,PRODUCT_NAME,PRODUCT_DESCRIPTION,CATEGORY_ID,WEIGHT_CLASS,SUPPLIER_ID,PRODUCT_STATUS,LIST_PRICE,MIN_PRICE,CATALOG_URL) values (3183,'Word Processing - SWS/V 4.5','SmartWord Word Processor, Standard Edition Version 4.5, for Vision Release 11.x. Shrink wrap includes CD-ROM and license registration.',22,2,103093,'orderable',50,40,'http://www.supp-103093.com/cat/sw/p3183.html');
Insert into  PRODUCT_INFORMATION (PRODUCT_ID,PRODUCT_NAME,PRODUCT_DESCRIPTION,CATEGORY_ID,WEIGHT_CLASS,SUPPLIER_ID,PRODUCT_STATUS,LIST_PRICE,MIN_PRICE,CATALOG_URL) values (3197,'Spreadsheet - SSS/V 2.1','SmartSpread Spreadsheet, Standard Edition Version 2.1, for Vision Release 11.1 and 11.2. Shrink wrap includes CD-ROM containing software and online documentation, plus printed manual, tutorial, and license registration.',21,2,103080,'orderable',45,36,'http://www.supp-103080.com/cat/sw/p3197.html');
commit;
Insert into  PRODUCT_INFORMATION (PRODUCT_ID,PRODUCT_NAME,PRODUCT_DESCRIPTION,CATEGORY_ID,WEIGHT_CLASS,SUPPLIER_ID,PRODUCT_STATUS,LIST_PRICE,MIN_PRICE,CATALOG_URL) values (3255,'Spreadsheet - SSS/CD 2.2B','SmartSpread Spreadsheet, Standard Edition, Beta Version 2.2, for SPNIX Release 4.1. CD-ROM only.',21,1,103080,'orderable',35,30,'http://www.supp-103080.com/cat/sw/p3255.html');
Insert into  PRODUCT_INFORMATION (PRODUCT_ID,PRODUCT_NAME,PRODUCT_DESCRIPTION,CATEGORY_ID,WEIGHT_CLASS,SUPPLIER_ID,PRODUCT_STATUS,LIST_PRICE,MIN_PRICE,CATALOG_URL) values (3256,'Spreadsheet - SSS/V 2.0','SmartSpread Spreadsheet, Standard Edition Version 2.0, for Vision Release 11.0. Shrink wrap includes CD-ROM containing software and online documentation, plus printed manual, tutorial, and license registration.',21,2,103080,'orderable',40,34,'http://www.supp-103080.com/cat/sw/p3256.html');
Insert into  PRODUCT_INFORMATION (PRODUCT_ID,PRODUCT_NAME,PRODUCT_DESCRIPTION,CATEGORY_ID,WEIGHT_CLASS,SUPPLIER_ID,PRODUCT_STATUS,LIST_PRICE,MIN_PRICE,CATALOG_URL) values (3260,'Word Processing - SWP/S 4.4','SmartSpread Spreadsheet, Standard Edition Version 2.2, for SPNIX Release 4.x. Shrink wrap includes CD-ROM, containing software, plus printed manual and license registration.',22,2,103093,'orderable',50,41,'http://www.supp-103093.com/cat/sw/p3260.html');
Insert into  PRODUCT_INFORMATION (PRODUCT_ID,PRODUCT_NAME,PRODUCT_DESCRIPTION,CATEGORY_ID,WEIGHT_CLASS,SUPPLIER_ID,PRODUCT_STATUS,LIST_PRICE,MIN_PRICE,CATALOG_URL) values (3262,'Spreadsheet - SSS/S 2.2','SmartSpread Spreadsheet, Standard Edition Version 2.2, for SPNIX Release 4.1. Shrink wrap includes CD-ROM containing software and online documentation, plus printed manual and license registration.',21,2,103080,'under development',50,41,'http://www.supp-103080.com/cat/sw/p3262.html');
Insert into  PRODUCT_INFORMATION (PRODUCT_ID,PRODUCT_NAME,PRODUCT_DESCRIPTION,CATEGORY_ID,WEIGHT_CLASS,SUPPLIER_ID,PRODUCT_STATUS,LIST_PRICE,MIN_PRICE,CATALOG_URL) values (3361,'Spreadsheet - SSP/S 1.5','SmartSpread Spreadsheet, Standard Edition Version 1.5, for SPNIX Release 3.3. Shrink wrap includes CD-ROM containing advanced software and online documentation, plus printed manual, tutorial, and license registration.',21,2,103080,'orderable',40,34,'http://www.supp-103080.com/cat/sw/p3361.html');
Insert into  PRODUCT_INFORMATION (PRODUCT_ID,PRODUCT_NAME,PRODUCT_DESCRIPTION,CATEGORY_ID,WEIGHT_CLASS,SUPPLIER_ID,PRODUCT_STATUS,LIST_PRICE,MIN_PRICE,CATALOG_URL) values (1799,'SPNIX3.3 - SL','Operating System Software: SPNIX V3.3 - Base Server License. Includes 10 general licenses for system administration, developers, or users. No network user licensing. ',24,1,103092,'orderable',1000,874,'http://www.supp-103092.com/cat/sw/p1799.html');
Insert into  PRODUCT_INFORMATION (PRODUCT_ID,PRODUCT_NAME,PRODUCT_DESCRIPTION,CATEGORY_ID,WEIGHT_CLASS,SUPPLIER_ID,PRODUCT_STATUS,LIST_PRICE,MIN_PRICE,CATALOG_URL) values (1801,'SPNIX3.3 - AL','Operating System Software: SPNIX V3.3 - Additional system administrator license, including network access.',24,1,103092,'orderable',100,88,'http://www.supp-103092.com/cat/sw/p1801.html');
Insert into  PRODUCT_INFORMATION (PRODUCT_ID,PRODUCT_NAME,PRODUCT_DESCRIPTION,CATEGORY_ID,WEIGHT_CLASS,SUPPLIER_ID,PRODUCT_STATUS,LIST_PRICE,MIN_PRICE,CATALOG_URL) values (1803,'SPNIX3.3 - DL','Operating System Software: SPNIX V3.3 - Additional developer license.',24,1,103092,'orderable',60,51,'http://www.supp-103092.com/cat/sw/p1803.html');
Insert into  PRODUCT_INFORMATION (PRODUCT_ID,PRODUCT_NAME,PRODUCT_DESCRIPTION,CATEGORY_ID,WEIGHT_CLASS,SUPPLIER_ID,PRODUCT_STATUS,LIST_PRICE,MIN_PRICE,CATALOG_URL) values (1804,'SPNIX3.3 - UL/N','Operating System Software: SPNIX V3.3 - Additional user license with network access.',24,1,103092,'orderable',65,56,'http://www.supp-103092.com/cat/sw/p1804.html');
Insert into  PRODUCT_INFORMATION (PRODUCT_ID,PRODUCT_NAME,PRODUCT_DESCRIPTION,CATEGORY_ID,WEIGHT_CLASS,SUPPLIER_ID,PRODUCT_STATUS,LIST_PRICE,MIN_PRICE,CATALOG_URL) values (1805,'SPNIX3.3 - UL/A','Operating System Software: SPNIX V3.3 - Additional user license class A.',24,1,103092,'orderable',50,42,'http://www.supp-103092.com/cat/sw/p1805.html');
Insert into  PRODUCT_INFORMATION (PRODUCT_ID,PRODUCT_NAME,PRODUCT_DESCRIPTION,CATEGORY_ID,WEIGHT_CLASS,SUPPLIER_ID,PRODUCT_STATUS,LIST_PRICE,MIN_PRICE,CATALOG_URL) values (1806,'SPNIX3.3 - UL/C','Operating System Software: SPNIX V3.3 - Additional user license class C.',24,1,103092,'orderable',50,42,'http://www.supp-103092.com/cat/sw/p1806.html');
Insert into  PRODUCT_INFORMATION (PRODUCT_ID,PRODUCT_NAME,PRODUCT_DESCRIPTION,CATEGORY_ID,WEIGHT_CLASS,SUPPLIER_ID,PRODUCT_STATUS,LIST_PRICE,MIN_PRICE,CATALOG_URL) values (1808,'SPNIX3.3 - UL/D','Operating System Software: SPNIX V3.3 - Additional user license class D.',24,1,103092,'orderable',55,46,'http://www.supp-103092.com/cat/sw/p1808.html');
Insert into  PRODUCT_INFORMATION (PRODUCT_ID,PRODUCT_NAME,PRODUCT_DESCRIPTION,CATEGORY_ID,WEIGHT_CLASS,SUPPLIER_ID,PRODUCT_STATUS,LIST_PRICE,MIN_PRICE,CATALOG_URL) values (1820,'SPNIX3.3 - NL','Operating System Software: SPNIX V3.3 - Additional network access license.',24,1,103092,'orderable',55,45,'http://www.supp-103092.com/cat/sw/p1820.html');
Insert into  PRODUCT_INFORMATION (PRODUCT_ID,PRODUCT_NAME,PRODUCT_DESCRIPTION,CATEGORY_ID,WEIGHT_CLASS,SUPPLIER_ID,PRODUCT_STATUS,LIST_PRICE,MIN_PRICE,CATALOG_URL) values (1822,'SPNIX4.0 - SL','Operating System Software: SPNIX V4.0 - Base Server License. Includes 10 general licenses for system administration, developers, or users. No network user licensing. ',24,1,103092,'orderable',1500,1303,'http://www.supp-103092.com/cat/sw/p1822.html');
Insert into  PRODUCT_INFORMATION (PRODUCT_ID,PRODUCT_NAME,PRODUCT_DESCRIPTION,CATEGORY_ID,WEIGHT_CLASS,SUPPLIER_ID,PRODUCT_STATUS,LIST_PRICE,MIN_PRICE,CATALOG_URL) values (2422,'SPNIX4.0 - SAL','Operating System Software: SPNIX V4.0 - Additional system administrator license, including network access.',24,1,103092,'orderable',150,130,'http://www.supp-103092.com/cat/sw/p2422.html');
Insert into  PRODUCT_INFORMATION (PRODUCT_ID,PRODUCT_NAME,PRODUCT_DESCRIPTION,CATEGORY_ID,WEIGHT_CLASS,SUPPLIER_ID,PRODUCT_STATUS,LIST_PRICE,MIN_PRICE,CATALOG_URL) values (2452,'SPNIX4.0 - DL','Operating System Software: SPNIX V4.0 - Additional developer license.',24,1,103092,'orderable',100,88,'http://www.supp-103092.com/cat/sw/p2452.html');
Insert into  PRODUCT_INFORMATION (PRODUCT_ID,PRODUCT_NAME,PRODUCT_DESCRIPTION,CATEGORY_ID,WEIGHT_CLASS,SUPPLIER_ID,PRODUCT_STATUS,LIST_PRICE,MIN_PRICE,CATALOG_URL) values (2462,'SPNIX4.0 - UL/N','Operating System Software: SPNIX V4.0 - Additional user license with network access.',24,1,103092,'orderable',80,71,'http://www.supp-103092.com/cat/sw/p2462.html');
Insert into  PRODUCT_INFORMATION (PRODUCT_ID,PRODUCT_NAME,PRODUCT_DESCRIPTION,CATEGORY_ID,WEIGHT_CLASS,SUPPLIER_ID,PRODUCT_STATUS,LIST_PRICE,MIN_PRICE,CATALOG_URL) values (2464,'SPNIX4.0 - UL/A','Operating System Software: SPNIX V4.0 - Additional user license class A.',24,1,103092,'orderable',70,62,'http://www.supp-103092.com/cat/sw/p2464.html');
Insert into  PRODUCT_INFORMATION (PRODUCT_ID,PRODUCT_NAME,PRODUCT_DESCRIPTION,CATEGORY_ID,WEIGHT_CLASS,SUPPLIER_ID,PRODUCT_STATUS,LIST_PRICE,MIN_PRICE,CATALOG_URL) values (2467,'SPNIX4.0 - UL/D','Operating System Software: SPNIX V4.0 - Additional user license class D.',24,1,103092,'orderable',80,64,'http://www.supp-103092.com/cat/sw/p2467.html');
Insert into  PRODUCT_INFORMATION (PRODUCT_ID,PRODUCT_NAME,PRODUCT_DESCRIPTION,CATEGORY_ID,WEIGHT_CLASS,SUPPLIER_ID,PRODUCT_STATUS,LIST_PRICE,MIN_PRICE,CATALOG_URL) values (2468,'SPNIX4.0 - UL/C','Operating System Software: SPNIX V4.0 - Additional user license class C.',24,1,103092,'orderable',75,67,'http://www.supp-103092.com/cat/sw/p2468.html');
Insert into  PRODUCT_INFORMATION (PRODUCT_ID,PRODUCT_NAME,PRODUCT_DESCRIPTION,CATEGORY_ID,WEIGHT_CLASS,SUPPLIER_ID,PRODUCT_STATUS,LIST_PRICE,MIN_PRICE,CATALOG_URL) values (2470,'SPNIX4.0 - NL','Operating System Software: SPNIX V4.0 - Additional network access license.',24,1,103092,'orderable',80,70,'http://www.supp-103092.com/cat/sw/p2470.html');
Insert into  PRODUCT_INFORMATION (PRODUCT_ID,PRODUCT_NAME,PRODUCT_DESCRIPTION,CATEGORY_ID,WEIGHT_CLASS,SUPPLIER_ID,PRODUCT_STATUS,LIST_PRICE,MIN_PRICE,CATALOG_URL) values (2471,'SPNIX3.3 SU','Operating System Software: SPNIX V3.3 - Base Server License Upgrade to V4.0.',24,1,103092,'orderable',500,439,'http://www.supp-103092.com/cat/sw/p2471.html');
Insert into  PRODUCT_INFORMATION (PRODUCT_ID,PRODUCT_NAME,PRODUCT_DESCRIPTION,CATEGORY_ID,WEIGHT_CLASS,SUPPLIER_ID,PRODUCT_STATUS,LIST_PRICE,MIN_PRICE,CATALOG_URL) values (2492,'SPNIX3.3 AU','Operating System Software: SPNIX V3.3 - V4.0 upgrade; class A user.',24,1,103092,'orderable',45,38,'http://www.supp-103092.com/cat/sw/p2492.html');
Insert into  PRODUCT_INFORMATION (PRODUCT_ID,PRODUCT_NAME,PRODUCT_DESCRIPTION,CATEGORY_ID,WEIGHT_CLASS,SUPPLIER_ID,PRODUCT_STATUS,LIST_PRICE,MIN_PRICE,CATALOG_URL) values (2493,'SPNIX3.3 C/DU','Operating System Software: SPNIX V3.3 - V4.0 upgrade; class C or D user.',24,1,103092,'orderable',25,22,'http://www.supp-103092.com/cat/sw/p2493.html');
Insert into  PRODUCT_INFORMATION (PRODUCT_ID,PRODUCT_NAME,PRODUCT_DESCRIPTION,CATEGORY_ID,WEIGHT_CLASS,SUPPLIER_ID,PRODUCT_STATUS,LIST_PRICE,MIN_PRICE,CATALOG_URL) values (2494,'SPNIX3.3 NU','Operating System Software: SPNIX V3.3 - V4.0 upgrade; network access license.',24,1,103092,'orderable',25,20,'http://www.supp-103092.com/cat/sw/p2494.html');
Insert into  PRODUCT_INFORMATION (PRODUCT_ID,PRODUCT_NAME,PRODUCT_DESCRIPTION,CATEGORY_ID,WEIGHT_CLASS,SUPPLIER_ID,PRODUCT_STATUS,LIST_PRICE,MIN_PRICE,CATALOG_URL) values (2995,'SPNIX3.3 SAU','Operating System Software: SPNIX V3.3 - V4.0 upgrade; system administrator license.',24,1,103092,'orderable',70,62,'http://www.supp-103092.com/cat/sw/p2995.html');
Insert into  PRODUCT_INFORMATION (PRODUCT_ID,PRODUCT_NAME,PRODUCT_DESCRIPTION,CATEGORY_ID,WEIGHT_CLASS,SUPPLIER_ID,PRODUCT_STATUS,LIST_PRICE,MIN_PRICE,CATALOG_URL) values (3290,'SPNIX3.3 DU','Operating System Software: SPNIX V3.3 - V4.0 upgrade; developer license.',24,1,103092,'orderable',65,55,'http://www.supp-103092.com/cat/sw/p3290.html');
Insert into  PRODUCT_INFORMATION (PRODUCT_ID,PRODUCT_NAME,PRODUCT_DESCRIPTION,CATEGORY_ID,WEIGHT_CLASS,SUPPLIER_ID,PRODUCT_STATUS,LIST_PRICE,MIN_PRICE,CATALOG_URL) values (1778,'C for SPNIX3.3 - 1 Seat','C programming software for SPNIX V3.3 - single user',25,1,103092,'orderable',62,52,'http://www.supp-103092.com/cat/sw/p1778.html');
Insert into  PRODUCT_INFORMATION (PRODUCT_ID,PRODUCT_NAME,PRODUCT_DESCRIPTION,CATEGORY_ID,WEIGHT_CLASS,SUPPLIER_ID,PRODUCT_STATUS,LIST_PRICE,MIN_PRICE,CATALOG_URL) values (1779,'C for SPNIX3.3 - Doc','C programming language documentation 
, SPNIX V3.3',25,2,103092,'orderable',128,112,'http://www.supp-103092.com/cat/sw/p1779.html');
Insert into  PRODUCT_INFORMATION (PRODUCT_ID,PRODUCT_NAME,PRODUCT_DESCRIPTION,CATEGORY_ID,WEIGHT_CLASS,SUPPLIER_ID,PRODUCT_STATUS,LIST_PRICE,MIN_PRICE,CATALOG_URL) values (1780,'C for SPNIX3.3 - Sys','C programming software for SPNIX V3.3 - system compiler, libraries, linker',25,1,103092,'orderable',450,385,'http://www.supp-103092.com/cat/sw/p1780.html');
Insert into  PRODUCT_INFORMATION (PRODUCT_ID,PRODUCT_NAME,PRODUCT_DESCRIPTION,CATEGORY_ID,WEIGHT_CLASS,SUPPLIER_ID,PRODUCT_STATUS,LIST_PRICE,MIN_PRICE,CATALOG_URL) values (2371,'C for SPNIX4.0 - Doc','C programming language documentation, SPNIX V4.0',25,2,103092,'orderable',146,119,'http://www.supp-103092.com/cat/sw/p2371.html');
Insert into  PRODUCT_INFORMATION (PRODUCT_ID,PRODUCT_NAME,PRODUCT_DESCRIPTION,CATEGORY_ID,WEIGHT_CLASS,SUPPLIER_ID,PRODUCT_STATUS,LIST_PRICE,MIN_PRICE,CATALOG_URL) values (2423,'C for SPNIX4.0 - 1 Seat','C programming software for SPNIX V4.0 - single user',25,1,103092,'orderable',84,73,'http://www.supp-103092.com/cat/sw/p2423.html');
Insert into  PRODUCT_INFORMATION (PRODUCT_ID,PRODUCT_NAME,PRODUCT_DESCRIPTION,CATEGORY_ID,WEIGHT_CLASS,SUPPLIER_ID,PRODUCT_STATUS,LIST_PRICE,MIN_PRICE,CATALOG_URL) values (3501,'C for SPNIX4.0 - Sys','C programming software for SPNIX V4.0 - system compiler, libraries, linker',25,1,103092,'orderable',555,448,'http://www.supp-103092.com/cat/sw/p3501.html');
Insert into  PRODUCT_INFORMATION (PRODUCT_ID,PRODUCT_NAME,PRODUCT_DESCRIPTION,CATEGORY_ID,WEIGHT_CLASS,SUPPLIER_ID,PRODUCT_STATUS,LIST_PRICE,MIN_PRICE,CATALOG_URL) values (3502,'C for SPNIX3.3 -Sys/U','C programming software for SPNIX V3.3 - 4.0 Upgrade; system compiler, libraries, linker',25,1,103092,'orderable',105,88,'http://www.supp-103092.com/cat/sw/p3502.html');
Insert into  PRODUCT_INFORMATION (PRODUCT_ID,PRODUCT_NAME,PRODUCT_DESCRIPTION,CATEGORY_ID,WEIGHT_CLASS,SUPPLIER_ID,PRODUCT_STATUS,LIST_PRICE,MIN_PRICE,CATALOG_URL) values (3503,'C for SPNIX3.3 - Seat/U','C programming software for SPNIX V3.3 - 4.0 Upgrade - single user',25,1,103092,'orderable',22,18,'http://www.supp-103092.com/cat/sw/p3503.html');
Insert into  PRODUCT_INFORMATION (PRODUCT_ID,PRODUCT_NAME,PRODUCT_DESCRIPTION,CATEGORY_ID,WEIGHT_CLASS,SUPPLIER_ID,PRODUCT_STATUS,LIST_PRICE,MIN_PRICE,CATALOG_URL) values (1774,'Base ISO CP - BL','Base ISO Communication Package - Base License',29,1,103088,'orderable',110,93,'http://www.supp-103088.com/cat/sw/p1774.html');
Insert into  PRODUCT_INFORMATION (PRODUCT_ID,PRODUCT_NAME,PRODUCT_DESCRIPTION,CATEGORY_ID,WEIGHT_CLASS,SUPPLIER_ID,PRODUCT_STATUS,LIST_PRICE,MIN_PRICE,CATALOG_URL) values (1775,'Client ISO CP - S','ISO Communication Package add-on license for additional SPNIX V3.3 client.',29,1,103087,'orderable',27,22,'http://www.supp-103087.com/cat/sw/p1775.html');
Insert into  PRODUCT_INFORMATION (PRODUCT_ID,PRODUCT_NAME,PRODUCT_DESCRIPTION,CATEGORY_ID,WEIGHT_CLASS,SUPPLIER_ID,PRODUCT_STATUS,LIST_PRICE,MIN_PRICE,CATALOG_URL) values (1794,'OSI 8-16/IL','OSI Layer 8 to 16 - Incremental License',29,1,103096,'orderable',128,112,'http://www.supp-103096.com/cat/sw/p1794.html');
Insert into  PRODUCT_INFORMATION (PRODUCT_ID,PRODUCT_NAME,PRODUCT_DESCRIPTION,CATEGORY_ID,WEIGHT_CLASS,SUPPLIER_ID,PRODUCT_STATUS,LIST_PRICE,MIN_PRICE,CATALOG_URL) values (1825,'X25 - 1 Line License','X25 network access control system, single user',29,1,103093,'orderable',25,21,'http://www.supp-103093.com/cat/sw/p1825.html');
Insert into  PRODUCT_INFORMATION (PRODUCT_ID,PRODUCT_NAME,PRODUCT_DESCRIPTION,CATEGORY_ID,WEIGHT_CLASS,SUPPLIER_ID,PRODUCT_STATUS,LIST_PRICE,MIN_PRICE,CATALOG_URL) values (2004,'IC Browser - S','IC Web Browser for SPNIX. Browser with network mail capability.',29,1,103086,'orderable',90,80,'http://www.supp-103086.com/cat/sw/p2004.html');
Insert into  PRODUCT_INFORMATION (PRODUCT_ID,PRODUCT_NAME,PRODUCT_DESCRIPTION,CATEGORY_ID,WEIGHT_CLASS,SUPPLIER_ID,PRODUCT_STATUS,LIST_PRICE,MIN_PRICE,CATALOG_URL) values (2005,'IC Browser Doc - S','Documentation set for IC Web Browser for SPNIX. Includes Installation Manual, Mail Server Administration Guide, and User Quick Reference.',29,2,103086,'orderable',115,100,'http://www.supp-103086.com/cat/sw/p2005.html');
Insert into  PRODUCT_INFORMATION (PRODUCT_ID,PRODUCT_NAME,PRODUCT_DESCRIPTION,CATEGORY_ID,WEIGHT_CLASS,SUPPLIER_ID,PRODUCT_STATUS,LIST_PRICE,MIN_PRICE,CATALOG_URL) values (2416,'Client ISO CP - S','ISO Communication Package add-on license for additional SPNIX V4.0 client.',29,1,103088,'orderable',41,36,'http://www.supp-103088.com/cat/sw/p2416.html');
Insert into  PRODUCT_INFORMATION (PRODUCT_ID,PRODUCT_NAME,PRODUCT_DESCRIPTION,CATEGORY_ID,WEIGHT_CLASS,SUPPLIER_ID,PRODUCT_STATUS,LIST_PRICE,MIN_PRICE,CATALOG_URL) values (2417,'Client ISO CP - V','ISO Communication Package add-on license for additional Vision client.',29,1,103088,'orderable',33,27,'http://www.supp-103088.com/cat/sw/p2417.html');
Insert into  PRODUCT_INFORMATION (PRODUCT_ID,PRODUCT_NAME,PRODUCT_DESCRIPTION,CATEGORY_ID,WEIGHT_CLASS,SUPPLIER_ID,PRODUCT_STATUS,LIST_PRICE,MIN_PRICE,CATALOG_URL) values (2449,'OSI 1-4/IL','OSI Layer 1 to 4 - Incremental License',29,1,103088,'orderable',83,72,'http://www.supp-103088.com/cat/sw/p2449.html');
Insert into  PRODUCT_INFORMATION (PRODUCT_ID,PRODUCT_NAME,PRODUCT_DESCRIPTION,CATEGORY_ID,WEIGHT_CLASS,SUPPLIER_ID,PRODUCT_STATUS,LIST_PRICE,MIN_PRICE,CATALOG_URL) values (3101,'IC Browser - V','IC Web Browser for Vision with manual. Browser with network mail capability.',29,2,103086,'orderable',75,67,'http://www.supp-103086.com/cat/sw/p3101.html');
Insert into  PRODUCT_INFORMATION (PRODUCT_ID,PRODUCT_NAME,PRODUCT_DESCRIPTION,CATEGORY_ID,WEIGHT_CLASS,SUPPLIER_ID,PRODUCT_STATUS,LIST_PRICE,MIN_PRICE,CATALOG_URL) values (3170,'Smart Suite - V/SP','Office Suite (SmartWrite, SmartArt, SmartSpread, SmartBrowse) for Vision. Spanish language software and user manuals.',29,2,103089,'orderable',161,132,'http://www.supp-103089.com/cat/sw/p3170.html');
Insert into  PRODUCT_INFORMATION (PRODUCT_ID,PRODUCT_NAME,PRODUCT_DESCRIPTION,CATEGORY_ID,WEIGHT_CLASS,SUPPLIER_ID,PRODUCT_STATUS,LIST_PRICE,MIN_PRICE,CATALOG_URL) values (3171,'Smart Suite - S3.3/EN','Office Suite (SmartWrite, SmartArt, SmartSpread, SmartBrowse) for SPNIX Version 3.3. English language software and user manuals.',29,2,103089,'orderable',148,120,'http://www.supp-103089.com/cat/sw/p3171.html');
Insert into  PRODUCT_INFORMATION (PRODUCT_ID,PRODUCT_NAME,PRODUCT_DESCRIPTION,CATEGORY_ID,WEIGHT_CLASS,SUPPLIER_ID,PRODUCT_STATUS,LIST_PRICE,MIN_PRICE,CATALOG_URL) values (3172,'Graphics - DIK+','Software Kit Graphics: Draw-It Kwik-Plus. Includes extensive clip art files and advanced drawing tools for 3-D object manipulation, variable shading, and extended character fonts.',29,1,103094,'orderable',42,34,'http://www.supp-103094.com/cat/sw/p3172.html');
Insert into  PRODUCT_INFORMATION (PRODUCT_ID,PRODUCT_NAME,PRODUCT_DESCRIPTION,CATEGORY_ID,WEIGHT_CLASS,SUPPLIER_ID,PRODUCT_STATUS,LIST_PRICE,MIN_PRICE,CATALOG_URL) values (3173,'Graphics - SA','Software Kit Graphics: SmartArt. Professional graphics package for SPNIX with multiple line styles, textures, built-in shapes and common symbols.',29,1,103094,'orderable',86,72,'http://www.supp-103094.com/cat/sw/p3173.html');
Insert into  PRODUCT_INFORMATION (PRODUCT_ID,PRODUCT_NAME,PRODUCT_DESCRIPTION,CATEGORY_ID,WEIGHT_CLASS,SUPPLIER_ID,PRODUCT_STATUS,LIST_PRICE,MIN_PRICE,CATALOG_URL) values (3175,'Project Management - S4.0','Project Management Software, for SPNIX V4.0. Software includes command line and graphical interface with text, graphic, spreadsheet, and customizable report formats.',29,1,103089,'orderable',37,32,'http://www.supp-103089.com/cat/sw/p3175.html');
Insert into  PRODUCT_INFORMATION (PRODUCT_ID,PRODUCT_NAME,PRODUCT_DESCRIPTION,CATEGORY_ID,WEIGHT_CLASS,SUPPLIER_ID,PRODUCT_STATUS,LIST_PRICE,MIN_PRICE,CATALOG_URL) values (3176,'Smart Suite - V/EN','Office Suite (SmartWrite, SmartArt, SmartSpread, SmartBrowse) for Vision. English language software and user manuals.',29,2,103089,'orderable',120,103,'http://www.supp-103089.com/cat/sw/p3176.html');
Insert into  PRODUCT_INFORMATION (PRODUCT_ID,PRODUCT_NAME,PRODUCT_DESCRIPTION,CATEGORY_ID,WEIGHT_CLASS,SUPPLIER_ID,PRODUCT_STATUS,LIST_PRICE,MIN_PRICE,CATALOG_URL) values (3177,'Smart Suite - V/FR','Office Suite (SmartWrite, SmartArt, SmartSpread, SmartBrowse) for Vision. French language software and user manuals.',29,2,103089,'orderable',120,102,'http://www.supp-103089.com/cat/sw/p3177.html');
Insert into  PRODUCT_INFORMATION (PRODUCT_ID,PRODUCT_NAME,PRODUCT_DESCRIPTION,CATEGORY_ID,WEIGHT_CLASS,SUPPLIER_ID,PRODUCT_STATUS,LIST_PRICE,MIN_PRICE,CATALOG_URL) values (3245,'Smart Suite - S4.0/FR','Office Suite (SmartWrite, SmartArt, SmartSpread, SmartBrowse) for SPNIX V4.0. French language software and user manuals.',29,2,103089,'orderable',222,195,'http://www.supp-103089.com/cat/sw/p3245.html');
Insert into  PRODUCT_INFORMATION (PRODUCT_ID,PRODUCT_NAME,PRODUCT_DESCRIPTION,CATEGORY_ID,WEIGHT_CLASS,SUPPLIER_ID,PRODUCT_STATUS,LIST_PRICE,MIN_PRICE,CATALOG_URL) values (3246,'Smart Suite - S4.0/SP','Office Suite (SmartWrite, SmartArt, SmartSpread, SmartBrowse) for SPNIX V4.0. Spanish language software and user manuals.',29,2,103089,'orderable',222,193,'http://www.supp-103089.com/cat/sw/p3246.html');
Insert into  PRODUCT_INFORMATION (PRODUCT_ID,PRODUCT_NAME,PRODUCT_DESCRIPTION,CATEGORY_ID,WEIGHT_CLASS,SUPPLIER_ID,PRODUCT_STATUS,LIST_PRICE,MIN_PRICE,CATALOG_URL) values (3247,'Smart Suite - V/DE','Office Suite (SmartWrite, SmartArt, SmartSpread, SmartBrowse) for Vision. German language software and user manuals.',29,2,103089,'orderable',120,96,'http://www.supp-103089.com/cat/sw/p3247.html');
Insert into  PRODUCT_INFORMATION (PRODUCT_ID,PRODUCT_NAME,PRODUCT_DESCRIPTION,CATEGORY_ID,WEIGHT_CLASS,SUPPLIER_ID,PRODUCT_STATUS,LIST_PRICE,MIN_PRICE,CATALOG_URL) values (3248,'Smart Suite - S4.0/DE','Office Suite (SmartWrite, SmartArt, SmartSpread, SmartBrowse) for SPNIX V4.0. German language software and user manuals.',29,2,103089,'orderable',222,193,'http://www.supp-103089.com/cat/sw/p3248.html');
Insert into  PRODUCT_INFORMATION (PRODUCT_ID,PRODUCT_NAME,PRODUCT_DESCRIPTION,CATEGORY_ID,WEIGHT_CLASS,SUPPLIER_ID,PRODUCT_STATUS,LIST_PRICE,MIN_PRICE,CATALOG_URL) values (3250,'Graphics - DIK','Software Kit Graphics: Draw-It Kwik. Simple graphics package for Vision systems, with options to save in GIF, JPG, and BMP formats.',29,1,103083,'orderable',28,24,'http://www.supp-103083.com/cat/sw/p3250.html');
Insert into  PRODUCT_INFORMATION (PRODUCT_ID,PRODUCT_NAME,PRODUCT_DESCRIPTION,CATEGORY_ID,WEIGHT_CLASS,SUPPLIER_ID,PRODUCT_STATUS,LIST_PRICE,MIN_PRICE,CATALOG_URL) values (3251,'Project Management - V','Project Management Software, for Vision. Software includes command line and graphical interface with text, graphic, spreadsheet, and customizable report formats.',29,1,103093,'orderable',31,26,'http://www.supp-103093.com/cat/sw/p3251.html');
Insert into  PRODUCT_INFORMATION (PRODUCT_ID,PRODUCT_NAME,PRODUCT_DESCRIPTION,CATEGORY_ID,WEIGHT_CLASS,SUPPLIER_ID,PRODUCT_STATUS,LIST_PRICE,MIN_PRICE,CATALOG_URL) values (3252,'Project Management - S3.3','Project Management Software, for SPNIX V3.3. Software includes command line and graphical interface with text, graphic, spreadsheet, and customizable report formats.',29,1,103093,'orderable',26,23,'http://www.supp-103093.com/cat/sw/p3252.html');
Insert into  PRODUCT_INFORMATION (PRODUCT_ID,PRODUCT_NAME,PRODUCT_DESCRIPTION,CATEGORY_ID,WEIGHT_CLASS,SUPPLIER_ID,PRODUCT_STATUS,LIST_PRICE,MIN_PRICE,CATALOG_URL) values (3253,'Smart Suite - S4.0/EN','Office Suite (SmartWrite, SmartArt, SmartSpread, SmartBrowse) for SPNIX V4.0. English language software and user manuals.',29,2,103089,'orderable',222,188,'http://www.supp-103089.com/cat/sw/p3253.html');
Insert into  PRODUCT_INFORMATION (PRODUCT_ID,PRODUCT_NAME,PRODUCT_DESCRIPTION,CATEGORY_ID,WEIGHT_CLASS,SUPPLIER_ID,PRODUCT_STATUS,LIST_PRICE,MIN_PRICE,CATALOG_URL) values (3257,'Web Browser - SB/S 2.1','Software Kit Web Browser: SmartBrowse V2.1 for SPNIX V3.3. Includes context sensitive help files and online documentation.',29,1,103082,'orderable',66,58,'http://www.supp-103082.com/cat/sw/p3257.html');
Insert into  PRODUCT_INFORMATION (PRODUCT_ID,PRODUCT_NAME,PRODUCT_DESCRIPTION,CATEGORY_ID,WEIGHT_CLASS,SUPPLIER_ID,PRODUCT_STATUS,LIST_PRICE,MIN_PRICE,CATALOG_URL) values (3258,'Web Browser - SB/V 1.0','Software Kit Web Browser: SmartBrowse V2.1 for Vision. Includes context sensitive help files and online documentation.',29,1,103082,'orderable',80,70,'http://www.supp-103082.com/cat/sw/p3258.html');
Insert into  PRODUCT_INFORMATION (PRODUCT_ID,PRODUCT_NAME,PRODUCT_DESCRIPTION,CATEGORY_ID,WEIGHT_CLASS,SUPPLIER_ID,PRODUCT_STATUS,LIST_PRICE,MIN_PRICE,CATALOG_URL) values (3362,'Web Browser - SB/S 4.0','Software Kit Web Browser: SmartBrowse V4.0 for SPNIX V4.0. Includes context sensitive help files and online documentation.',29,1,103082,'orderable',99,81,'http://www.supp-103082.com/cat/sw/p3362.html');
Insert into  PRODUCT_INFORMATION (PRODUCT_ID,PRODUCT_NAME,PRODUCT_DESCRIPTION,CATEGORY_ID,WEIGHT_CLASS,SUPPLIER_ID,PRODUCT_STATUS,LIST_PRICE,MIN_PRICE,CATALOG_URL) values (2231,'Desk - S/V','Standard-sized desk; capitalizable, taxable item. Final finish is from veneer in stock at time of order, including oak, ash, cherry, and mahogany.',31,5,103082,'orderable',2510,2114,'http://www.supp-103082.com/cat/off/p2231.html');
Insert into  PRODUCT_INFORMATION (PRODUCT_ID,PRODUCT_NAME,PRODUCT_DESCRIPTION,CATEGORY_ID,WEIGHT_CLASS,SUPPLIER_ID,PRODUCT_STATUS,LIST_PRICE,MIN_PRICE,CATALOG_URL) values (2335,'Mobile phone','Dual band mobile phone with low battery consumption. Lightweight, foldable, with socket for single earphone and spare battery compartment.',31,1,103088,'orderable',100,83,'http://www.supp-103088.com/cat/off/p2335.html');
Insert into  PRODUCT_INFORMATION (PRODUCT_ID,PRODUCT_NAME,PRODUCT_DESCRIPTION,CATEGORY_ID,WEIGHT_CLASS,SUPPLIER_ID,PRODUCT_STATUS,LIST_PRICE,MIN_PRICE,CATALOG_URL) values (2350,'Desk - W/48','Desk - 48 inch white laminate without return; capitalizable, taxable item.',31,5,103082,'orderable',2500,2129,'http://www.supp-103082.com/cat/off/p2350.html');
Insert into  PRODUCT_INFORMATION (PRODUCT_ID,PRODUCT_NAME,PRODUCT_DESCRIPTION,CATEGORY_ID,WEIGHT_CLASS,SUPPLIER_ID,PRODUCT_STATUS,LIST_PRICE,MIN_PRICE,CATALOG_URL) values (2351,'Desk - W/48/R','Desk - 60 inch white laminate with 48 inch return; capitalizable, taxable item.',31,5,103082,'orderable',2900,2386,'http://www.supp-103082.com/cat/off/p2351.html');
Insert into  PRODUCT_INFORMATION (PRODUCT_ID,PRODUCT_NAME,PRODUCT_DESCRIPTION,CATEGORY_ID,WEIGHT_CLASS,SUPPLIER_ID,PRODUCT_STATUS,LIST_PRICE,MIN_PRICE,CATALOG_URL) values (2779,'Desk - OS/O/F','Executive-style oversized oak desk with file drawers. Final finish is customizable when ordered, light or dark oak stain, or natural hand rubbed clear.',31,5,103082,'orderable',3980,3347,'http://www.supp-103082.com/cat/off/p2779.html');
Insert into  PRODUCT_INFORMATION (PRODUCT_ID,PRODUCT_NAME,PRODUCT_DESCRIPTION,CATEGORY_ID,WEIGHT_CLASS,SUPPLIER_ID,PRODUCT_STATUS,LIST_PRICE,MIN_PRICE,CATALOG_URL) values (3337,'Mobile Web Phone','Mobile phone including monthly fee for Web access. Slimline shape with leather-look carrying case and belt clip.',31,2,103088,'orderable',800,666,'http://www.supp-103088.com/cat/off/p3337.html');
Insert into  PRODUCT_INFORMATION (PRODUCT_ID,PRODUCT_NAME,PRODUCT_DESCRIPTION,CATEGORY_ID,WEIGHT_CLASS,SUPPLIER_ID,PRODUCT_STATUS,LIST_PRICE,MIN_PRICE,CATALOG_URL) values (2091,'Paper Tablet LW 8 1/2 x 11','Paper tablet, lined, white, size 8 1/2 x 11 inch',32,1,103095,'orderable',1,0,'http://www.supp-103095.com/cat/off/p2091.html');
Insert into  PRODUCT_INFORMATION (PRODUCT_ID,PRODUCT_NAME,PRODUCT_DESCRIPTION,CATEGORY_ID,WEIGHT_CLASS,SUPPLIER_ID,PRODUCT_STATUS,LIST_PRICE,MIN_PRICE,CATALOG_URL) values (2093,'Pens - 10/FP','Permanent ink pen dries quickly and is smear resistant. Provides smooth, skip-free writing. Fine point. Single color boxes (black, blue, red) or assorted box (6 black, 3 blue, and 1 red).',32,1,103090,'orderable',8,7,'http://www.supp-103090.com/cat/off/p2093.html');
Insert into  PRODUCT_INFORMATION (PRODUCT_ID,PRODUCT_NAME,PRODUCT_DESCRIPTION,CATEGORY_ID,WEIGHT_CLASS,SUPPLIER_ID,PRODUCT_STATUS,LIST_PRICE,MIN_PRICE,CATALOG_URL) values (2144,'Card Organizer Cover','Replacement cover for desk top style business card holder. Smoke grey (original color) or clear plastic.',32,1,103094,'orderable',18,14,'http://www.supp-103094.com/cat/off/p2144.html');
Insert into  PRODUCT_INFORMATION (PRODUCT_ID,PRODUCT_NAME,PRODUCT_DESCRIPTION,CATEGORY_ID,WEIGHT_CLASS,SUPPLIER_ID,PRODUCT_STATUS,LIST_PRICE,MIN_PRICE,CATALOG_URL) values (2336,'Business Cards Box - 250','Business cards box, capacity 250. Use form BC110-2, Rev. 3/2000 (hardcopy or online) when ordering and complete all fields marked with an asterisk.',32,1,103091,'orderable',55,49,'http://www.supp-103091.com/cat/off/p2336.html');
Insert into  PRODUCT_INFORMATION (PRODUCT_ID,PRODUCT_NAME,PRODUCT_DESCRIPTION,CATEGORY_ID,WEIGHT_CLASS,SUPPLIER_ID,PRODUCT_STATUS,LIST_PRICE,MIN_PRICE,CATALOG_URL) values (2337,'Business Cards - 1000/2L','Business cards box, capacity 1000, 2-sided with different language on each side. Use form BC111-2, Rev. 12/1999 (hardcopy or online) when ordering - complete all fields marked with an asterisk and check box for second language (English is always on side 1).',32,1,103091,'orderable',300,246,'http://www.supp-103091.com/cat/off/p2337.html');
Insert into  PRODUCT_INFORMATION (PRODUCT_ID,PRODUCT_NAME,PRODUCT_DESCRIPTION,CATEGORY_ID,WEIGHT_CLASS,SUPPLIER_ID,PRODUCT_STATUS,LIST_PRICE,MIN_PRICE,CATALOG_URL) values (2339,'Paper - Std Printer','20 lb. 8.5x11 inch white laser printer paper (recycled), ten 500-sheet reams',32,3,103095,'orderable',25,21,'http://www.supp-103095.com/cat/off/p2339.html');
Insert into  PRODUCT_INFORMATION (PRODUCT_ID,PRODUCT_NAME,PRODUCT_DESCRIPTION,CATEGORY_ID,WEIGHT_CLASS,SUPPLIER_ID,PRODUCT_STATUS,LIST_PRICE,MIN_PRICE,CATALOG_URL) values (2536,'Business Cards - 250/2L','Business cards box, capacity 250, 2-sided with different language on each side. Use form BC111-2, Rev. 12/1999 (hardcopy or online) when ordering - complete all fields marked with an asterisk and check box for second language (English is always on side 1).',32,1,103091,'orderable',80,68,'http://www.supp-103091.com/cat/off/p2536.html');
Insert into  PRODUCT_INFORMATION (PRODUCT_ID,PRODUCT_NAME,PRODUCT_DESCRIPTION,CATEGORY_ID,WEIGHT_CLASS,SUPPLIER_ID,PRODUCT_STATUS,LIST_PRICE,MIN_PRICE,CATALOG_URL) values (2537,'Business Cards Box - 1000','Business cards box, capacity 1000. Use form BC110-3, Rev. 3/2000 (hardcopy or online) when ordering and complete all fields marked with an asterisk.',32,1,103091,'orderable',200,176,'http://www.supp-103091.com/cat/off/p2537.html');
Insert into  PRODUCT_INFORMATION (PRODUCT_ID,PRODUCT_NAME,PRODUCT_DESCRIPTION,CATEGORY_ID,WEIGHT_CLASS,SUPPLIER_ID,PRODUCT_STATUS,LIST_PRICE,MIN_PRICE,CATALOG_URL) values (2783,'Clips - Paper','World brand paper clips set the standard for quality.10 boxes with 100 clips each. #1 regular or jumbo, smooth or non-skid.',32,2,103080,'orderable',10,8,'http://www.supp-103080.com/cat/off/p2783.html');
Insert into  PRODUCT_INFORMATION (PRODUCT_ID,PRODUCT_NAME,PRODUCT_DESCRIPTION,CATEGORY_ID,WEIGHT_CLASS,SUPPLIER_ID,PRODUCT_STATUS,LIST_PRICE,MIN_PRICE,CATALOG_URL) values (2808,'Paper Tablet LY 8 1/2 x 11','Paper Tablet, Lined, Yellow, size 8 1/2 x 11 inch',32,1,103098,'orderable',1,0,'http://www.supp-103098.com/cat/off/p2808.html');
Insert into  PRODUCT_INFORMATION (PRODUCT_ID,PRODUCT_NAME,PRODUCT_DESCRIPTION,CATEGORY_ID,WEIGHT_CLASS,SUPPLIER_ID,PRODUCT_STATUS,LIST_PRICE,MIN_PRICE,CATALOG_URL) values (2810,'Inkvisible Pens','Rollerball pen is equipped with a smooth precision tip. See-through rubber grip allows for a visible ink supply and comfortable writing. 4-pack with 1 each, black, blue, red, green.',32,1,103095,'orderable',6,4,'http://www.supp-103095.com/cat/off/p2810.html');
Insert into  PRODUCT_INFORMATION (PRODUCT_ID,PRODUCT_NAME,PRODUCT_DESCRIPTION,CATEGORY_ID,WEIGHT_CLASS,SUPPLIER_ID,PRODUCT_STATUS,LIST_PRICE,MIN_PRICE,CATALOG_URL) values (2870,'Pencil - Mech','Ergonomically designed mechanical pencil for improved writing comfort. Refillable erasers and leads. Available in three lead sizes: .5mm (fine); .7mm (medium); and .9mm (thick).',32,1,103097,'orderable',5,4,'http://www.supp-103097.com/cat/off/p2870.html');
Insert into  PRODUCT_INFORMATION (PRODUCT_ID,PRODUCT_NAME,PRODUCT_DESCRIPTION,CATEGORY_ID,WEIGHT_CLASS,SUPPLIER_ID,PRODUCT_STATUS,LIST_PRICE,MIN_PRICE,CATALOG_URL) values (3051,'Pens - 10/MP','Permanent ink pen dries quickly and is smear resistant. Provides smooth, skip-free writing. Medium point. Single color boxes (black, blue, red) or assorted box (6 black, 3 blue, and 1 red).',32,1,103097,'orderable',12,10,'http://www.supp-103097.com/cat/off/p3051.html');
Insert into  PRODUCT_INFORMATION (PRODUCT_ID,PRODUCT_NAME,PRODUCT_DESCRIPTION,CATEGORY_ID,WEIGHT_CLASS,SUPPLIER_ID,PRODUCT_STATUS,LIST_PRICE,MIN_PRICE,CATALOG_URL) values (3150,'Card Holder - 25','Card Holder; heavy plastic business card holder with embossed corporate logo. Holds about 25 of your business cards, depending on card thickness.',32,1,103089,'orderable',18,15,'http://www.supp-103089.com/cat/off/p3150.html');
Insert into  PRODUCT_INFORMATION (PRODUCT_ID,PRODUCT_NAME,PRODUCT_DESCRIPTION,CATEGORY_ID,WEIGHT_CLASS,SUPPLIER_ID,PRODUCT_STATUS,LIST_PRICE,MIN_PRICE,CATALOG_URL) values (3208,'Pencils - Wood','Box of 2 dozen wooden pencils. Specify lead type when ordering: 2H (double hard), H (hard), HB (hard black), B (soft black).',32,1,103097,'orderable',2,1,'http://www.supp-103097.com/cat/off/p3208.html');
Insert into  PRODUCT_INFORMATION (PRODUCT_ID,PRODUCT_NAME,PRODUCT_DESCRIPTION,CATEGORY_ID,WEIGHT_CLASS,SUPPLIER_ID,PRODUCT_STATUS,LIST_PRICE,MIN_PRICE,CATALOG_URL) values (3209,'Sharpener - Pencil','Electric Pencil Sharpener Rugged steel cutters for long life. PencilSaver helps prevent over-sharpening. Non-skid rubber feet. Built-in pencil holder.',32,2,103096,'orderable',13,11,'http://www.supp-103096.com/cat/off/p3209.html');
Insert into  PRODUCT_INFORMATION (PRODUCT_ID,PRODUCT_NAME,PRODUCT_DESCRIPTION,CATEGORY_ID,WEIGHT_CLASS,SUPPLIER_ID,PRODUCT_STATUS,LIST_PRICE,MIN_PRICE,CATALOG_URL) values (3224,'Card Organizer - 250','Portable holder for organizing business cards, capacity 250. Booklet style with slip in, transparent pockets for business cards. Optional alphabet tabs. Specify cover color when ordering (dark brown, beige, burgundy, black, and light grey).',32,1,103095,'orderable',32,28,'http://www.supp-103095.com/cat/off/p3224.html');
Insert into  PRODUCT_INFORMATION (PRODUCT_ID,PRODUCT_NAME,PRODUCT_DESCRIPTION,CATEGORY_ID,WEIGHT_CLASS,SUPPLIER_ID,PRODUCT_STATUS,LIST_PRICE,MIN_PRICE,CATALOG_URL) values (3225,'Card Organizer - 1000','Holder for organizing business cards with alphabet dividers; capacity 1000. Desk top style with smoke grey cover and black base. Lid is removable for storing inside drawer.',32,1,103095,'orderable',47,39,'http://www.supp-103095.com/cat/off/p3225.html');
Insert into  PRODUCT_INFORMATION (PRODUCT_ID,PRODUCT_NAME,PRODUCT_DESCRIPTION,CATEGORY_ID,WEIGHT_CLASS,SUPPLIER_ID,PRODUCT_STATUS,LIST_PRICE,MIN_PRICE,CATALOG_URL) values (3511,'Paper - HQ Printer','Quality paper for inkjet and laser printers tested to resist printer jams. Acid free for archival purposes. 22lb. weight with brightness of 92. Size: 8 1/2 x 11. Single 500-sheet ream.',32,2,103080,'orderable',9,7,'http://www.supp-103080.com/cat/off/p3511.html');
commit;
REM INSERTING into  REGIONS
SET DEFINE OFF;
Insert into  REGIONS (REGION_ID,REGION_NAME) values (1,'Europe');
Insert into  REGIONS (REGION_ID,REGION_NAME) values (2,'Americas');
Insert into  REGIONS (REGION_ID,REGION_NAME) values (3,'Asia');
Insert into  REGIONS (REGION_ID,REGION_NAME) values (4,'Middle East and Africa');
commit;
--------------------------------------------------------
--  DDL for Index PRODUCT_INFORMATION_PK
--------------------------------------------------------

  CREATE UNIQUE INDEX  "PRODUCT_INFORMATION_PK" ON  "PRODUCT_INFORMATION" ("PRODUCT_ID") 
  ;
--------------------------------------------------------
--  DDL for Index ORDER_PK
--------------------------------------------------------

  CREATE UNIQUE INDEX  "ORDER_PK" ON  "ORDERS" ("ORDER_ID") 
  ;
--------------------------------------------------------
--  DDL for Index JHIST_EMP_ID_ST_DATE_PK
--------------------------------------------------------

  CREATE UNIQUE INDEX  "JHIST_EMP_ID_ST_DATE_PK" ON  "JOB_HISTORY" ("EMPLOYEE_ID", "START_DATE") 
  ;
--------------------------------------------------------
--  DDL for Index COUNTRY_C_ID_PK
--------------------------------------------------------

  CREATE UNIQUE INDEX  "COUNTRY_C_ID_PK" ON  "COUNTRIES" ("COUNTRY_ID") 
  ;
--------------------------------------------------------
--  DDL for Index LOC_ID_PK
--------------------------------------------------------

  CREATE UNIQUE INDEX  "LOC_ID_PK" ON  "LOCATIONS" ("LOCATION_ID") 
  ;
--------------------------------------------------------
--  DDL for Index CUSTOMERS_PK
--------------------------------------------------------

  CREATE UNIQUE INDEX  "CUSTOMERS_PK" ON  "CUSTOMERS" ("CUSTOMER_ID") 
  ;
--------------------------------------------------------
--  DDL for Index ORDER_ITEMS_UK
--------------------------------------------------------

  CREATE UNIQUE INDEX  "ORDER_ITEMS_UK" ON  "ORDER_ITEMS" ("ORDER_ID", "PRODUCT_ID") 
  ;
--------------------------------------------------------
--  DDL for Index REG_ID_PK
--------------------------------------------------------

  CREATE UNIQUE INDEX  "REG_ID_PK" ON  "REGIONS" ("REGION_ID") 
  ;
--------------------------------------------------------
--  DDL for Index EMP_EMP_ID_PK
--------------------------------------------------------

  CREATE UNIQUE INDEX  "EMP_EMP_ID_PK" ON  "EMPLOYEES" ("EMPLOYEE_ID") 
  ;
--------------------------------------------------------
--  DDL for Index JOB_ID_PK
--------------------------------------------------------

  CREATE UNIQUE INDEX  "JOB_ID_PK" ON  "JOBS" ("JOB_ID") 
  ;
--------------------------------------------------------
--  DDL for Index EMP_EMAIL_UK
--------------------------------------------------------

  CREATE UNIQUE INDEX  "EMP_EMAIL_UK" ON  "EMPLOYEES" ("EMAIL") 
  ;
--------------------------------------------------------
--  DDL for Index ORDER_ITEMS_PK
--------------------------------------------------------

  CREATE UNIQUE INDEX  "ORDER_ITEMS_PK" ON  "ORDER_ITEMS" ("ORDER_ID", "LINE_ITEM_ID") 
  ;
--------------------------------------------------------
--  DDL for Index DEPT_ID_PK
--------------------------------------------------------

  CREATE UNIQUE INDEX  "DEPT_ID_PK" ON  "DEPARTMENTS" ("DEPARTMENT_ID") 
  ;
--------------------------------------------------------
--  Constraints for Table JOBS
--------------------------------------------------------

  ALTER TABLE  "JOBS" ADD CONSTRAINT "JOB_ID_PK" PRIMARY KEY ("JOB_ID") ENABLE;
 
  ALTER TABLE  "JOBS" MODIFY ("JOB_TITLE" CONSTRAINT "JOB_TITLE_NN" NOT NULL ENABLE);
--------------------------------------------------------
--  Constraints for Table REGIONS
--------------------------------------------------------

  ALTER TABLE  "REGIONS" MODIFY ("REGION_ID" CONSTRAINT "REGION_ID_NN" NOT NULL ENABLE);
 
  ALTER TABLE  "REGIONS" ADD CONSTRAINT "REG_ID_PK" PRIMARY KEY ("REGION_ID") ENABLE;
--------------------------------------------------------
--  Constraints for Table DEPARTMENTS
--------------------------------------------------------

  ALTER TABLE  "DEPARTMENTS" ADD CONSTRAINT "DEPT_ID_PK" PRIMARY KEY ("DEPARTMENT_ID") ENABLE;
 
  ALTER TABLE  "DEPARTMENTS" MODIFY ("DEPARTMENT_NAME" CONSTRAINT "DEPT_NAME_NN" NOT NULL ENABLE);
--------------------------------------------------------
--  Constraints for Table EMPLOYEES
--------------------------------------------------------

  ALTER TABLE  "EMPLOYEES" MODIFY ("EMAIL" CONSTRAINT "EMP_EMAIL_NN" NOT NULL ENABLE);
 
  ALTER TABLE  "EMPLOYEES" ADD CONSTRAINT "EMP_EMAIL_UK" UNIQUE ("EMAIL") ENABLE;
 
  ALTER TABLE  "EMPLOYEES" ADD CONSTRAINT "EMP_EMP_ID_PK" PRIMARY KEY ("EMPLOYEE_ID") ENABLE;
 
  ALTER TABLE  "EMPLOYEES" MODIFY ("HIRE_DATE" CONSTRAINT "EMP_HIRE_DATE_NN" NOT NULL ENABLE);
 
  ALTER TABLE  "EMPLOYEES" MODIFY ("JOB_ID" CONSTRAINT "EMP_JOB_NN" NOT NULL ENABLE);
 
  ALTER TABLE  "EMPLOYEES" MODIFY ("LAST_NAME" CONSTRAINT "EMP_LAST_NAME_NN" NOT NULL ENABLE);
 
  ALTER TABLE  "EMPLOYEES" ADD CONSTRAINT "EMP_SALARY_MIN" CHECK (salary > 0) ENABLE;
--------------------------------------------------------
--  Constraints for Table ORDER_ITEMS
--------------------------------------------------------

  ALTER TABLE  "ORDER_ITEMS" ADD CONSTRAINT "ORDER_ITEMS_PK" PRIMARY KEY ("ORDER_ID", "LINE_ITEM_ID") ENABLE;
 
  ALTER TABLE  "ORDER_ITEMS" MODIFY ("LINE_ITEM_ID" NOT NULL ENABLE);
 
  ALTER TABLE  "ORDER_ITEMS" MODIFY ("PRODUCT_ID" NOT NULL ENABLE);
--------------------------------------------------------
--  Constraints for Table PRODUCT_INFORMATION
--------------------------------------------------------

  ALTER TABLE  "PRODUCT_INFORMATION" ADD CONSTRAINT "PRODUCT_INFORMATION_PK" PRIMARY KEY ("PRODUCT_ID") ENABLE;
 
  ALTER TABLE  "PRODUCT_INFORMATION" ADD CONSTRAINT "PRODUCT_STATUS_LOV" CHECK (product_status in ('orderable'
                                                  ,'planned'
                                                  ,'under development'
                                                  ,'obsolete')
                               ) ENABLE;
--------------------------------------------------------
--  Constraints for Table CUSTOMERS
--------------------------------------------------------

  ALTER TABLE  "CUSTOMERS" ADD CONSTRAINT "CUSTOMERS_PK" PRIMARY KEY ("CUSTOMER_ID") ENABLE;
 
  ALTER TABLE  "CUSTOMERS" ADD CONSTRAINT "CUSTOMER_CREDIT_LIMIT_MAX" CHECK (credit_limit <= 750000) ENABLE;
 
  ALTER TABLE  "CUSTOMERS" ADD CONSTRAINT "CUSTOMER_ID_MIN" CHECK (customer_id > 0) ENABLE;
 
  ALTER TABLE  "CUSTOMERS" MODIFY ("CUST_FIRST_NAME" CONSTRAINT "CUST_FNAME_NN" NOT NULL ENABLE);
 
  ALTER TABLE  "CUSTOMERS" MODIFY ("CUST_LAST_NAME" CONSTRAINT "CUST_LNAME_NN" NOT NULL ENABLE);
--------------------------------------------------------
--  Constraints for Table COUNTRIES
--------------------------------------------------------

  ALTER TABLE  "COUNTRIES" ADD CONSTRAINT "COUNTRY_C_ID_PK" PRIMARY KEY ("COUNTRY_ID") ENABLE;
 
  ALTER TABLE  "COUNTRIES" MODIFY ("COUNTRY_ID" CONSTRAINT "COUNTRY_ID_NN" NOT NULL ENABLE);
--------------------------------------------------------
--  Constraints for Table JOB_HISTORY
--------------------------------------------------------

  ALTER TABLE  "JOB_HISTORY" ADD CONSTRAINT "JHIST_DATE_INTERVAL" CHECK (end_date > start_date) ENABLE;
 
  ALTER TABLE  "JOB_HISTORY" MODIFY ("EMPLOYEE_ID" CONSTRAINT "JHIST_EMPLOYEE_NN" NOT NULL ENABLE);
 
  ALTER TABLE  "JOB_HISTORY" ADD CONSTRAINT "JHIST_EMP_ID_ST_DATE_PK" PRIMARY KEY ("EMPLOYEE_ID", "START_DATE") ENABLE;
 
  ALTER TABLE  "JOB_HISTORY" MODIFY ("END_DATE" CONSTRAINT "JHIST_END_DATE_NN" NOT NULL ENABLE);
 
  ALTER TABLE  "JOB_HISTORY" MODIFY ("JOB_ID" CONSTRAINT "JHIST_JOB_NN" NOT NULL ENABLE);
 
  ALTER TABLE  "JOB_HISTORY" MODIFY ("START_DATE" CONSTRAINT "JHIST_START_DATE_NN" NOT NULL ENABLE);
--------------------------------------------------------
--  Constraints for Table ORDERS
--------------------------------------------------------

  ALTER TABLE  "ORDERS" MODIFY ("CUSTOMER_ID" CONSTRAINT "ORDER_CUSTOMER_ID_NN" NOT NULL ENABLE);
 
  ALTER TABLE  "ORDERS" MODIFY ("ORDER_DATE" CONSTRAINT "ORDER_DATE_NN" NOT NULL ENABLE);
 
  ALTER TABLE  "ORDERS" ADD CONSTRAINT "ORDER_MODE_LOV" CHECK (order_mode in ('direct','online')) ENABLE;
 
  ALTER TABLE  "ORDERS" ADD CONSTRAINT "ORDER_PK" PRIMARY KEY ("ORDER_ID") ENABLE;
 
  ALTER TABLE  "ORDERS" ADD CONSTRAINT "ORDER_TOTAL_MIN" CHECK (order_total >= 0) ENABLE;
--------------------------------------------------------
--  Constraints for Table LOCATIONS
--------------------------------------------------------

  ALTER TABLE  "LOCATIONS" MODIFY ("CITY" CONSTRAINT "LOC_CITY_NN" NOT NULL ENABLE);
 
  ALTER TABLE  "LOCATIONS" ADD CONSTRAINT "LOC_ID_PK" PRIMARY KEY ("LOCATION_ID") ENABLE;
--------------------------------------------------------
--  Ref Constraints for Table COUNTRIES
--------------------------------------------------------

  ALTER TABLE  "COUNTRIES" ADD CONSTRAINT "COUNTR_REG_FK" FOREIGN KEY ("REGION_ID")
	  REFERENCES  "REGIONS" ("REGION_ID") ENABLE;
--------------------------------------------------------
--  Ref Constraints for Table DEPARTMENTS
--------------------------------------------------------

  ALTER TABLE  "DEPARTMENTS" ADD CONSTRAINT "DEPT_LOC_FK" FOREIGN KEY ("LOCATION_ID")
	  REFERENCES  "LOCATIONS" ("LOCATION_ID") ENABLE;
 
  ALTER TABLE  "DEPARTMENTS" ADD CONSTRAINT "DEPT_MGR_FK" FOREIGN KEY ("MANAGER_ID")
	  REFERENCES  "EMPLOYEES" ("EMPLOYEE_ID") ENABLE;
--------------------------------------------------------
--  Ref Constraints for Table EMPLOYEES
--------------------------------------------------------

  ALTER TABLE  "EMPLOYEES" ADD CONSTRAINT "EMP_DEPT_FK" FOREIGN KEY ("DEPARTMENT_ID")
	  REFERENCES  "DEPARTMENTS" ("DEPARTMENT_ID") ENABLE;
 
  ALTER TABLE  "EMPLOYEES" ADD CONSTRAINT "EMP_JOB_FK" FOREIGN KEY ("JOB_ID")
	  REFERENCES  "JOBS" ("JOB_ID") ENABLE;
 
  ALTER TABLE  "EMPLOYEES" ADD CONSTRAINT "EMP_MANAGER_FK" FOREIGN KEY ("MANAGER_ID")
	  REFERENCES  "EMPLOYEES" ("EMPLOYEE_ID") ENABLE;
--------------------------------------------------------
--  Ref Constraints for Table JOB_HISTORY
--------------------------------------------------------

  ALTER TABLE  "JOB_HISTORY" ADD CONSTRAINT "JHIST_DEPT_FK" FOREIGN KEY ("DEPARTMENT_ID")
	  REFERENCES  "DEPARTMENTS" ("DEPARTMENT_ID") ENABLE;
 
  ALTER TABLE  "JOB_HISTORY" ADD CONSTRAINT "JHIST_EMP_FK" FOREIGN KEY ("EMPLOYEE_ID")
	  REFERENCES  "EMPLOYEES" ("EMPLOYEE_ID") ENABLE;
 
  ALTER TABLE  "JOB_HISTORY" ADD CONSTRAINT "JHIST_JOB_FK" FOREIGN KEY ("JOB_ID")
	  REFERENCES  "JOBS" ("JOB_ID") ENABLE;
--------------------------------------------------------
--  Ref Constraints for Table LOCATIONS
--------------------------------------------------------

  ALTER TABLE  "LOCATIONS" ADD CONSTRAINT "LOC_C_ID_FK" FOREIGN KEY ("COUNTRY_ID")
	  REFERENCES  "COUNTRIES" ("COUNTRY_ID") ENABLE;
--------------------------------------------------------
--  Ref Constraints for Table ORDER_ITEMS
--------------------------------------------------------

  ALTER TABLE  "ORDER_ITEMS" ADD CONSTRAINT "ORDER_ITEMS_ORDER_ID_FK" FOREIGN KEY ("ORDER_ID")
	  REFERENCES  "ORDERS" ("ORDER_ID") ON DELETE CASCADE ENABLE NOVALIDATE;
 
  ALTER TABLE  "ORDER_ITEMS" ADD CONSTRAINT "ORDER_ITEMS_PRODUCT_ID_FK" FOREIGN KEY ("PRODUCT_ID")
	  REFERENCES  "PRODUCT_INFORMATION" ("PRODUCT_ID") ENABLE;
--------------------------------------------------------
--  Ref Constraints for Table ORDERS
--------------------------------------------------------

  ALTER TABLE  "ORDERS" ADD CONSTRAINT "ORDERS_CUSTOMER_ID_FK" FOREIGN KEY ("CUSTOMER_ID")
	  REFERENCES  "CUSTOMERS" ("CUSTOMER_ID") ON DELETE SET NULL ENABLE;
 
  ALTER TABLE  "ORDERS" ADD CONSTRAINT "ORDERS_SALES_REP_FK" FOREIGN KEY ("SALES_REP_ID")
	  REFERENCES  "EMPLOYEES" ("EMPLOYEE_ID") ON DELETE SET NULL ENABLE;
